file,source,what_it_is,coverage,data_type,status,processed_by,notes,checked_on
310101.xlsx,"ABS, National, state and territory population, Mar 2026 (released 17 Sep 2026)","Population change summary, Australia (births, deaths, NOM, ERP)","Quarterly, Jun 1981 to Mar 2026",Official; recent quarters preliminary,OK,build_population_tables.py,NOM year to Mar 2026 = 292.1k; FY2024-25 = 301.5k (Dec 2025 release said 305.6k: revised),2026-10-04
310102.xlsx,"ABS, same release",Components of population change by state (incl. NOM by state),"Quarterly, Jun 1981 to Mar 2026",Official; recent quarters preliminary,OK,build_population_tables.py,,2026-10-04
310104.xlsx,"ABS, same release",Estimated resident population by state and sex,"Quarterly, Jun 1981 to Mar 2026",Official,OK,build_population_tables.py,Use for per-person rates,2026-10-04
Graph 1.2 Overseas migrant arrivals - visa and citizenship groups(a).csv,"ABS, Overseas Migration 2024-25 (Dec 2025)","Arrivals by broad visa group, Australia",FY2014-15 to FY2024-25,Official; 2024-25 preliminary,Partial (superseded),,Full cube now in Time-series-spreadsheets-all.zip (34070DO004),2026-10-03
Graph 1.3 Overseas migrant departures - visa and citizenship groups(a).csv,"ABS, Overseas Migration 2024-25 (Dec 2025)","Departures by broad visa group, Australia",FY2014-15 to FY2024-25,Official; 2024-25 preliminary,Partial (superseded),,Full cube now in Time-series-spreadsheets-all.zip (34070DO004),2026-10-03
Table 3.2 Overseas migrant departures by visa and citizenship groups(a).csv,"ABS, Overseas Migration 2024-25 (Dec 2025)",Departures by detailed visa grouping,"2018-19, 2023-24, 2024-25 only",Official; 2024-25 preliminary,Partial (superseded),,Full cube now in Time-series-spreadsheets-all.zip (34070DO004),2026-10-03
HPDC1.xlsx,"ABS, Historical Population 2021 (16 Jul 2024)",Population size and growth; components of change,Population from 1788; components from 1971,Official,OK,build_population_tables.py,,2026-10-04
HPDC7.xlsx,"ABS, Historical Population 2021 (16 Jul 2024)",Net overseas migration by state; net overseas plus interstate migration,NOM from 1972; combined net migration from 1860,Official,OK,build_population_tables.py,Long-run history incl. 2020-21,2026-10-04
report-migration-program-2024-25.pdf,"Home Affairs, 2024-25 Migration Program Report","Permanent program outcomes by stream, state, occupation",2024-25,Official administrative,"OK, extracted to tidy/",build_migration_program_tables.py,"185,001 places; 54.6% granted to people in Australia. Tables 1.1, 1.2.2 to 1.2.10, 1.3.1, 2.5 and 2.9 to 2.12 extracted; citizenship tables deliberately not extracted",2026-10-04
temporary-visa-holders-in-australia-resources.csv,data.gov.au,Link to pivot table user guide only,n/a,n/a,Wrong file (superseded),,Replaced by the BP00xx xlsx files; safe to ignore,2026-10-03
temporary-work-skilled-visa-program-resources.csv,data.gov.au,Link to pivot table user guide only,n/a,n/a,Wrong file (superseded),,Replaced by the BP00xx xlsx files; safe to ignore,2026-10-03
student-visa-program-resources.csv,data.gov.au,Link to pivot table user guide only,n/a,n/a,Wrong file (superseded),,Replaced by the BP00xx xlsx files; safe to ignore,2026-10-03
employment_projections_-_may_2025_to_may_2035.xlsx,Jobs and Skills Australia (Victoria University model),"Employment projections by industry, occupation, skill level, state, industry group, 4-digit occupation",May 2025 base; May 2030 and May 2035,"Projection (trend-based, not a forecast)",OK,build_occupation_table.py; build_sector_tables.py,"Australia 14.70m (2025), 15.66m (2030), 16.66m (2035)",2026-10-04
2025 Occupation Shortage List - 6 digit ANZSCO and OSCA.xlsx,Jobs and Skills Australia,2025 OSL national and state ratings,2025,Official assessment,"OK, extracted to tidy/",build_shortage_list_tables.py,"OSCA sheet: 293 of 1,022 in shortage; ANZSCO 2022 sheet: 273 of 916 (both match JSA's headline)",2026-10-04
2025 Unit Group Shortage List - 4 digit ANZSCO.xlsx,Jobs and Skills Australia,2025 shortage ratings at 4-digit unit group,2025,Official assessment,OK,build_occupation_table.py; build_shortage_list_tables.py,103 of 311 unit groups in shortage nationally,2026-10-04
internet_vacancies_anzsco4_occupations_states_and_territories_-_august_2026.xlsx,"Jobs and Skills Australia, IVI",Online job ads by 4-digit occupation and state,"Monthly, Mar 2006 to Aug 2026",Official index from job board data,OK,build_occupation_table.py; build_job_ads_tables.py,3-month averages at 4-digit level. Full monthly history in tidy/jsa_ivi_occupation4_state_monthly.csv.gz,2026-10-04
internet_vacancies_anzsco_skill_level_states_and_territories_-_august_2026.xlsx,"Jobs and Skills Australia, IVI",Online job ads by skill level and state,"Monthly, Jan 2006 to Aug 2026",Official index,"OK, extracted to tidy/",build_job_ads_tables.py,Trend and seasonally adjusted sheets,2026-10-04
internet_vacancies_anzsco2_occupations_gccsa_and_sa4_regions_-_august_2026.xlsx,"Jobs and Skills Australia, IVI",Online job ads by 2-digit occupation and region,Monthly to Aug 2026,Official index,OK,build_region_tables.py,"Regional (SA4) job ads; regional SA4s only, capital cities are one region each",2026-10-04
ANZSCO Occupation data - February 2026.xlsx,"Jobs and Skills Australia, occupation profiles","Employment, median age, earnings, hours, industries by occupation",Feb 2026,"Official, JSA trend",OK,build_occupation_table.py; build_occupation_profile_tables.py,"Last ANZSCO-based edition; JSA said OSCA-based profiles would follow in mid-2026. All nine tables now tidy (tidy/jsa_anzsco_profiles_*). Unit groups use the Labour Force Survey, 6-digit occupations the 2021 Census, so the two levels do not add up",2026-10-04
industry_data_-_february_2026.xlsx,"Jobs and Skills Australia, industry profiles",Employment by industry incl. 20-year series,Feb 2026,"Official, JSA trend",OK,build_sector_tables.py,,2026-10-04
osca_occupation_data_-_2021_census.xlsx,Jobs and Skills Australia,Occupation profiles on the new OSCA classification,2021 Census,Official,"OK, extracted to tidy/",build_osca_tables.py,Bridge to OSCA. OSCA codes differ from ANZSCO codes; join only through the ABS correspondence,2026-10-04
MSODC01_2026.xlsx,"ABS, Migrant settlement outcomes, 2026 (released 22 Sep 2026)","Outcomes of permanent migrants by visa stream, years since arrival and state: citizenship, education, income, labour force, English, health, housing; total population for comparison",Census 2021; income 2023-24; health 2024,Official (ABS linked data),"OK, extracted to tidy/",build_settlement_outcomes_tables.py,"Employed (15-64): skilled 81.8%, family 68.2%, humanitarian 46.0%, total population 73.9%",2026-10-04
OSCA correspondence tables v2.xlsx,"ABS, OSCA 2024 v1.0","Correspondences between OSCA and ANZSCO v1.3, ANZSCO 2021, ANZSCO 2022, ISCO-08 and NOL",6-digit occupations,Official classification,"OK, extracted to tidy/",build_osca_classification_tables.py,'p' marks a partial match; ABS gives no proportions,2026-10-04
OSCA structure.xlsx,"ABS, OSCA 2024 v1.0",OSCA hierarchy with skill levels,"8 major groups to 1,156 occupations",Official classification,"OK, extracted to tidy/",build_osca_classification_tables.py,,2026-10-04
OSCA Category Descriptions.xlsx,"ABS, OSCA 2024 v1.0","Descriptions, tasks, licensing and skill levels for every OSCA category",All levels,Official classification,"OK, extracted to tidy/",build_osca_classification_tables.py,,2026-10-04
OSCA index of principal titles alternative titles and specialisations.xlsx,"ABS, OSCA 2024 v1.0",Every job title that maps to an OSCA occupation,"3,338 titles",Official classification,"OK, extracted to tidy/",build_osca_classification_tables.py,Useful for a job-title search box later,2026-10-04
Time-series-spreadsheets-all copy.zip,ABS,Duplicate download,,,Duplicate (safe to delete),,Byte-for-byte the same as Time-series-spreadsheets-all.zip,2026-10-04
2026-08_nero.zip,"Jobs and Skills Australia, NERO",Employment by 4-digit occupation and SA4 region,Monthly to Aug 2026,Model-based estimate (nowcast),OK,build_region_tables.py,"Unzips to a 373 MB CSV; read in chunks, no need to unzip",2026-10-04
2024_Section14_Award_Course_Completions.xlsx,Department of Education,Higher education award course completions,2015 to 2024,Official,"OK, extracted to tidy/",build_occupation_table.py,"Broad fields by domestic/overseas (14.3) and 7 special interest courses that map to jobs (14.19, 14.20: nursing, teacher education, medicine, vet, dentistry, clinical psychology, aviation). Special interest courses not split domestic/overseas. 2024 psychology figure affected by a reporting clean-up (note 8.11)",2026-10-04
Apprentices and trainees.xlsx,NCVER DataBuilder,"Commencements, Australia",12 months to Mar 2022 to Mar 2026,"Official, rounded to nearest 5",OK (subset),,Covered by file (4),2026-10-03
Apprentices and trainees (1).xlsx,NCVER DataBuilder,"Completions, Australia",12 months to Mar 2022 to Mar 2026,"Official, rounded to nearest 5",OK (subset),,Covered by file (5),2026-10-03
Apprentices and trainees (2).xlsx,NCVER DataBuilder,Commencements by state and 1-digit occupation,12 months to Mar 2022 to Mar 2026,"Official, rounded to nearest 5",OK (subset),,Covered by file (4),2026-10-03
Apprentices and trainees (3).xlsx,NCVER DataBuilder,Completions by state and 1-digit occupation,12 months to Mar 2022 to Mar 2026,"Official, rounded to nearest 5",OK (subset),,Covered by file (5),2026-10-03
Apprentices and trainees (4).xlsx,NCVER DataBuilder,Commencements by state and 4-digit occupation,12 months to Mar 2022 to Mar 2026,"Official, rounded to nearest 5",OK,build_occupation_table.py,Main commencements file; dash = nil or rounded to zero,2026-10-04
Apprentices and trainees (5).xlsx,NCVER DataBuilder,Completions by state and 4-digit occupation,12 months to Mar 2022 to Mar 2026,"Official, rounded to nearest 5",OK,build_occupation_table.py,Main completions file,2026-10-04
"Key national accounts aggregates, levels.csv","ABS, National Accounts Jun 2026 (2 Sep 2026)","GDP, GDP per capita and income levels",5 quarters only,Official,Partial (superseded),,Full series now in All_time_series_workbooks.zip,2026-10-03
"June quarter key figures, percentage changes (a).csv","ABS, National Accounts Jun 2026",Quarterly % changes incl. GDP per capita,5 quarters only,Official,Partial (superseded),,Full series now in All_time_series_workbooks.zip,2026-10-03
August key figures.csv,"ABS, Building Approvals Aug 2026 (30 Sep 2026)","Dwelling approvals, one month",Aug 2026 only,Official,Partial (superseded),,Full series now in Dwellings-approved.zip,2026-10-03
87520034.xlsx,"ABS, Building Activity Mar 2026 (8 Jul 2026)",Dwelling commencements by state and sector,"Quarterly, Sep 1969 to Mar 2026",Official,OK,build_housing_tables.py,States only; sum states for Australia,2026-10-04
87520038.xlsx,"ABS, Building Activity Mar 2026 (8 Jul 2026)",Dwelling completions by state and sector,"Quarterly, Sep 1969 to Mar 2026",Official,OK,build_housing_tables.py,States only; sum states for Australia,2026-10-04
may2026publicationspreadsheet.xlsx,"ONS, LTIM provisional, YE Dec 2025 (21 May 2026)","UK immigration, emigration, net migration",YE Jun 2012 to YE Dec 2025,Official statistics in development; provisional,OK,build_international_tables.py,"Net 171,000 YE Dec 2025 and 219,000 YE Jun 2025 (provisional). Used: Tables 1 and 2 (all nationalities) and Tables 4a + 4b summed by reason; nationality splits not used",2026-10-04
17100040-eng.zip,"Statistics Canada, table 17-10-0040-01","Components of international migration, quarterly",To Apr-Jun 2026,Official; preliminary recent quarters,OK,build_international_tables.py,"Net international migration = immigrants - net emigration + net non-permanent residents; 151,781 in the year to Jun 2026",2026-10-04
17100009-eng.zip,"Statistics Canada, table 17-10-0009-01","Population estimates, quarterly",To 1 Jul 2026,Official; preliminary,OK,build_international_tables.py,"41,798,407 at 1 Jul 2026",2026-10-04
NST-EST2025-ALLDATA.csv,"US Census Bureau, Vintage 2025","Population and components of change, US and states",2020 to 2025 (years to 1 July),Official estimate,OK,build_international_tables.py,"Net international migration 1,262,202 in year to Jul 2025",2026-10-04
API_NY.GDP.PCAP.KD_DS2_en_csv_v2_445765.zip,"World Bank, WDI","GDP per capita, constant US$, all countries",To 2025,International compilation of official data,OK,build_international_tables.py,"World Bank WDI, updated 13 Jul 2026; to 2025",2026-10-04
API_SP.POP.TOTL_DS2_en_csv_v2_446263.zip,"World Bank, WDI","Total population, all countries",To 2025,International compilation of official data,OK,build_international_tables.py,"World Bank WDI, updated 13 Jul 2026; to 2025",2026-10-04
All_time_series_workbooks.zip,"ABS, National Accounts Jun 2026 (2 Sep 2026)",All 45 national accounts time series workbooks incl. 5206001 Key Aggregates,Quarterly; GDP per capita SA Sep 1973 to Jun 2026,Official,OK,build_economy_tables.py,"Tables 1, 6, 25, 34 and 37 used; the other 40 are not needed. GDP per person (SA, chain volume) $24,971 in Jun qtr 2026: -0.1% in Mar qtr, 0.0% in Jun qtr, +0.7% through the year (matches ABS)",2026-10-04
Time-series-spreadsheets-all.zip,"ABS, Overseas Migration 2024-25 (19 Dec 2025)",Data cubes 34070DO001 to DO004,FY2004-05 to FY2024-25,Official; 2024-25 preliminary,OK (use DO004 only),build_population_tables.py,"DO004 = arrivals and departures by visa group, Australia and states; DO001 to DO003 are country-of-birth tables, not used",2026-10-04
ABS Graph 4.1 arrivals by age and sex 2024-25 (transcribed).csv,"ABS, Overseas Migration 2024-25, Graph 4.1 'Overseas migrant arrivals - age and sex' (data table read from the release page on 4 Oct 2026)","Overseas migrant arrivals by single year of age and sex, in thousands",2024-25,"Official data, transcribed",OK (transcribed; swap in the graph's own CSV download when convenient),build_scenario_model.py,"Checks against the ABS text: total 568,340 vs 568,370 (rounding), median age 26, most common age 23, 98 males per 100 females, all match. Departures by age are not on the release page",2026-10-04
Dwellings-approved.zip,"ABS, Building Approvals Aug 2026 (30 Sep 2026)",29 time series tables of dwelling approvals,Monthly to Aug 2026,Official,OK,build_housing_tables.py,"Tables 6, 7 and 9 used. Aug 2026 seasonally adjusted total 16,953 (-6.1%) matches the ABS release",2026-10-04
bp0019l-number-of-temporary-visa-holders-in-australia-at-2026-08-31-v100.xlsx,Home Affairs BP0019 via data.gov.au,"Temporary visa holders in Australia (stock) by visa category, subclass, applicant type","60 snapshots, Dec 2011 to Aug 2026",Official administrative,OK,visa_extraction/run_extraction.py,2.973m at 31 Mar 2026; 2.879m at 31 Aug 2026; 2017 range 1.91m (Jun) to 2.18m (Dec). Flat copy in tidy/,2026-10-04
bp0014l-temporary-resident-skilled-visa-holders-report-as-at-2026-06-30.xlsx,Home Affairs BP0014 via data.gov.au,"Temporary skilled visa holders by occupation, position location (state, SA4, SA3), sponsor industry",Quarterly snapshots Sep 2010 to Jun 2026,Official administrative,"OK, extracted to tidy/",visa_extraction/run_extraction.py,Pivot cache of 6.28 million records,2026-10-04
bp0014ltemporary-resident-skilled-visas-granted-report-at-2026-06-30.xlsx,Home Affairs BP0014 via data.gov.au,"Temporary skilled visa grants by occupation, location, industry, agreement type",FY2005-06 to Jun 2026,Official administrative,"OK, extracted to tidy/",visa_extraction/run_extraction.py,Pivot cache of 1.51 million records,2026-10-04
bp0015l-student-visa-grant-rates-locked-at-2025-08-31-v100.xlsx,Home Affairs BP0015 via data.gov.au,"Student visa decisions, grants, refusals and grant rates by sector and state",FY2005-06 to 31 Aug 2026,Official administrative,"OK, extracted to tidy/",visa_extraction/run_extraction.py,Filename says 2025 but data runs to 31 Aug 2026 (refreshed Sep 2026),2026-10-04
bp0015l-student-visas-granted-report-locked-at-2025-08-31-v100.xlsx,Home Affairs BP0015 via data.gov.au,"Student visa grants by sector, state, previous visa",FY2005-06 to 31 Aug 2026,Official administrative,"OK, extracted to tidy/",visa_extraction/run_extraction.py,"Filename year looks wrong, as above",2026-10-04
bp0015l-student-visas-lodged-report-locked-at-2025-08-31-v100.xlsx,Home Affairs BP0015 via data.gov.au,Student visa applications lodged,FY2005-06 to 31 Aug 2026,Official administrative,"OK, extracted to tidy/",visa_extraction/run_extraction.py,"Filename year looks wrong, as above",2026-10-04
bp0016l-temporary-graduate-visa-granted-report-locked-at-2026-08-31v100.xlsx,Home Affairs BP0016 via data.gov.au,Temporary Graduate (485) grants by stream,FY2007-08 to 31 Aug 2026,Official administrative,OK,visa_extraction/run_extraction.py,"2025-26: 144,063 grants (101,384 primary). Flat copy in tidy/",2026-10-04
bp0016l-temporary-graduate-visas-lodged-report-locked-at-2026-08-31-v100.xlsx,Home Affairs BP0016 via data.gov.au,Temporary Graduate (485) applications lodged,FY2007-08 to 31 Aug 2026,Official administrative,OK,visa_extraction/run_extraction.py,Flat copy in tidy/,2026-10-04
tidy/bp0019_temporary_visa_holders.csv,Derived from BP0019,"Flat table, citizenship summed out",Dec 2011 to Aug 2026,Derived,OK,visa_extraction/run_extraction.py,Citizenship summed out. Rebuilt byte-for-byte by the extraction kit (checked 4 Oct 2026),2026-10-04
tidy/bp0016_temporary_graduate_granted.csv,Derived from BP0016 granted,"Flat table, citizenship summed out",FY2007-08 to Aug 2026,Derived,OK,visa_extraction/run_extraction.py,Citizenship summed out. Rebuilt byte-for-byte by the extraction kit (checked 4 Oct 2026),2026-10-04
tidy/bp0016_temporary_graduate_lodged.csv,Derived from BP0016 lodged,"Flat table, citizenship summed out",FY2007-08 to Aug 2026,Derived,OK,visa_extraction/run_extraction.py,Citizenship summed out. Rebuilt byte-for-byte by the extraction kit (checked 4 Oct 2026),2026-10-04
tidy/skilled_grants_occupation_state.csv.gz,Derived from BP0014 skilled visas granted (to 30 Jun 2026),"Grants by year, quarter, client location, applicant type, visa stream, state, 4-digit occupation, skill level",FY2005-06 to FY2025-26,Derived from official administrative data,OK,visa_extraction/run_extraction.py,Citizenship summed out; matches the workbook's cached pivot totals,2026-10-04
tidy/skilled_grants_occupation6_national.csv,Derived from BP0014 skilled visas granted (to 30 Jun 2026),Grants by 6-digit occupation (joins to the shortage list),FY2005-06 to FY2025-26,Derived from official administrative data,OK,visa_extraction/run_extraction.py,Citizenship summed out; matches the workbook's cached pivot totals,2026-10-04
tidy/skilled_grants_industry_state.csv,Derived from BP0014 skilled visas granted (to 30 Jun 2026),Grants by sponsor industry and state,FY2005-06 to FY2025-26,Derived from official administrative data,OK,visa_extraction/run_extraction.py,Citizenship summed out; matches the workbook's cached pivot totals,2026-10-04
tidy/skilled_grants_region.csv,Derived from BP0014 skilled visas granted (to 30 Jun 2026),Grants by SA4 and SA3 region and major occupation group,FY2005-06 to FY2025-26,Derived from official administrative data,OK,visa_extraction/run_extraction.py,Citizenship summed out; matches the workbook's cached pivot totals,2026-10-04
tidy/skilled_grants_agreements.csv,Derived from BP0014 skilled visas granted (to 30 Jun 2026),Grants by labour agreement and DAMA agreement,FY2005-06 to FY2025-26,Derived from official administrative data,OK,visa_extraction/run_extraction.py,Citizenship summed out; matches the workbook's cached pivot totals,2026-10-04
tidy/skilled_grants_age_gender.csv,Derived from BP0014 skilled visas granted (to 30 Jun 2026),Grants by age group and gender,FY2005-06 to FY2025-26,Derived from official administrative data,OK,visa_extraction/run_extraction.py,Citizenship summed out; matches the workbook's cached pivot totals,2026-10-04
tidy/skilled_holders_occupation_state.csv.gz,Derived from BP0014 skilled visa holders (as at 30 Jun 2026),"Holders by snapshot, applicant type, visa stream, state, 4-digit occupation, skill level",Quarterly Sep 2010 to Jun 2026,Derived from official administrative data,OK,visa_extraction/run_extraction.py,Citizenship summed out; matches the workbook's cached pivot totals,2026-10-04
tidy/skilled_holders_occupation6_national.csv,Derived from BP0014 skilled visa holders (as at 30 Jun 2026),Holders by 6-digit occupation,Quarterly Sep 2010 to Jun 2026,Derived from official administrative data,OK,visa_extraction/run_extraction.py,Citizenship summed out; matches the workbook's cached pivot totals,2026-10-04
tidy/skilled_holders_industry_state.csv,Derived from BP0014 skilled visa holders (as at 30 Jun 2026),Holders by sponsor industry and state,Quarterly Sep 2010 to Jun 2026,Derived from official administrative data,OK,visa_extraction/run_extraction.py,Citizenship summed out; matches the workbook's cached pivot totals,2026-10-04
tidy/skilled_holders_region.csv.gz,Derived from BP0014 skilled visa holders (as at 30 Jun 2026),Holders by SA4 and SA3 region and major occupation group,Quarterly Sep 2010 to Jun 2026,Derived from official administrative data,OK,visa_extraction/run_extraction.py,Citizenship summed out; matches the workbook's cached pivot totals,2026-10-04
tidy/skilled_holders_age_gender.csv,Derived from BP0014 skilled visa holders (as at 30 Jun 2026),Holders by age group and gender,Quarterly Sep 2010 to Jun 2026,Derived from official administrative data,OK,visa_extraction/run_extraction.py,Citizenship summed out; matches the workbook's cached pivot totals,2026-10-04
tidy/student_decisions_sector_state_month.csv,Derived from BP0015 student visas grant rates,"Grants, refusals, decisions and grant rate by month, sector, applicant type, provider state",FY2005-06 to 31 Aug 2026,Derived from official administrative data,OK,visa_extraction/run_extraction.py,Citizenship summed out; matches the workbook's cached pivot totals,2026-10-04
tidy/student_decisions_age.csv,Derived from BP0015 student visas grant rates,Decisions and grant rate by age group and sector,FY2005-06 to 31 Aug 2026,Derived from official administrative data,OK,visa_extraction/run_extraction.py,Citizenship summed out; matches the workbook's cached pivot totals,2026-10-04
tidy/student_grants_sector_state_month.csv,Derived from BP0015 student visas granted,"Grants by month, sector, applicant type, provider state",FY2005-06 to 31 Aug 2026,Derived from official administrative data,OK,visa_extraction/run_extraction.py,Citizenship summed out; matches the workbook's cached pivot totals,2026-10-04
tidy/student_grants_previous_visa.csv,Derived from BP0015 student visas granted,Grants by the visa held just before (visa hopping lens),FY2005-06 to 31 Aug 2026,Derived from official administrative data,OK,visa_extraction/run_extraction.py,Citizenship summed out; matches the workbook's cached pivot totals,2026-10-04
tidy/student_grants_age.csv,Derived from BP0015 student visas granted,Grants by age group and sector,FY2005-06 to 31 Aug 2026,Derived from official administrative data,OK,visa_extraction/run_extraction.py,Citizenship summed out; matches the workbook's cached pivot totals,2026-10-04
tidy/student_lodged_sector_state_month.csv,Derived from BP0015 student visas lodged,"Applications lodged by month, sector, applicant type, provider state",FY2005-06 to 31 Aug 2026,Derived from official administrative data,OK,visa_extraction/run_extraction.py,Citizenship summed out; matches the workbook's cached pivot totals,2026-10-04
tidy/student_lodged_age.csv,Derived from BP0015 student visas lodged,Applications lodged by age group and sector,FY2005-06 to 31 Aug 2026,Derived from official administrative data,OK,visa_extraction/run_extraction.py,Citizenship summed out; matches the workbook's cached pivot totals,2026-10-04
tidy/_extraction_log.json,Extraction run,"Records read, totals and the check against each workbook's own pivot table",n/a,Log,OK,visa_extraction/run_extraction.py,Citizenship summed out; matches the workbook's cached pivot totals,2026-10-04
analysis/occupation_skills_national.csv,"Built from projections, 2025 shortage list, occupation profiles, job ads, NCVER and BP0014 tidy tables","One row per ANZSCO 4-digit unit group: shortage rating, outlook group, employment and projections, estimated retirements and new workers needed a year, age shares, job ads, apprentices, visa holders and grants (main applicants), plus comparison-group supply columns",Mixed: May 2025 base; visas Jun 2026 and FY2025-26; ads Aug 2026; apprentices yr to Mar 2026; uni 2024,Derived,OK,build_occupation_table.py,"Spine is ANZSCO 2013 v1.3 (JSA projections). New workers needed = projected growth + retirements (ABS total, PROVISIONAL age weights) + net career moves (ABS Job Mobility broad-group flows, age-adjusted; moves within a broad group not visible). Local training discounted by NCVER share working in their trade. Descriptive estimates; see data_dictionary.csv and join_checks.json",2026-10-04
analysis/occupation_skills_state.csv,As above,"Unit group by state: state shortage rating, estimated workers (May 2025 x JSA state shares), visa holders and grants, job ads, apprentices, and comparison-group totals and per-1,000-worker ratios",As above,Derived,OK,build_occupation_table.py,Worker counts are estimates; state totals are within 1.2% of JSA's state figures for the five largest states and about 3-4% high for NT and ACT. Uni completions by institution state; ACU is in uni_pipeline_state.csv only,2026-10-04
analysis/join_checks.json,Build run,"Reference periods, match rates, unmatched codes, totals, outlook group sums, title differences, coding flags, uni reconciliation, retirement method and results, state employment check against JSA",n/a,Log,OK,build_occupation_table.py,,2026-10-04
analysis/build_occupation_table.py,Script,Rebuilds all analysis tables and the Section 14 tidy tables from the files in this folder,n/a,Code,OK,,Run everything with: python3 analysis/run_all.py (or this script alone). Method decisions are in the docstring at the top,2026-10-04
analysis/uni_pipeline_state.csv,Built from Section 14 table 14.20,"University completions by state for the 7 courses that map to jobs, with suppressed-cell counts",2024,Derived from official data,OK,build_occupation_table.py,"Medicine: 66 completions suppressed ('np') at one institution, so state sum is 4,194 of 4,260",2026-10-04
analysis/comparison_groups.csv,This project,"Unit groups compared together for training and visa supply, with the reason for each",n/a,Method,OK,build_occupation_table.py,"13 groups: 2 uni-course groups, 8 trade/trainee coding groups, 3 ANZSCO 2022 farm and garden groups. Fixed 4 Oct 2026: G84 now also holds 8434 (pest controllers, whose jobs sit in 8419) and 3431 (the OSCA code Home Affairs uses for fishing leading hands)",2026-10-04
analysis/data_dictionary.csv,This project,"Meaning, source, period and number type (official, forecast, derived) for every output column",n/a,Method,OK,every build script (each replaces only its own rows),"1,157 rows: every column of all 116 tables in tidy/ and analysis/ (checked 4 Oct 2026: none undocumented)",2026-10-04
tidy/uni_special_courses_national.csv,Derived from Section 14 table 14.19,"Completions for 7 special interest courses, all students",2015 to 2024,Derived from official data,OK,build_occupation_table.py,"Nursing 12,041 (2015) to 19,361 (2024); teacher education 18,194 to 17,439; medicine 3,751 to 4,260",2026-10-04
tidy/uni_special_courses_institution.csv,Derived from Section 14 table 14.20,Completions for 7 special interest courses by state and institution,2024,Derived from official data,OK,build_occupation_table.py,'np' cells kept as blank with suppressed=True,2026-10-04
tidy/uni_completions_broad_field.csv,Derived from Section 14 table 14.3,"Completions by student type (domestic, overseas) and broad field of education",2015 to 2024,Derived from official data,OK,build_occupation_table.py,Domestic = citizens and permanent residents; overseas = temporary visa holders. Combined courses count in both fields,2026-10-04
"ABS Job mobility, February 2026 (release page figures)","ABS, abs.gov.au/statistics/labour/jobs/job-mobility","Job mobility rates by major occupation group left and entered, share staying in the same group, rates by age",Year to Feb 2026,Official,OK (published figures used),build_occupation_table.py,"Typed from the release page into the build script. Tables 3, 6 and 7 (62230_Table0x.xlsx) optional, for exact counts",2026-10-04
NCVER Apprentice and trainee outcomes 2023 (PDF figures),NCVER,Share of completers employed in the same occupation group as their training (trade and non-trade),"Trained 2022, employed May 2023",Official survey,OK (published figures used),build_occupation_table.py,"Trades: automotive and engineering 79.4%, construction 84.1%, electrotechnology 84.7%, food 65.1%, other 53.7%. A 2025 edition exists",2026-10-04
analysis/run_all.py,Script,"Runs every build script in order, then documents the visa tables (about 30 seconds); stops at the first error",n/a,Code,OK,,Run: python3 analysis/run_all.py,2026-10-04
analysis/_common.py,Script,"Shared helpers: paths, ABS time series reader, CSV writer, data dictionary updates",n/a,Code,OK,,Run: python3 analysis/_common.py,2026-10-04
analysis/build_population_tables.py,Script,"Population, net overseas migration, visa groups and long-run history",n/a,Code,OK,,Run: python3 analysis/build_population_tables.py,2026-10-04
analysis/build_migration_program_tables.py,Script,Permanent Migration Program outcomes 2024-25 from the PDF report,n/a,Code,OK,,Run: python3 analysis/build_migration_program_tables.py,2026-10-04
analysis/build_sector_tables.py,Script,"Industry projections, employment and visas by ANZSIC division",n/a,Code,OK,,Run: python3 analysis/build_sector_tables.py,2026-10-04
analysis/build_region_tables.py,Script,"SA4 regions: employment by occupation (NERO), regional job ads, visas",n/a,Code,OK,,Run: python3 analysis/build_region_tables.py,2026-10-04
analysis/build_housing_tables.py,Script,"Dwelling approvals, commencements and completions against population growth",n/a,Code,OK,,Run: python3 analysis/build_housing_tables.py,2026-10-04
analysis/build_economy_tables.py,Script,"GDP, GDP per person, productivity, state final demand, output per worker",n/a,Code,OK,,Run: python3 analysis/build_economy_tables.py,2026-10-04
analysis/build_international_tables.py,Script,"Australia, Canada, UK and US: net migration, population, GDP per person",n/a,Code,OK,,Run: python3 analysis/build_international_tables.py,2026-10-04
analysis/build_job_ads_tables.py,Script,"Job ads history by occupation and state, and by skill level and state",n/a,Code,OK,,Run: python3 analysis/build_job_ads_tables.py,2026-10-04
analysis/build_shortage_list_tables.py,Script,2025 Occupation Shortage List at unit group and 6-digit levels,n/a,Code,OK,,Run: python3 analysis/build_shortage_list_tables.py,2026-10-04
analysis/build_occupation_profile_tables.py,Script,All nine tables of the JSA ANZSCO occupation profiles,n/a,Code,OK,,Run: python3 analysis/build_occupation_profile_tables.py,2026-10-04
analysis/build_osca_tables.py,Script,JSA OSCA occupation data from the 2021 Census,n/a,Code,OK,,Run: python3 analysis/build_osca_tables.py,2026-10-04
analysis/build_osca_classification_tables.py,Script,"ABS OSCA structure, correspondences, descriptions, title index and the ANZSCO-to-OSCA unit group crosswalk",n/a,Code,OK,,Run: python3 analysis/build_osca_classification_tables.py,2026-10-04
analysis/build_named_sector_tables.py,Script,"Plain-English named sectors (groups of occupations), with the main industry alongside",n/a,Code,OK,,Run: python3 analysis/build_named_sector_tables.py (also part of run_all.py). The sector list and its rules are at the top of the script,2026-10-04
analysis/build_scenario_model.py,Script,"Version 1 scenario model: each plan's effect on population, working-age people and homes, nationally and by state",n/a,Code,OK,,Run: python3 analysis/build_scenario_model.py (also part of run_all.py). Every assumption is written to analysis/scenario_assumptions.csv with the option not taken,2026-10-04
analysis/build_fact_check_cards.py,Script,Fact-check cards: claims from every side tested against the data by the same rules,n/a,Code,OK,,Run: python3 analysis/build_fact_check_cards.py. The verdict rules are at the top of the script,2026-10-04
analysis/build_everyday_comparisons.py,Script,"Headline numbers as full MCGs, people a day and familiar places",n/a,Code,OK,,Run: python3 analysis/build_everyday_comparisons.py,2026-10-04
analysis/build_settlement_outcomes_tables.py,Script,"ABS migrant settlement outcomes in tidy form, and key indicators by visa stream",n/a,Code,OK,,Run: python3 analysis/build_settlement_outcomes_tables.py,2026-10-04
analysis/describe_visa_tables.py,Script,"Adds the Home Affairs visa tables in tidy/ to the data dictionary (reads them, changes nothing)",n/a,Code,OK,,Run: python3 analysis/describe_visa_tables.py (also part of run_all.py),2026-10-04
analysis/build_policy_inputs.py,Script,"Each plan's announced migration numbers with source, date and status; NOM path per plan",n/a,Code,OK,,Run: python3 analysis/build_policy_inputs.py. Positions change: re-check every row before publishing,2026-10-04
analysis/build_research_estimates.py,Script,"Published estimates of migration's economic effects, with citations",n/a,Code,OK,,Run: python3 analysis/build_research_estimates.py,2026-10-04
analysis/visa_extraction/,Script,"Kit that extracts the Home Affairs BP0014, BP0015, BP0016 and BP0019 pivot workbooks into tidy/ (run_extraction.py, extract_views.py, postprocess.py, views/)",n/a,Code,OK,,Run: python3 analysis/visa_extraction/run_extraction.py .. Only needed when Home Affairs publishes new workbooks; takes about 3 minutes,2026-10-04
tidy/abs_population_quarterly_by_state.csv,"ABS 3101.0 (310102, 310104)","ERP and components of change by quarter, states and Australia",quarter 1981-06 to 2026-03,Official (ABS),OK,build_population_tables.py,"1,620 rows. Recent quarters preliminary",2026-10-04
tidy/abs_population_components_australia.csv,ABS 3101.0 (310101),"Births, deaths, NOM arrivals and departures, ERP, Australia",quarter 1981-06 to 2026-03,Official (ABS),OK,build_population_tables.py,180 rows.,2026-10-04
tidy/abs_nom_visa_groups_by_state.csv,ABS 3412.0 (34070DO004),"NOM arrivals and departures by visa group, states and Australia",financial year 2004-05 to 2024-25,Official (ABS),OK,build_population_tables.py,"6,426 rows. Row type marks subtotals, totals and Student detail rows",2026-10-04
tidy/abs_population_history.csv,"ABS Historical population (HPDC1, HPDC7)",Population from 1788 and NOM from 1860,year 1788 to 2021,Official (ABS),OK,build_population_tables.py,"2,045 rows.",2026-10-04
analysis/population_years_by_state.csv,Built from the tidy population tables,"Rolling 12-month and financial-year growth, NOM, NOM per 1,000 and NOM share of growth, by state",year ending 1982-06 to 2026-03,Derived from official data,OK,build_population_tables.py,"1,584 rows. NOM year to Mar 2026 = 292,137; 2024-25 = 301,572",2026-10-04
analysis/nom_by_visa_group.csv,Built from 34070DO004,"Arrivals, departures and net by visa group, with a residual row so groups add to the total",financial year 2004-05 to 2024-25,Derived from official data,OK,build_population_tables.py,"3,402 rows. 2024-25 net: students 108,070, working holiday 53,390",2026-10-04
analysis/population_long_run_australia.csv,Built from HPDC and 3101.0,One row per year: population and NOM,year 1860 to 2025,Derived from official data,OK,build_population_tables.py,"166 rows. 2020-21 NOM -84,930 (3101.0)",2026-10-04
analysis/population_checks.json,Build run,Reconciliation checks,n/a,Log,OK,build_population_tables.py,,2026-10-04
tidy/ha_program_outcome_by_stream.csv,"Home Affairs, 2024-25 Migration Program report",Places by stream (table 1.1),financial year 2014-15 to 2024-25,Official administrative,OK,build_migration_program_tables.py,55 rows. States add to the national total in every year,2026-10-04
tidy/ha_program_outcome_by_state.csv,"Home Affairs, 2024-25 Migration Program report",Places by intended state and stream ('Not specified' derived as national minus states),financial year 2014-15 to 2024-25,Official administrative,OK,build_migration_program_tables.py,385 rows. States add to the national total in every year,2026-10-04
tidy/ha_program_outcome_2024_25_by_state_category.csv,"Home Affairs, 2024-25 Migration Program report","Places by state, stream and visa category",financial year 2024-25 to 2024-25,Official administrative,OK,build_migration_program_tables.py,98 rows. States add to the national total in every year,2026-10-04
tidy/ha_program_outcome_2024_25_by_location.csv,"Home Affairs, 2024-25 Migration Program report","Places by category, in or outside Australia",financial year 2024-25 to 2024-25,Official administrative,OK,build_migration_program_tables.py,15 rows. States add to the national total in every year,2026-10-04
tidy/ha_program_outcome_2024_25_top_occupations.csv,"Home Affairs, 2024-25 Migration Program report",Top 10 occupations per Skill category (primary applicants),financial year 2024-25 to 2024-25,Official administrative,OK,build_migration_program_tables.py,70 rows. States add to the national total in every year,2026-10-04
analysis/migration_program_checks.json,Build run,Reconciliation checks,n/a,Log,OK,build_migration_program_tables.py,,2026-10-04
tidy/jsa_projections_industry_division.csv,JSA projections and industry data; Home Affairs BP0014 tidy tables,Employment projections to 2030 and 2035 by ANZSIC division,,Projection (JSA),OK,build_sector_tables.py,19 rows.,2026-10-04
tidy/jsa_projections_industry_group.csv,JSA projections and industry data; Home Affairs BP0014 tidy tables,Employment projections by ANZSIC levels 1 to 3,,Projection (JSA),OK,build_sector_tables.py,416 rows.,2026-10-04
tidy/jsa_industry_overview_feb2026.csv,JSA projections and industry data; Home Affairs BP0014 tidy tables,"Industry overview, Feb 2026",,Official estimate (JSA),OK,build_sector_tables.py,20 rows.,2026-10-04
tidy/jsa_industry_employment_quarterly.csv,JSA projections and industry data; Home Affairs BP0014 tidy tables,"Employment by division, quarterly (JSA trend)",quarter 2006-02 to 2026-02,Official estimate (JSA),OK,build_sector_tables.py,"1,539 rows.",2026-10-04
tidy/jsa_industry_employment_by_sector_feb2026.csv,JSA projections and industry data; Home Affairs BP0014 tidy tables,"Employment by industry sector, Feb 2026",,Official estimate (JSA),OK,build_sector_tables.py,214 rows.,2026-10-04
tidy/jsa_industry_top_occupations.csv,JSA projections and industry data; Home Affairs BP0014 tidy tables,"Top occupations in each industry, ranked",,Official estimate (JSA),OK,build_sector_tables.py,190 rows.,2026-10-04
analysis/sector_skills_national.csv,JSA projections and industry data; Home Affairs BP0014 tidy tables,"Industries (ANZSIC divisions), one row each: projected growth, employment, visa grants and holders. 'sector' in this older file name means industry; the named sectors are in named_sector_*",,Derived from official data,OK,build_sector_tables.py,"20 rows. All-industry growth to 2030 = 6.54%; health care and social assistance highest (12.3%). Official titles in 'industry', plain names in 'industry_plain_name'",2026-10-04
analysis/sector_skills_state.csv,JSA projections and industry data; Home Affairs BP0014 tidy tables,Industry (ANZSIC division) by state: visa grants and holders,,Derived from official data,OK,build_sector_tables.py,158 rows. Plain names in 'industry_plain_name',2026-10-04
analysis/sector_checks.json,Build run,Reconciliation checks,n/a,Log,OK,build_sector_tables.py,,2026-10-04
tidy/jsa_nero_sa4_occupation_snapshots.csv.gz,JSA NERO (Aug 2026),Employment by 4-digit occupation and SA4: latest month and the same month in earlier years,month 2016-08 to 2026-08,Model-based estimate (JSA nowcast),OK,build_region_tables.py,"343,640 rows.",2026-10-04
tidy/jsa_ivi_regions_monthly.csv.gz,JSA IVI regions (Aug 2026),"Job ads by 2-digit occupation and region, monthly",month 2019-01 to 2026-08,Official estimate (JSA),OK,build_region_tables.py,"262,200 rows.",2026-10-04
analysis/region_occupation_sa4.csv,"Built from NERO, the shortage list and the occupation table","SA4 x unit group: employment, 1- and 5-year change, state rating, whether the shortage applies here, national outlook group",,Derived from official data,OK,build_region_tables.py,"31,240 rows. 88 SA4s; 42 regional, 46 capital city",2026-10-04
analysis/region_skills_sa4.csv,"Built from NERO, IVI regions and BP0014","SA4 x major group: shortage share, visa holders per 1,000 workers, job ads",,Derived from official data,OK,build_region_tables.py,792 rows. 99.83% of visa holders matched to an SA4,2026-10-04
analysis/region_checks.json,Build run,Reconciliation checks,n/a,Log,OK,build_region_tables.py,,2026-10-04
tidy/abs_dwellings_commenced_completed_by_state.csv,ABS 8752.0 Tables 34 and 38,"Dwelling units commenced and completed by state (Australia = sum of states, original only)",quarter 1957-03 to 2026-03,Official (ABS),OK,build_housing_tables.py,"36,772 rows. Quarterly; houses (new) and all dwellings",2026-10-04
tidy/abs_dwellings_approved_by_state.csv,"ABS 8731.0 Tables 6, 7 and 9",Dwelling units approved by state and building type,month 1983-07 to 2026-08,Official (ABS),OK,build_housing_tables.py,"30,562 rows. Monthly; original, seasonally adjusted and trend",2026-10-04
analysis/housing_vs_population_by_state.csv,"Built from 8731.0, 8752.0 and the population tables","12-month approvals, commencements and completions against population growth and NOM, by state",year ending 1984-06 to 2026-03,Derived from official data,OK,build_housing_tables.py,"1,512 rows. Year to Mar 2026: 173,523 homes completed, population +392,728 (2.26 people per home completed). Completions are gross; no household size assumed",2026-10-04
analysis/housing_targets.csv,"Treasury, Delivering the National Housing Accord","National Housing Accord: 1.2 million homes, Jul 2024 to Jun 2029 (240,000 a year)",2024-07 to 2029-06,Policy target (not law),OK,build_housing_tables.py,Agreed at National Cabinet on 16 Aug 2023. Compared here with ABS completions (assumption),2026-10-04
analysis/housing_checks.json,Build run,Reconciliation checks,n/a,Log,OK,build_housing_tables.py,,2026-10-04
tidy/abs_gdp_key_aggregates_quarterly.csv,"ABS 5206.0, June quarter 2026","Table 1 key aggregates, every series",quarter 1959-09 to 2026-06,Official (ABS),OK,build_economy_tables.py,"25,562 rows. Chain volume measures are not additive",2026-10-04
tidy/abs_gdp_key_aggregates_annual.csv,"ABS 5206.0, June quarter 2026","Table 34 annual key aggregates, every series",financial year 1959-60 to 2025-26,Official (ABS),OK,build_economy_tables.py,"5,809 rows. Chain volume measures are not additive",2026-10-04
tidy/abs_state_final_demand_quarterly.csv,"ABS 5206.0, June quarter 2026",Table 25 state final demand and its parts,quarter 1985-09 to 2026-06,Official (ABS),OK,build_economy_tables.py,"31,220 rows. Chain volume measures are not additive",2026-10-04
tidy/abs_industry_gva_quarterly.csv,"ABS 5206.0, June quarter 2026",Table 6 gross value added by industry (revisions dropped),quarter 1959-09 to 2026-06,Official (ABS),OK,build_economy_tables.py,"59,308 rows. Chain volume measures are not additive",2026-10-04
tidy/abs_industry_gva_annual.csv,"ABS 5206.0, June quarter 2026","Table 37 gross value added by industry, annual",financial year 1959-60 to 2025-26,Official (ABS),OK,build_economy_tables.py,"2,591 rows. Chain volume measures are not additive",2026-10-04
analysis/economy_quarterly_australia.csv,Built from 5206.0 Table 1 and the population tables,"GDP, GDP per person, hours, productivity, real income per person, terms of trade, with population and NOM",quarter 1959-09 to 2026-06,Derived from official data,OK,build_economy_tables.py,"268 rows. GDP per person -0.1% (Mar qtr 2026), 0.0% (Jun qtr), +0.7% through the year",2026-10-04
analysis/economy_annual_australia.csv,Built from 5206.0 Table 34 and the population tables,"Financial-year GDP and GDP per person growth, hours, productivity, population growth and NOM",financial year 1959-60 to 2025-26,Derived from official data,OK,build_economy_tables.py,"67 rows. 2023-24: GDP +1.4%, GDP per person -1.0%, population +2.0%",2026-10-04
analysis/economy_state_final_demand.csv,Built from 5206.0 Table 25 and the population tables,State final demand and demand per person by state,quarter 1985-09 to 2026-06,Derived from official data,OK,build_economy_tables.py,"1,312 rows. Not gross state product: excludes trade",2026-10-04
analysis/sector_output_per_worker.csv,Built from 5206.0 Table 37 and JSA trend employment,"Real output per employed person by division, financial years",financial year 2006-07 to 2025-26,Derived from official data,OK,build_economy_tables.py,"380 rows. Per person, not per hour; employment to 2024-25",2026-10-04
analysis/economy_checks.json,Build run,Reconciliation checks,n/a,Log,OK,build_economy_tables.py,,2026-10-04
tidy/statcan_population_quarterly.csv,Statistics Canada 17-10-0009,"Population on the first day of each quarter, Canada and provinces",quarter start 1946-01 to 2026-07,Official (Statistics Canada),OK,build_international_tables.py,"4,077 rows.",2026-10-04
tidy/statcan_international_migration_quarterly.csv,Statistics Canada 17-10-0040,"International migration components per quarter, Canada and provinces",quarter start 1946-01 to 2026-04,Official (Statistics Canada),OK,build_international_tables.py,"19,313 rows.",2026-10-04
tidy/ons_net_migration_uk.csv,"ONS, LTIM provisional YE Dec 2025","UK immigration, emigration and net migration, all nationalities, with uncertainty bounds",year ending 2012-06 to 2025-12,Official statistics in development (ONS),OK,build_international_tables.py,165 rows. Latest periods provisional,2026-10-04
tidy/ons_visa_migration_by_reason_uk.csv,"ONS, LTIM provisional YE Dec 2025","UK visa-holder migration by reason (work, study, family, humanitarian)",year ending 2019-06 to 2025-12,"Official statistics in development (ONS), summed",OK,build_international_tables.py,810 rows. EU+ visa holder and non-EU+ tables added together; no nationality split kept,2026-10-04
tidy/uscensus_population_components.csv,US Census Bureau Vintage 2025,US and state population and components of change,year 2020 to 2025,Official estimate (US Census Bureau),OK,build_international_tables.py,"2,862 rows. 2020 covers Apr to Jun only",2026-10-04
tidy/worldbank_gdp_per_capita.csv,World Bank WDI,"GDP per capita, constant 2015 US$, every economy",year 1960 to 2025,Official (World Bank),OK,build_international_tables.py,"14,495 rows.",2026-10-04
tidy/worldbank_population.csv,World Bank WDI,"Population, every economy",year 1960 to 2025,Official (World Bank),OK,build_international_tables.py,"17,394 rows.",2026-10-04
analysis/international_migration_comparison.csv,"Built from ABS, Statistics Canada, ONS, US Census Bureau and World Bank","Net migration, per 1,000 people and population growth, years ending June",year ending june 1972 to 2026,Derived from official data,OK,build_international_tables.py,"118 rows. Year to Jun 2025 per 1,000: Australia 11.1, Canada 9.9, UK 3.2, US 3.7. Definitions differ by country",2026-10-04
analysis/international_gdp_per_capita.csv,World Bank WDI,"GDP per person and population growth, calendar years, four countries",year 1960 to 2025,Derived from official data,OK,build_international_tables.py,264 rows.,2026-10-04
analysis/international_checks.json,Build run,Reconciliation checks,n/a,Log,OK,build_international_tables.py,,2026-10-04
tidy/jsa_ivi_occupation4_state_monthly.csv.gz,JSA IVI (Aug 2026),"Job ads by 4-digit occupation and state, 3-month averages",month 2006-03 to 2026-08,Official estimate (JSA),OK,build_job_ads_tables.py,"779,328 rows.",2026-10-04
tidy/jsa_ivi_skill_level_state_monthly.csv,JSA IVI (Aug 2026),"Job ads by skill level and state, trend and seasonally adjusted, with index",month 2006-01 to 2026-08,Official estimate (JSA),OK,build_job_ads_tables.py,"26,784 rows.",2026-10-04
analysis/job_ads_trends_state.csv,Built from the IVI skill level table,"Latest job ads, change on a year earlier and on the 2019 average, by state and skill level",month 2026-08 to 2026-08,Derived from official data,OK,build_job_ads_tables.py,"54 rows. Australia Aug 2026 (trend): 212,698 ads, +1.2% on a year earlier, +24.6% on 2019",2026-10-04
analysis/job_ads_checks.json,Build run,Reconciliation checks,n/a,Log,OK,build_job_ads_tables.py,,2026-10-04
tidy/jsa_osl_2025_ratings.csv,JSA 2025 Occupation Shortage List,"Every rating: unit groups (ANZSCO 4-digit), occupations (ANZSCO 2022 and OSCA 2024 6-digit), national and state",2025 list,Official assessment (JSA),OK,build_shortage_list_tables.py,,2026-10-04
analysis/shortage_summary.csv,Built from the shortage list,"Number and share in shortage by list, geography and skill level",2025 list,Derived from official data,OK,build_shortage_list_tables.py,,2026-10-04
analysis/shortage_checks.json,Build run,Reconciliation checks,n/a,Log,OK,build_shortage_list_tables.py,,2026-10-04
tidy/jsa_anzsco_profiles_overview.csv,"JSA occupation profiles (ANZSCO), Feb 2026","Size, part-time and female shares, earnings, hours, age, growth and description per unit group and occupation",Feb 2026 (4-digit); Aug 2021 (6-digit),"Official (ABS, compiled by JSA)",OK,build_occupation_profile_tables.py,Unit groups: Labour Force Survey; 6-digit: 2021 Census,2026-10-04
tidy/jsa_anzsco_profiles_distributions.csv,"JSA occupation profiles (ANZSCO), Feb 2026","Shares by state, age group and highest qualification",Feb 2026 (4-digit); Aug 2021 (6-digit),"Official (ABS, compiled by JSA)",OK,build_occupation_profile_tables.py,Unit groups: Labour Force Survey; 6-digit: 2021 Census,2026-10-04
tidy/jsa_anzsco_profiles_industries.csv,"JSA occupation profiles (ANZSCO), Feb 2026","Top employing industries, ranked",Feb 2026 (4-digit); Aug 2021 (6-digit),"Official (ABS, compiled by JSA)",OK,build_occupation_profile_tables.py,Unit groups: Labour Force Survey; 6-digit: 2021 Census,2026-10-04
tidy/jsa_anzsco_profiles_tasks.csv,"JSA occupation profiles (ANZSCO), Feb 2026",Main tasks,Feb 2026 (4-digit); Aug 2021 (6-digit),"Official (ABS, compiled by JSA)",OK,build_occupation_profile_tables.py,Unit groups: Labour Force Survey; 6-digit: 2021 Census,2026-10-04
tidy/jsa_anzsco_profiles_all_occupations.csv,"JSA occupation profiles (ANZSCO), Feb 2026",All-occupation benchmarks,Feb 2026 (4-digit); Aug 2021 (6-digit),"Official (ABS, compiled by JSA)",OK,build_occupation_profile_tables.py,Unit groups: Labour Force Survey; 6-digit: 2021 Census,2026-10-04
analysis/occupation_profile_checks.json,Build run,Reconciliation checks,n/a,Log,OK,build_occupation_profile_tables.py,,2026-10-04
tidy/jsa_osca_census2021_overview.csv,"JSA OSCA occupation data, 2021 Census","One row per OSCA unit group and occupation: workers, full-time share, age, gender, main industry, skill level",Aug 2021,"Official (ABS Census, compiled by JSA)",OK,build_osca_tables.py,OSCA codes are not ANZSCO codes,2026-10-04
tidy/jsa_osca_census2021_industry_shares.csv,"JSA OSCA occupation data, 2021 Census",Share of each occupation's workers by industry,Aug 2021,"Official (ABS Census, compiled by JSA)",OK,build_osca_tables.py,OSCA codes are not ANZSCO codes,2026-10-04
tidy/jsa_osca_census2021_state_shares.csv,"JSA OSCA occupation data, 2021 Census","Workers by state, count and share",Aug 2021,"Official (ABS Census, compiled by JSA)",OK,build_osca_tables.py,OSCA codes are not ANZSCO codes,2026-10-04
tidy/jsa_osca_census2021_age_profile.csv,"JSA OSCA occupation data, 2021 Census",Share of workers by age group,Aug 2021,"Official (ABS Census, compiled by JSA)",OK,build_osca_tables.py,OSCA codes are not ANZSCO codes,2026-10-04
tidy/jsa_osca_descriptions.csv,"JSA OSCA occupation data, 2021 Census","Skill level, overview, licensing, tasks and other job titles",Aug 2021,"Official (ABS Census, compiled by JSA)",OK,build_osca_tables.py,OSCA codes are not ANZSCO codes,2026-10-04
analysis/osca_checks.json,Build run,Reconciliation checks,n/a,Log,OK,build_osca_tables.py,,2026-10-04
tidy/abs_osca_structure.csv,ABS OSCA 2024 v1.0,Every OSCA group and occupation with parents and skill level,,Official classification,OK,build_osca_classification_tables.py,"1,749 rows",2026-10-04
tidy/abs_osca_correspondences.csv,ABS OSCA 2024 v1.0,All ten ABS correspondence tables in one long table,,Official classification,OK,build_osca_classification_tables.py,"14,532 rows; ANZSCO v1.3 to OSCA covers all 1,023 ANZSCO occupations; 27% of links are partial",2026-10-04
tidy/abs_osca_descriptions.csv,ABS OSCA 2024 v1.0,"Lead statements, tasks, licensing and skill levels",,Official classification,OK,build_osca_classification_tables.py,"1,749 rows",2026-10-04
tidy/abs_osca_title_index.csv,ABS OSCA 2024 v1.0,"Principal titles, alternative titles and specialisations",,Official classification,OK,build_osca_classification_tables.py,"3,338 titles",2026-10-04
analysis/anzsco_osca_unit_group_crosswalk.csv,Built from the ABS correspondence and 2021 Census employment (JSA),"ANZSCO v1.3 unit group to OSCA unit group, with employment-based weights",,Estimate (our assumption on how partial links split),OK,build_osca_classification_tables.py,624 pairs; all 358 spine unit groups covered; 212 map one-to-one,2026-10-04
analysis/osca_classification_checks.json,Build run,Reconciliation checks,,Log,OK,build_osca_classification_tables.py,,2026-10-04
analysis/named_sectors.csv,This project (decided 4 Oct 2026),"The 24 named sectors: plain names, chart labels, six headings, what each includes, and the ANZSCO unit groups in each",n/a,Classification (our choice),OK,build_named_sector_tables.py,"Sectors are groups of occupations, not industries. Independently reviewed 4 Oct 2026: three placements and several labels corrected",2026-10-04
analysis/named_sector_occupations.csv,Built from analysis/occupation_skills_national.csv and the ANZSCO-OSCA crosswalk,"Which occupations make up each sector, with each one's main industry; nfd rows shared by jobs",May 2025 jobs,Classification and estimate,OK,build_named_sector_tables.py,"660 rows: 378 unit groups, each in exactly one sector, plus 116 nfd rows shared across sectors",2026-10-04
analysis/named_sector_summary_national.csv,"Built from the occupation table (JSA, NCVER, Home Affairs, ABS) and the industry tables","Each sector: jobs, projected growth, share of jobs in shortage, workers needed a year, local training, temporary skilled visas and main industry",Jobs May 2025; projections to 2030 and 2035; visas 2025-26,"Mixed: official data, JSA projections and our estimates (see the dictionary)",OK,build_named_sector_tables.py,"26 rows: 24 sectors, visa records with no occupation, and all jobs. Sectors add to 14.70m jobs and 349,517 workers needed a year",2026-10-04
analysis/named_sector_summary_state.csv,Built from analysis/occupation_skills_state.csv,"Each sector by state: estimated jobs, share in state shortage, job ads, apprentices, visas",Jobs May 2025; 2025 ratings; ads to Aug 2026; visas 2025-26,Derived from official data,OK,build_named_sector_tables.py,"202 rows. No state projections exist, so there is no workers-needed figure by state",2026-10-04
analysis/named_sector_industry_mix.csv,"JSA OSCA 2021 Census industry shares, moved onto ANZSCO with our crosswalk weights",Estimated share of each sector's workers in each industry,2021 Census industry pattern applied to May 2025 jobs,Estimate (our crosswalk),OK,build_named_sector_tables.py,"480 rows. Industry totals built this way are within about 15% of JSA's industry employment (largest gaps: electricity -14%, mining -13%, arts -12%, media +12%)",2026-10-04
analysis/named_sector_checks.json,This project,"Checks: every unit group placed once, totals add up, industry totals against JSA",n/a,Method,OK,build_named_sector_tables.py,,2026-10-04
tidy/abs_migrant_settlement_outcomes.csv,ABS Migrant settlement outcomes 2026,"Every table in long form: population, state, indicator, arrival group, measure",,Official (ABS linked data),OK,build_settlement_outcomes_tables.py,"35,820 rows",2026-10-04
tidy/abs_migrant_settlement_outcomes_footnotes.csv,ABS Migrant settlement outcomes 2026,ABS footnotes for each table,,Official (ABS linked data),OK,build_settlement_outcomes_tables.py,,2026-10-04
analysis/migrant_outcomes_by_stream.csv,Built from ABS Migrant settlement outcomes 2026,"Australia: participation, employment, unemployment, income, qualifications, English, housing and citizenship by visa stream and years since arrival",,Official (ABS) and calculated,OK,build_settlement_outcomes_tables.py,Unemployment rate is calculated from the counts,2026-10-04
analysis/settlement_outcomes_checks.json,Build run,Reconciliation checks,,Log,OK,build_settlement_outcomes_tables.py,,2026-10-04
tidy/policy_migration_positions.csv,"Budget 2026-27, Home Affairs, ministerial releases, party websites and news reports (cited per row)","One row per plan and measure: number or position, status (forecast, planning level, party policy), model use, source and dates",Positions as at 4 Oct 2026,Announcements and forecasts (none is law),OK,build_policy_inputs.py,"41 rows: government 19, One Nation 17, Coalition 3, Greens 2. Independently fact-checked 4 Oct 2026 and corrected. Country-based measures recorded but never modelled",2026-10-04
analysis/scenario_nom_paths.csv,Built from tidy/policy_migration_positions.csv and ABS completions,"NOM path each plan states or implies, by financial year or years in government",2025-26 to 2029-30 (government); years in government (others),Announcements and forecasts (none is law); One Nation years 1 to 3 are our labelled illustration,OK,build_policy_inputs.py,"Government 295k, 245k, then 225k a year (Budget). Coalition: cap = homes completed, likely 150k to 170k. One Nation: net negative for 3 years with no size given, shown as our illustration from the party's own 766,000 figure (0 to -255,333 a year, midpoint -127,667; for scale, -84,935 in 2020-21 was the lowest since the First World War), then 130k (230k with labour programs). Greens: no target, so no path",2026-10-04
tidy/research_economic_effects.csv,"PC, Treasury, RBA and research (cited per row)","Quantified findings on GDP per person, ageing, budget, wages and housing, with comparison, horizon, method and caveats",Published 2016 to 2026,Published estimates,OK,build_research_estimates.py,"16 rows. Independently fact-checked 4 Oct 2026. Other researchers' estimates under their own assumptions; keep beside our model, not inside it",2026-10-04
tidy/abs_overseas_arrivals_by_age_2024_25.csv,Built from the transcribed Graph 4.1 file,"Overseas migrant arrivals by single year of age and sex, as counts",2024-25,"Official data, transcribed",OK,build_scenario_model.py,101 rows. 82.9% of arrivals were aged 15 to 64,2026-10-04
analysis/scenario_assumptions.csv,This project (chosen 4 Oct 2026),"Every model assumption: value, source, why, and the main option not taken",n/a,Assumptions (ours) and official inputs,OK,build_scenario_model.py,14 rows. All plans start 1 July 2026 and run four years to 2029-30,2026-10-04
analysis/scenario_population.csv,Built from scenario_nom_paths and ABS population data,"Plan x case x place x year: NOM, births minus deaths, moves between states, population, working-age people added, homes needed against homes being completed",2026-27 to 2029-30; Australia and states,Estimate (our model),OK,build_scenario_model.py,"252 rows. The Greens state no overall number, so they are not modelled",2026-10-04
analysis/scenario_summary.csv,Built from analysis/scenario_population.csv,"Plan x case x place: four-year totals, population in June 2030, homes needed a year",2026-27 to 2029-30,Estimate (our model),OK,build_scenario_model.py,63 rows. June 2030 population: government plan 29.32m; Coalition 29.09m; One Nation 28.14m (midpoint); latest year held flat 29.57m,2026-10-04
analysis/scenario_housing_context.csv,ABS population and building activity,Homes completed against homes needed for past population growth (2.5 people per home),"Latest 12 months, since March quarter 2022, five years",Derived from official data,OK,build_scenario_model.py,"Since March quarter 2022: about 859,000 homes needed for the growth, 741,000 completed",2026-10-04
analysis/scenario_skilled_exposure.csv,Home Affairs BP0019 and BP0014; named sectors,"Temporary skilled visa holders by sector, and One Nation's stated 103,000 cut if it fell evenly across jobs (our illustration)",Snapshot 30 June 2026,Official data plus our illustration,OK,build_scenario_model.py,24 rows. The cut is 39.5% of all temporary skilled holders including family,2026-10-04
analysis/scenario_checks.json,This project,Model checks and headline results,n/a,Method,OK,build_scenario_model.py,,2026-10-04
tidy/fact_check_claims.csv,"Media releases, Hansard, party pages and news reports (per row)","The claims as made: who, when, a short quote and the source",Oct 2025 to Sep 2026,Quotes and claims (not data),OK,build_fact_check_cards.py,"19 claims: Labor 4, Coalition 4, One Nation 4, Greens 2, business 3, unions 2. Every quote and attribution checked against its source on 4 Oct 2026; re-check before publishing",2026-10-04
tidy/treasury_nom_forecasts.csv,"Budget papers, plus two media reports where the paper could not be read (marked)",Treasury's NOM forecasts in each Budget and MYEFO since October 2022,October 2022 Budget to May 2026 Budget,Forecast (Treasury),OK,build_fact_check_cards.py,16 rows,2026-10-04
analysis/fact_check_cards.csv,Built from the claims and the project's tables,"One card per claim: verdict, what the data shows, key figures, evidence tables, caveats",Checked 4 Oct 2026,"Judgement under stated rules, from official data",OK,build_fact_check_cards.py,19 cards. Same verdict scale for every side; why something happened is never judged,2026-10-04
analysis/fact_check_checks.json,This project,Verdict counts by side,n/a,Method,OK,build_fact_check_cards.py,,2026-10-04
analysis/everyday_reference_points.csv,Melbourne Cricket Club; ABS,"Yardsticks: a full MCG (100,024) and the populations of NT, ACT, Tasmania and SA",March 2026 populations,Venue capacity; official estimates,OK,build_everyday_comparisons.py,,2026-10-04
analysis/everyday_comparisons.csv,Built from the project's tables,"Each headline number as full MCGs, people a day and the nearest familiar population, with a ready sentence",n/a,Derived,OK,build_everyday_comparisons.py,"12 rows. For example, NOM in the latest 12 months is about 2.9 full MCGs, or about 800 people a day",2026-10-04
analysis/build_extra_analyses.py,Script,Two extra analyses: do visas go where the shortages are (A1); how sensitive the model is (A2),n/a,Code,OK,,"Run: python3 analysis/build_extra_analyses.py. Uses only numpy and pandas (Spearman, OLS with HC1 robust errors written out)",2026-10-05
analysis/export_web_data.py,Script,Bundles the tables into the dashboard: dashboard/data/*.js and dashboard/downloads/,n/a,Code,OK,,Run last (run_all.py does). Asserts that figures shared by two tables agree before writing,2026-10-05
analysis/visas_vs_shortages.csv,Built from analysis/occupation_skills_national.csv,"A1: temporary skilled visas per 1,000 workers by occupation, with shortage status, growth and skill level",2025-26 visas; 2025 shortage list,Derived,OK,build_extra_analyses.py,"304 occupations rated on the 2025 list. 58% of temporary skilled visas went to jobs on the shortage list, which hold 35% of workers in the jobs rated. Short jobs got 8.8 visas per 1,000 workers, other jobs 3.5. Projected growth made no clear difference once shortages and skill level are allowed for.",2026-10-05
analysis/visas_vs_shortages_summary.json,Built from analysis/visas_vs_shortages.csv,"A1 results: shares, medians, rank correlations, regression with robust errors",2025-26,Derived,OK,build_extra_analyses.py,"Descriptive only: where visas went, not why",2026-10-05
analysis/model_sensitivity.csv,Built from the scenario model,"A2: model results when one assumption changes (people per home, working-age share, births minus deaths, a later start)",2026-27 to 2029-30,Estimate (our model),OK,build_extra_analyses.py,112 rows. Every central plan stays below last year's completions for 2.3 to 2.8 people per home,2026-10-05
analysis/row_counts.csv,Build run,"Rows and columns at each reading, filtering, joining and writing step, for every build script",n/a,Log,OK,all build scripts (via _common.log_rows),122 steps from 21 scripts. Each run replaces its own script's rows,2026-10-05
analysis/web_export_checks.json,Build run,"What the dashboard export wrote, file sizes and cross-checks",n/a,Log,OK,export_web_data.py,,2026-10-05
analysis/extra_analyses_checks.json,Build run,Checks for the two extra analyses,n/a,Log,OK,build_extra_analyses.py,,2026-10-05
dashboard/,This project,"The Migration by Skill dashboard, version 1 (draft): 13-question story, three try-it stops, four explore doors, Data and methods page",Data to March 2026,Code and data,Draft (charts not yet approved),export_web_data.py writes dashboard/data and dashboard/downloads,"Open dashboard/index.html. Plain JavaScript and D3 v7, no build step, works offline. Tests: dashboard/tests (npm install, then node run_tests.js)",2026-10-05
dashboard/figures.csv,This project,"Every chart with its data, number types and review status (draft, approved, locked)",n/a,Tracking,OK,,All 19 figures are drafts,2026-10-05
MISSING: Working Holiday Maker program and Permanent Migration Program snapshot xlsx,Home Affairs via data.gov.au,Visa program grants and outcomes,Recent financial years,Official administrative,Missing,,Permanent outcomes now come from the 2024-25 Migration Program report (PDF). Working Holiday Maker grants still missing (lower priority),2026-10-04
"MISSING: ABS Retirement and Retirement Intentions 2024-25, Tables 9 and 14 (62380_Table09.xlsx, 62380_Table14.xlsx)","ABS 6238.0 via abs.gov.au (release page, Data downloads)",Age at retirement by year of retirement (Table 14); age people intend to retire (Table 9),2024-25 survey,Official,Missing (optional),,"Would replace the provisional retirement weights. Optional once the ACLD tables are in, since they give exits from work by age for each job",2026-10-03
"MISSING: ACLD 2016-2021 TableBuilder exports (acld_occupation_2016_by_2021.csv, acld_occupation_2016_by_age_by_status_2021.csv)","ABS TableBuilder: Australian Census Longitudinal Dataset, 2016-2021 (access requested)","Occupation in 2016 by occupation in 2021; occupation in 2016 by age by work status in 2021 (linked records, weighted)",Census 2016 to Census 2021,"Official (linked Census, perturbed)",Optional upgrade (not pursued for now),,"Would give job-by-job career moves, including moves within broad groups. Needs TableBuilder access approval",2026-10-03
"MISSING: Party plan scenario inputs (government, Coalition, One Nation, Greens and others)","Party policy documents, Budget papers (NOM forecasts), Home Affairs planning levels, media releases","Each plan's announced numbers: NOM or cap levels by year, permanent program size, student and temporary visa limits, timing",,Announcement (not law) or forecast,Partly filled (see tidy/policy_migration_positions.csv),,"Built from Budget papers, ministerial releases, party pages and news reports, each row sourced and dated. Decided 4 Oct 2026: One Nation's net-negative years use a labelled illustrative range built from the party's own figures. Still open: the Coalition's number is not final",2026-10-04
MISSING: Migrant job outcomes (working in the selected occupation),ABS Characteristics of Recent Migrants; Home Affairs Continuous Survey of Australia's Migrants; JSA research; ABS MADIP-based releases,Share of skilled migrants working in their nominated occupation or skill level,,Official survey or research,Partly filled (employment by visa stream in analysis/migrant_outcomes_by_stream.csv),,"No official source publishes whether migrants work in their nominated occupation. Employment, income and other outcomes by visa stream now come from ABS Migrant settlement outcomes 2026. Occupation by visa stream would need ABS TableBuilder (ACMID 2021)",2026-10-04
"MISSING: Net overseas migration by age, and labour force status by visa or migrant group",ABS Overseas Migration (NOM by age); ABS Labour Force / Characteristics of Recent Migrants,Age profile of arrivals and departures; employment and participation rates of recent migrants,,Official,Mostly filled (arrivals by age and labour force status by visa stream now in),,"Arrivals by age come from Graph 4.1 (transcribed). Still missing: departures by age, which the release page does not publish (TableBuilder would have them). The model applies the arrivals' age mix to net migration",2026-10-04
MISSING: Published estimates of migration's economic effects,"Treasury (Intergenerational Report), Productivity Commission, RBA, Grattan Institute and peer-reviewed studies","Ranges for effects on GDP per person, wages, housing costs and the budget",,Research estimates,Partly filled (see tidy/research_economic_effects.csv),,"PC 2016, Treasury 2021, IGR 2026 (via SBS), RBA 2019 and 2024, Brell and Dustmann 2019. IGR figures need checking against its Appendix A4",2026-10-04
MISSING: Average household size by state (Census 2021),ABS 2021 Census DataPacks (state level),Persons per occupied private dwelling,,Official,Missing (optional),,Would give a benchmark for people added per home completed. Not assumed anywhere for now,2026-10-04
MISSING: ABS ANZSCO to OSCA correspondence,"ABS, OSCA release (correspondence files)",Code-to-code links between ANZSCO and OSCA,,Official classification,Resolved (file now in the folder),,"OSCA correspondence tables v2.xlsx, processed into tidy/abs_osca_correspondences.csv and analysis/anzsco_osca_unit_group_crosswalk.csv",2026-10-04
MISSING: OSCA-based occupation profiles and Labour Force Survey occupation data,"JSA occupation profiles; ABS Labour Force, Detailed",Occupation data on the OSCA basis,,Official,Check if released,,JSA's OSCA file (Census 2021) says OSCA Labour Force Survey data is expected in late 2026; check again before switching,2026-10-04
"MISSING: Gross state product (ABS 5220.0, annual)","ABS, Australian National Accounts: State Accounts",Output by state,,Official,Missing (optional),,"State final demand is in, but it leaves out trade",2026-10-04
"MISSING: 2026 Intergenerational Report PDF (Treasury, 21 Sep 2026)",treasury.gov.au,Appendix A4: sensitivity of projections to migration assumptions,To 2065-66,Official projection,"Missing (optional, to verify)",,"Would confirm the migration sensitivity figures now taken from SBS and The Guardian. The PDF is on treasury.gov.au (2026 Intergenerational Report, Appendix A4); it could not be read from here",2026-10-04
