item,value,unit,period,number_type,source_table,mcg_crowds,per_day,nearest_place,times_nearest_place,plain_words
"Net overseas migration, latest 12 months",292137,people,Year to March 2026,Official estimate (ABS),tidy/abs_population_quarterly_by_state.csv,2.92,800,NT,1.09,"About 2.9 full MCGs, or about 800 people a day; about the population of the Northern Territory"
"Net overseas migration, record 12 months",555798,people,Year to September 2023,Official estimate (ABS),tidy/abs_population_quarterly_by_state.csv,5.56,1523,TAS,0.96,"About 5.6 full MCGs, or about 1,500 people a day; about the population of Tasmania"
"Population growth, latest 12 months",392728,people,Year to March 2026,Official estimate (ABS),tidy/abs_population_quarterly_by_state.csv,3.93,1076,ACT,0.8,"About 3.9 full MCGs, or about 1,100 people a day; about 80% of the population of the ACT"
"Government plan, 2026-27",245000,people,2026-27,Forecast (Treasury),analysis/scenario_nom_paths.csv,2.45,671,NT,0.91,"About 2.4 full MCGs, or about 670 people a day; about the population of the Northern Territory"
"Government plan, from 2027-28",225000,people,2027-28 onward,Forecast (Treasury),analysis/scenario_nom_paths.csv,2.25,616,NT,0.84,"About 2.2 full MCGs, or about 620 people a day; about 84% of the population of the Northern Territory"
"Coalition cap, rule applied to the latest homes completed",173523,people,Each year,Party policy applied to official data,analysis/scenario_nom_paths.csv; analysis/housing_vs_population_by_state.csv,1.73,475,NT,0.65,"About 1.7 full MCGs, or about 480 people a day; about 65% of the population of the Northern Territory"
"One Nation, each of the first three years (midpoint of our illustration)",-127667,people,Plan years 1 to 3,Our illustration (not a party figure),analysis/scenario_nom_paths.csv,-1.28,-350,NT,0.47,"More people leaving than arriving: about 1.3 full MCGs, or about 350 people a day; about 47% of the population of the Northern Territory"
One Nation cut to temporary visa holders (party's own breakdown),-766000,people,Over three years,Party policy (not law),tidy/policy_migration_positions.csv,-7.66,-700,TAS,1.32,"A cut of about 7.7 full MCGs, or about 700 people a day for three years; about 1.3 times the population of Tasmania"
One Nation cap from year four,130000,people,Plan year 4 onward,Party policy (not law),analysis/scenario_nom_paths.csv,1.3,356,NT,0.48,"About 1.3 full MCGs, or about 360 people a day; about 48% of the population of the Northern Territory"
"Homes completed, latest 12 months",173523,homes,Year to March 2026,Official data (ABS),analysis/housing_vs_population_by_state.csv,,475,,,About 480 homes a day
Temporary visa holders in Australia,2878973,people,31 August 2026,Official data (Home Affairs),tidy/bp0019_temporary_visa_holders.csv,28.78,,SA,1.5,About 28.8 full MCGs; about 1.5 times the population of South Australia
Temporary skilled visas granted to main applicants,69335,people,2025-26,Official data (Home Affairs),analysis/named_sector_summary_national.csv,0.69,190,NT,0.26,"About 0.7 full MCGs, or about 190 people a day; about 26% of the population of the Northern Territory"
