sector_id,sector_name,short_name,sector_group,includes,note,occupations,unit_group_codes
nurses,Nurses and midwives,Nurses & midwives,Health and care,"Registered and enrolled nurses, midwives, and nurse managers and educators",Assistants in nursing and personal care workers are in Aged and disability care,5,2541 2542 2543 2544 4114
doctors,Doctors,Doctors,Health and care,"GPs, hospital doctors, specialists, surgeons, anaesthetists and psychiatrists",,6,2531 2532 2533 2534 2535 2539
other_health,Other health workers,Other health,Health and care,"Physiotherapists, pharmacists, dentists, psychologists, paramedics, radiographers, occupational therapists, medical lab scientists and medical technicians","Workplace health and safety advisers are in Business, finance and law, because few of them work in health care",21,1342 2346 2511 2512 2514 2515 2519 2521 2522 2523 2524 2525 2526 2527 2723 3112 4111 4112 4115 4116 4232
aged_disability,Aged and disability care,Aged & disability care,Health and care,"Aged and disability carers, personal care workers and assistants in nursing","Personal care workers in hospitals are included too, because the data does not separate them",3,4113 4231 4233
child_care,Child care,Child care,Health and care,Child care workers (educators) and child care centre managers,"Early childhood teachers are in Teaching and education, because teacher training data is not split by level",2,1341 4211
teaching,Teaching and education,Teaching,"Education, community and safety","School and early childhood teachers, university and TAFE teachers, teacher aides, principals and workplace trainers",,14,1343 1344 2233 2411 2412 2413 2414 2415 2421 2422 2491 2492 2493 4221
community,Community and social services,Community services,"Education, community and safety","Social workers, counsellors, welfare and youth workers, interpreters and translators, and ministers of religion",,7,2721 2722 2724 2725 2726 4117 4234
police_security,"Police, fire and security","Police, fire & security","Education, community and safety","Police, security officers, firefighters and prison officers, plus a small number of defence force members","Paramedics are in Other health workers. Full-time defence force members are not counted, because the ABS Labour Force Survey behind the job numbers leaves them out",7,1391 1392 4411 4412 4413 4421 4422
construction,Building and construction,Construction,"Building, trades and engineering","Carpenters, electricians, plumbers, bricklayers, painters, plasterers, tilers, labourers, earthmoving and crane operators, construction managers, architects, surveyors and town planners","Electricians, air-conditioning mechanics and electronics trades workers are here, because construction employs more of them than any other industry",29,1331 2321 2322 2326 3121 3126 3311 3312 3321 3322 3331 3332 3333 3334 3341 3411 3421 3422 3423 7121 7212 8211 8212 8213 8214 8215 8216 8217 8219
mechanics_metal,Mechanics and metal trades,Mechanics & metal trades,"Building, trades and engineering","Motor mechanics, auto electricians, welders, metal fitters and machinists, panelbeaters, vehicle painters and aircraft maintenance engineers",,13,3211 3212 3221 3222 3223 3231 3232 3233 3234 3241 3242 3243 8994
engineering,Engineering,Engineering,"Building, trades and engineering","Civil, electrical, mechanical, chemical and other engineers, engineering managers, draftspersons and technicians",Mining engineers are in Mining,12,1332 2331 2332 2333 2334 2335 2339 3122 3123 3124 3125 3129
farming,"Farming, gardening and animals",Farming & gardening,"Farms, mines and factories","Farmers, farm and orchard workers, shearers, gardeners, greenkeepers, nursery workers, florists, pest controllers, vets, vet nurses and animal carers","Gardeners, florists and pest controllers are here because the job and training data group them with farm and garden work",42,1211 1212 1213 1214 1215 1216 1217 2347 3111 3113 3431 3611 3612 3613 3621 3622 3623 3624 3625 3626 3627 3631 3632 3633 7211 8411 8412 8413 8414 8415 8416 8419 8421 8422 8423 8424 8431 8432 8433 8434 8439 8992
mining,Mining,Mining,"Farms, mines and factories","Miners and drillers, mining engineers, geologists, and gas, oil and power plant operators",,4,2336 2344 3992 7122
manufacturing,Manufacturing and factory work,Manufacturing,"Farms, mines and factories","Factory and machine workers, packers, assemblers, production managers, printers, cabinetmakers, boat builders and jewellers",,35,1334 1335 3921 3922 3923 3931 3932 3933 3941 3942 3991 3994 3996 3999 7111 7112 7113 7114 7115 7116 7117 7119 7123 7129 8311 8312 8313 8321 8322 8391 8392 8393 8394 8399 8995
tech,Tech and IT,Tech & IT,Tech and science,"Software developers, IT support, network and cyber security specialists, IT managers, IT sales and training, and telecommunications workers",,13,1351 2232 2252 2611 2612 2613 2621 2631 2632 2633 3131 3132 3424
science,Science,Science,Tech and science,"Chemists, environmental scientists, biologists, agricultural scientists, lab technicians and research managers",Medical lab scientists are in Other health workers; geologists are in Mining,7,1325 2341 2342 2343 2345 2349 3114
hospitality,Hospitality and food,Hospitality & food,Services and business,"Chefs, cooks, bakers, butchers, waiters, baristas, bar staff, kitchenhands, and cafe, hotel and club managers",,18,1411 1412 1413 1414 1419 3511 3512 3513 3514 4311 4312 4313 4314 4315 4319 8511 8512 8513
transport,Transport and logistics,Transport,Services and business,"Truck, bus, delivery, taxi and train drivers, pilots, flight attendants, couriers, forklift drivers, warehouse workers and logistics managers",,17,1336 1494 2311 2312 4517 5612 5614 5912 7213 7219 7311 7312 7313 7321 7331 7411 8911
retail,Retail and sales,Retail & sales,Services and business,"Shop assistants, checkout operators, shelf fillers, retail managers, sales representatives, real estate agents and wholesalers",,23,1333 1421 2254 6111 6112 6113 6121 6211 6212 6213 6214 6215 6216 6217 6219 6311 6391 6392 6393 6394 6395 6399 8912
business,"Business, finance and law","Business, finance & law",Services and business,"Chief executives and general managers; finance, HR, sales, marketing, bank and facilities managers; accountants, financial advisers, lawyers and legal staff; consultants, policy analysts and workplace safety advisers","Managers of shops, building sites, IT, schools and other specialist areas are in those sectors",30,1111 1112 1113 1311 1321 1322 1323 1324 1399 1499 2211 2212 2221 2222 2223 2231 2241 2243 2244 2245 2247 2249 2251 2253 2513 2711 2712 2713 5991 5992
office,Office and admin,Office & admin,Services and business,"Clerks, receptionists, bookkeepers, payroll and bank workers, personal assistants, office managers and call centre staff",,29,1492 5110 5111 5121 5122 5211 5212 5311 5321 5411 5412 5421 5511 5512 5513 5521 5522 5523 5611 5613 5615 5616 5619 5911 5993 5994 5995 5996 5999
arts_media,"Arts, design and media",Arts & media,Services and business,"Actors, musicians, artists, photographers, designers, journalists, writers, librarians and museum staff",,16,2111 2112 2113 2114 2121 2122 2123 2124 2242 2246 2323 2324 2325 3993 3995 5997
personal_services,"Sport, travel and personal services",Sport & personal services,Services and business,"Hairdressers, beauty therapists, fitness instructors, sports coaches, travel agents, tour guides, event organisers and funeral workers",,14,1491 1493 3911 4511 4512 4513 4514 4515 4516 4518 4521 4522 4523 4524
cleaning_labouring,Cleaning and other labouring,Cleaning & labouring,Services and business,"Cleaners, housekeepers, laundry workers, car detailers, handypersons, caretakers and other labourers",,11,8111 8112 8113 8114 8115 8116 8991 8993 8996 8997 8999
