sector_id,sector_name,short_name,sector_group,row_type,occupations,occupations_in_shortage,employed_may2025,share_of_all_jobs_pct,projected_may2030,projected_may2035,projected_growth_5y,projected_growth_5y_pct,projected_growth_10y,projected_growth_10y_pct,growth_vs_all_jobs_pp,projected_growth_per_year,retirements_per_year_est,career_moves_net_loss_per_year_est,new_workers_needed_per_year_est,jobs_in_shortage_pct,jobs_short_and_growing_faster_pct,jobs_assessed_pct,share_aged_55_plus_pct,job_ads_latest,job_ads_year_ago,job_ads_change_12m_pct,apprentice_commencements,apprentice_completions,local_training_effective,need_where_training_measured,local_training_per_100_needed,training_measured_share_of_need_pct,visa_grants_primary,visa_holders_primary,visa_holders_primary_year_ago,visa_holders_incl_family,visa_grants_per_1000_workers,visa_holders_per_1000_workers,visa_grants_per_100_needed,main_industry,main_industry_plain_name,main_industry_share_pct,second_industry,second_industry_plain_name,second_industry_share_pct,main_industry_employed_may2025,main_industry_growth_5y_pct,main_industry_visa_grants_primary
nurses,Nurses and midwives,Nurses & midwives,Health and care,Named sector,5,3,440586,3.0,499909,554131,59322,13.5,113545,25.8,7.0,11864,5169,-1643,15391,92.4,92.4,99.4,22.0,8881,7833,13.4,25,40,19378,13459,144,87,1932,3683,3211,3683,4.4,8.4,13,Health Care and Social Assistance,Health care and social assistance,93.9,Public Administration and Safety,Government and public safety,2.0,2369312,12.3,11749
doctors,Doctors,Doctors,Health and care,Named sector,6,6,153991,1.0,181595,204510,27604,17.9,50519,32.8,11.4,5521,2168,-731,6958,97.9,97.9,97.9,23.9,6861,5488,25.0,0,0,4260,6934,61,100,5048,6617,5600,6617,32.8,43.0,73,Health Care and Social Assistance,Health care and social assistance,96.6,Public Administration and Safety,Government and public safety,1.1,2369312,12.3,11749
other_health,Other health workers,Other health,Health and care,Named sector,21,12,503661,3.4,579627,643983,75964,15.1,140322,27.9,8.6,15193,4481,-885,18634,58.2,58.2,98.9,16.7,9021,9216,-2.1,2064,1479,2630,5350,49,29,1678,2825,2397,2825,3.3,5.6,9,Health Care and Social Assistance,Health care and social assistance,79.0,Retail Trade,Retail trade,7.2,2369312,12.3,11749
aged_disability,Aged and disability care,Aged & disability care,Health and care,Named sector,3,1,495513,3.4,552113,592798,56598,11.4,97285,19.6,4.9,11320,6540,1078,18937,74.7,74.7,99.3,25.2,5241,5089,3.0,3915,2955,1248,18821,7,99,1859,3883,2452,3883,3.8,7.8,10,Health Care and Social Assistance,Health care and social assistance,90.5,Administrative and Support Services,Admin and support services,2.6,2369312,12.3,11749
child_care,Child care,Child care,Health and care,Named sector,2,1,192473,1.3,195977,203479,3505,1.8,11006,5.7,-4.7,701,1023,1438,3161,89.6,0.0,99.4,10.9,3350,4084,-18.0,10730,9345,3944,2571,153,81,1058,1648,730,1648,5.5,8.6,33,Health Care and Social Assistance,Health care and social assistance,53.9,Education and Training,Education and training,36.0,2369312,12.3,11749
teaching,Teaching and education,Teaching,"Education, community and safety",Named sector,14,6,931295,6.3,990076,1054661,58784,6.3,123366,13.2,-0.2,11757,10958,-3059,19656,50.2,3.8,87.8,22.3,5770,6602,-12.6,550,380,17587,12436,141,63,1807,2679,2116,2679,1.9,2.9,9,Education and Training,Education and training,87.9,Health Care and Social Assistance,Health care and social assistance,4.6,1267618,5.7,3068
community,Community and social services,Community services,"Education, community and safety",Named sector,7,0,261644,1.8,288815,310969,27172,10.4,49325,18.9,3.9,5434,3189,-509,8115,0.0,0.0,99.5,22.6,5545,5913,-6.2,1890,665,224,2305,10,28,843,1702,1339,1702,3.2,6.5,10,Health Care and Social Assistance,Health care and social assistance,52.7,Public Administration and Safety,Government and public safety,14.7,2369312,12.3,11749
police_security,"Police, fire and security","Police, fire & security","Education, community and safety",Named sector,7,0,177515,1.2,188093,196922,10578,6.0,19407,10.9,-0.5,2116,1435,401,3952,0.0,0.0,94.9,17.1,1060,938,13.0,465,340,143,2440,6,62,9,15,6,15,0.1,0.1,0,Public Administration and Safety,Government and public safety,85.9,Health Care and Social Assistance,Health care and social assistance,2.2,988982,7.4,87
construction,Building and construction,Construction,"Building, trades and engineering",Named sector,29,20,1250853,8.5,1325324,1387225,74470,6.0,136372,10.9,-0.5,14894,10786,230,25909,75.6,13.5,89.3,16.6,18900,17221,9.7,45070,32235,25703,17656,146,68,5045,11671,9904,11671,4.0,9.3,19,Construction,Construction,68.8,"Professional, Scientific and Technical Services",Professional and technical services,6.0,1347968,6.9,5847
mechanics_metal,Mechanics and metal trades,Mechanics & metal trades,"Building, trades and engineering",Named sector,13,12,400875,2.7,410577,428600,9704,2.4,27725,6.9,-4.1,1941,3883,-825,4998,94.6,0.0,98.2,18.9,9630,9532,1.0,20620,15105,11911,4913,242,98,7750,19911,16628,19911,19.3,49.7,155,Other Services,"Repairs, personal and other services",28.9,Manufacturing,Manufacturing,22.2,546681,2.9,7381
engineering,Engineering,Engineering,"Building, trades and engineering",Named sector,12,7,319390,2.2,351582,378814,32196,10.1,59424,18.6,3.6,6439,2921,-971,8389,51.7,39.3,91.4,17.5,5860,5267,11.3,150,140,75,1443,5,17,5095,10982,10161,10982,16.0,34.4,61,"Professional, Scientific and Technical Services",Professional and technical services,31.3,Construction,Construction,13.4,1351632,10.1,9248
farming,"Farming, gardening and animals",Farming & gardening,"Farms, mines and factories",Named sector,42,6,476761,3.2,481332,504065,4568,1.0,27303,5.7,-5.5,914,9470,-248,10176,10.4,2.8,64.4,32.4,2889,2964,-2.5,6491,4191,2508,5736,44,56,1304,3134,3006,3134,2.7,6.6,13,"Agriculture, Forestry and Fishing","Farming, forestry and fishing",47.6,Administrative and Support Services,Admin and support services,12.1,305412,-0.5,2388
mining,Mining,Mining,"Farms, mines and factories",Named sector,4,3,106931,0.7,113260,117410,6328,5.9,10478,9.8,-0.6,1266,885,-767,1383,87.6,27.6,96.5,17.1,2210,1808,22.2,2684,1877,855,506,169,37,426,930,999,930,4.0,8.7,31,Mining,Mining,62.9,Construction,Construction,8.4,322615,5.6,1858
manufacturing,Manufacturing and factory work,Manufacturing,"Farms, mines and factories",Named sector,35,7,472424,3.2,485600,509838,13182,2.8,37414,7.9,-3.7,2636,5576,360,8573,12.1,0.0,63.2,23.0,6806,6953,-2.1,5540,4316,1848,3650,51,43,782,1494,1164,1494,1.7,3.2,9,Manufacturing,Manufacturing,51.2,Construction,Construction,7.4,874265,4.9,5491
tech,Tech and IT,Tech & IT,Tech and science,Named sector,13,1,629563,4.3,715271,778470,85707,13.6,148908,23.7,7.1,17141,3602,-1536,19208,2.7,0.0,95.1,12.2,7553,8503,-11.2,1260,1245,852,1823,47,9,6954,13726,14566,13726,11.0,21.8,36,"Professional, Scientific and Technical Services",Professional and technical services,38.0,Financial and Insurance Services,Finance and insurance,10.6,1351632,10.1,9248
science,Science,Science,Tech and science,Named sector,7,1,124617,0.8,136187,146813,11569,9.3,22195,17.8,2.8,2314,1196,-339,3284,7.6,7.6,95.4,18.1,1142,1172,-2.6,581,315,166,436,38,13,573,1367,1289,1367,4.6,11.0,17,"Professional, Scientific and Technical Services",Professional and technical services,21.5,Public Administration and Safety,Government and public safety,14.3,1351632,10.1,9248
hospitality,Hospitality and food,Hospitality & food,Services and business,Named sector,18,4,839782,5.7,875236,925573,35453,4.2,85791,10.2,-2.3,7091,4952,9292,21336,25.4,0.0,69.0,11.3,10633,9902,7.4,9090,5440,2883,17484,16,82,9456,21123,16609,21123,11.3,25.2,44,Accommodation and Food Services,"Hotels, cafes and restaurants",73.8,Retail Trade,Retail trade,6.1,962089,3.5,9454
transport,Transport and logistics,Transport,Services and business,Named sector,17,6,891747,6.1,929138,976202,37390,4.2,84455,9.5,-2.3,7478,12431,-7492,12637,31.7,0.0,90.9,26.1,11483,10308,11.4,3205,2110,1225,5313,23,42,987,1622,1143,1622,1.1,1.8,8,"Transport, Postal and Warehousing","Transport, post and warehousing",47.7,Retail Trade,Retail trade,8.6,754127,3.5,1568
retail,Retail and sales,Retail & sales,Services and business,Named sector,23,0,1526006,10.4,1563798,1634653,37785,2.5,108648,7.1,-4.0,7557,13733,27142,48433,0.0,0.0,43.3,16.7,20932,21238,-1.4,3600,4045,1706,37278,5,77,1420,1878,1009,1878,0.9,1.2,3,Retail Trade,Retail trade,54.6,Accommodation and Food Services,"Hotels, cafes and restaurants",12.4,1346992,2.5,3407
business,"Business, finance and law","Business, finance & law",Services and business,Named sector,30,2,1753714,11.9,1933328,2081968,179612,10.2,328254,18.7,3.7,35922,17137,-3202,49855,7.5,5.7,99.0,18.7,26506,27442,-3.4,570,355,5,1137,0,2,10441,18555,16703,18555,6.0,10.6,21,"Professional, Scientific and Technical Services",Professional and technical services,24.0,Financial and Insurance Services,Finance and insurance,14.5,1351632,10.1,9248
office,Office and admin,Office & admin,Services and business,Named sector,29,0,1757474,12.0,1831126,1932518,73652,4.2,175044,10.0,-2.3,14730,21928,-20747,17418,0.0,0.0,98.1,23.8,29371,30921,-5.0,9810,7020,1088,15590,7,90,1374,2065,1431,2065,0.8,1.2,8,Health Care and Social Assistance,Health care and social assistance,16.1,Public Administration and Safety,Government and public safety,12.7,2369312,12.3,11749
arts_media,"Arts, design and media",Arts & media,Services and business,Named sector,16,0,251700,1.7,274016,294898,22316,8.9,43197,17.2,2.4,4463,2495,-986,5973,0.0,0.0,97.9,18.2,2353,2290,2.8,166,77,37,222,17,4,399,840,817,840,1.6,3.3,7,"Professional, Scientific and Technical Services",Professional and technical services,27.3,Information Media and Telecommunications,Media and telecommunications,17.7,1351632,10.1,9248
personal_services,"Sport, travel and personal services",Sport & personal services,Services and business,Named sector,14,5,335064,2.3,349981,370456,14915,4.5,35392,10.6,-2.0,2983,2422,1899,7303,40.6,0.0,99.6,13.5,3564,3684,-3.3,5370,3290,1614,6164,26,84,972,1872,1652,1872,2.9,5.6,13,Other Services,"Repairs, personal and other services",40.6,Arts and Recreation Services,"Arts, sport and recreation",17.2,546681,2.9,7381
cleaning_labouring,Cleaning and other labouring,Cleaning & labouring,Services and business,Named sector,11,0,407406,2.8,409993,426576,2587,0.6,19170,4.7,-5.9,517,7216,2104,9838,0.0,0.0,3.3,31.4,7979,7650,4.3,880,510,163,5848,3,59,34,49,19,49,0.1,0.1,0,Administrative and Support Services,Admin and support services,31.9,Accommodation and Food Services,"Hotels, cafes and restaurants",9.3,429755,3.6,291
not_recorded,Occupation not recorded (visa data only),Not recorded,,Visa data only,,,,,,,,,,,,,,,,,,,,,,,,,,,,,2089,6115,4492,126308,,,,,,,,,,,,
all,All jobs,All jobs,,Total,378,103,14700986,100.0,15661954,16655530,960960,6.5,1954544,13.3,0.0,192192,155596,2,349517,29.5,11.6,84.0,19.9,213540,212018,0.7,134725,97475,102054,189515,54,54,69335,140386,119443,260579,4.7,9.5,20,,,,,,,,,
