assumption_id,assumption,value,unit,applies_to,source,number_type,why,alternative_not_taken
start,Every plan starts on 1 July 2026 (plan year 1 = 2026-27),2026-27,,All plans,This project,Assumption (ours),Compares the plans on the same footing,Start the opposition plans after the next federal election (due by 2028)
horizon,"Four years, 2026-27 to 2029-30",4,years,All plans,This project,Assumption (ours),"Matches the Budget's forward estimates, the longest official NOM path",A ten-year horizon
gov_path,Government NOM follows the 2026-27 Budget,"245,000 then 225,000",people a year,Government (Labor),analysis/scenario_nom_paths.csv (each plan's sources are listed there),Forecast (Treasury),The government's own published path,None
coalition_central,"Coalition cap = homes completed in the previous year, using the latest ABS 12 months, held flat","173,523",people a year,Coalition (Liberal-National),"ABS Building Activity, March quarter 2026 (analysis/housing_vs_population_by_state.csv)",Assumption (ours),Applies the party's stated rule to official data,"The ABC's estimated range (150,000 to 170,000); its low end is the 'low' case"
one_nation_path,"One Nation: our labelled range for the three net-negative years, then the 130,000 cap","-127,667 (range -255,333 to 0), then 130,000 (high case 230,000)",people a year,One Nation,analysis/scenario_nom_paths.csv (each plan's sources are listed there),Assumption (ours),"Built only from the party's own 766,000 figure (decided 4 Oct 2026)",Leave the years blank
reference,Reference line: NOM in the latest 12 months held flat (not a plan),"292,137",people a year,Reference: latest year held flat (not a plan),"ABS, National, state and territory population, March 2026 (tidy/abs_population_quarterly_by_state.csv)",Assumption (ours),Shows what the plans change compared with now,None
births_deaths,Births minus deaths stay at the latest 12 months in every state,"100,591 nationally",people a year,All plans,"ABS, National, state and territory population, March 2026 (tidy/abs_population_quarterly_by_state.csv)",Assumption (ours),Recent official figure; it changes slowly,Use the Budget's population projections
interstate,Moves between states stay at the latest 12 months,by state,people a year,All plans (states),"ABS, National, state and territory population, March 2026 (tidy/abs_population_quarterly_by_state.csv)",Assumption (ours),Recent official figure,Hold them at zero
state_shares,Each state gets the share of NOM it had over the last three years (also for negative NOM),"NSW 30%, VIC 29%, QLD 18%, WA 14%",share of NOM,All plans (states),"ABS, National, state and territory population, March 2026 (tidy/abs_population_quarterly_by_state.csv)",Assumption (ours),Smooths out single-year swings,Use the latest year only
start_population,Population at 30 June 2026 = official population at 2026-03 plus the June quarter a year earlier,"27,994,467",people,All plans,"ABS, National, state and territory population, March 2026 (tidy/abs_population_quarterly_by_state.csv)",Estimate (our model),The June 2026 figure is not published until December 2026,Start from March 2026 instead
household_size,"Homes needed = population growth / 2.5 people per home, in every state",2.5,people per home,All plans,"ABS, 2021 Census QuickStats, Australia: average number of people per household",Official data (ABS Census 2021),"The average household (official). New arrivals may live in bigger or smaller households than average, so treat homes needed as a rough guide",State household sizes (not in our data yet)
homes_completed,Homes completed stay at the latest ABS 12 months (year to 2026-03),"173,523 nationally",homes a year,All plans,"ABS Building Activity, March quarter 2026 (analysis/housing_vs_population_by_state.csv)",Assumption (ours),"A neutral benchmark; the Housing Accord pace (240,000 a year) is shown alongside",Use the Accord pace
working_age,Net migrants have the same age mix as 2024-25 arrivals,82.9% aged 15 to 64,share,All plans,"ABS, Overseas Migration 2024-25, Graph 4.1 'Overseas migrant arrivals - age and sex' (data table read from the release page on 4 Oct 2026)",Assumption (ours),ABS publishes arrivals by age on the release page but not departures,Leave working-age people out
one_nation_skilled,"One Nation's cut of 103,000 temporary skilled visa holders and dependants falls evenly across jobs (our illustration)","39.5% of 260,579 holders at 2026-06-30",share,One Nation,"Home Affairs, BP0019 temporary visa holders and BP0014 temporary skilled visas; tidy/policy_migration_positions.csv",Assumption (ours),The party gives a total but not which jobs; an even spread is the neutral starting point,Assume the cut falls on particular jobs
