quarter,births,deaths,natural_increase,nom_arrivals,nom_departures,nom,erp,erp_change_12m_pct
1981-06,60300.0,26700.0,33600.0,48200.0,19100.0,25600.0,14923300.0,
1981-09,61000.0,31500.0,29600.0,50000.0,19100.0,34100.0,14988700.0,
1981-12,55000.0,25700.0,29300.0,56700.0,21700.0,34500.0,15054100.0,
1982-03,60600.0,26100.0,34500.0,58700.0,26300.0,31400.0,15121700.0,
1982-06,60500.0,27700.0,32700.0,45300.0,20500.0,28100.0,15184200.0,1.75
1982-09,60300.0,33900.0,26400.0,45600.0,21200.0,26900.0,15239300.0,1.67
1982-12,58600.0,27100.0,31500.0,45600.0,24300.0,16300.0,15288900.0,1.56
1983-03,61900.0,25600.0,36400.0,47400.0,29300.0,19200.0,15346200.0,1.48
1983-06,61000.0,26400.0,34600.0,34100.0,22500.0,10900.0,15393500.0,1.38
1983-09,62000.0,31900.0,30100.0,34200.0,23900.0,13600.0,15439000.0,1.31
1983-12,57600.0,26200.0,31400.0,37800.0,24800.0,11300.0,15483500.0,1.27
1984-03,61100.0,25900.0,35200.0,41300.0,27000.0,11000.0,15531500.0,1.21
1984-06,59800.0,26900.0,32900.0,32000.0,23000.0,13200.0,15579400.0,1.21
1984-09,60700.0,31900.0,28800.0,36800.0,22000.0,18500.0,15628500.0,1.23
1984-12,56900.0,27200.0,29700.0,43400.0,24400.0,17200.0,15677300.0,1.25
1985-03,62300.0,26600.0,35600.0,46500.0,26400.0,21900.0,15736700.0,1.32
1985-06,62000.0,28500.0,33500.0,36500.0,22500.0,16200.0,15788300.0,1.34
1985-09,60800.0,35100.0,25800.0,40900.0,21400.0,23600.0,15839700.0,1.35
1985-12,57800.0,26700.0,31100.0,48700.0,23100.0,27700.0,15900600.0,1.42
1986-03,60000.0,26800.0,33100.0,53600.0,26200.0,25800.0,15961500.0,1.43
1986-06,60500.0,27500.0,33000.0,43200.0,21800.0,23400.0,16018400.0,1.46
1986-09,60800.0,31900.0,28800.0,47200.0,21200.0,29600.0,16075000.0,1.49
1986-12,62200.0,28700.0,33500.0,52700.0,23200.0,32000.0,16138800.0,1.5
1987-03,59100.0,27100.0,31900.0,57100.0,28200.0,35100.0,16204000.0,1.52
1987-06,60800.0,28400.0,32400.0,47500.0,22600.0,29100.0,16263900.0,1.53
1987-09,61500.0,32300.0,29300.0,54200.0,22900.0,37400.0,16328900.0,1.58
1987-12,62600.0,29600.0,33000.0,62800.0,24000.0,34500.0,16394600.0,1.59
1988-03,61500.0,29900.0,31600.0,69800.0,28000.0,47300.0,16471800.0,1.65
1988-06,60600.0,28700.0,31900.0,55400.0,24100.0,30200.0,16532200.0,1.65
1988-09,62200.0,33600.0,28500.0,62500.0,24800.0,53600.0,16612600.0,1.74
1988-12,62000.0,27600.0,34300.0,66100.0,27900.0,41800.0,16687100.0,1.78
1989-03,63400.0,27800.0,35600.0,67900.0,32600.0,43000.0,16764000.0,1.77
1989-06,62700.0,29800.0,32900.0,53400.0,27300.0,19100.0,16814400.0,1.71
1989-09,61900.0,36900.0,25000.0,57500.0,28200.0,34200.0,16872000.0,1.56
1989-12,62900.0,29800.0,33100.0,59300.0,31900.0,33200.0,16936700.0,1.5
1990-03,65000.0,29200.0,35800.0,64300.0,35900.0,34700.0,17005600.0,1.44
1990-06,67700.0,29200.0,38500.0,50800.0,32100.0,22600.0,17065100.0,1.49
1990-09,65800.0,33000.0,32900.0,58700.0,32600.0,24900.0,17121100.0,1.48
1990-12,64100.0,28700.0,35400.0,60200.0,36900.0,15000.0,17169800.0,1.38
1991-03,64900.0,28600.0,36300.0,68500.0,39900.0,33100.0,17237400.0,1.36
1991-06,66300.0,29300.0,37000.0,49000.0,32200.0,13500.0,17284000.0,1.28
1991-09,65300.0,33000.0,32200.0,60100.0,33500.0,25800.0,17338900.0,1.27
1991-12,62800.0,28800.0,34000.0,59600.0,38100.0,9300.0,17379000.0,1.22
1992-03,65700.0,27300.0,38400.0,68300.0,40200.0,27100.0,17441300.0,1.18
1992-06,65800.0,31700.0,34100.0,46100.0,32500.0,6400.0,17478600.0,1.13
1992-09,67200.0,34400.0,32800.0,52400.0,33200.0,15100.0,17523300.0,1.06
1992-12,63900.0,29600.0,34300.0,53700.0,37700.0,2800.0,17557100.0,1.03
1993-03,64300.0,27100.0,37200.0,59300.0,38800.0,18500.0,17609600.0,0.96
1993-06,65100.0,30300.0,34900.0,38400.0,31400.0,-6300.0,17634800.0,0.89
1993-09,66000.0,33500.0,32500.0,49300.0,33000.0,17800.0,17683700.0,0.92
1993-12,63700.0,29900.0,33800.0,50900.0,37300.0,4900.0,17719100.0,0.92
1994-03,65300.0,28500.0,36700.0,63500.0,37800.0,19500.0,17772100.0,0.92
1994-06,63900.0,31600.0,32300.0,43700.0,32000.0,4400.0,17805500.0,0.97
1994-09,66000.0,36700.0,29300.0,56600.0,33100.0,27800.0,17859300.0,0.99
1994-12,63800.0,30200.0,33600.0,58200.0,38900.0,3900.0,17893400.0,0.98
1995-03,64500.0,27800.0,36700.0,73300.0,40800.0,24700.0,17951600.0,1.01
1995-06,64300.0,31500.0,32800.0,50500.0,32700.0,23800.0,18004900.0,1.12
1995-09,65300.0,35000.0,30300.0,64000.0,35000.0,29100.0,18062200.0,1.14
1995-12,61200.0,30800.0,30400.0,66200.0,40800.0,29200.0,18119600.0,1.26
1996-03,62300.0,28900.0,33400.0,82700.0,43000.0,25100.0,18176000.0,1.25
1996-06,62000.0,31700.0,30300.0,49900.0,34200.0,20600.0,18224800.0,1.22
1996-09,65300.0,37100.0,28200.0,64300.0,36700.0,32300.0,18281300.0,1.21
1996-12,63800.0,30500.0,33300.0,64400.0,44300.0,19400.0,18330100.0,1.16
1997-03,61600.0,28400.0,33200.0,82700.0,46600.0,29400.0,18388700.0,1.17
1997-06,63600.0,31400.0,32200.0,49500.0,38900.0,6100.0,18423000.0,1.09
1997-09,64500.0,38000.0,26500.0,65100.0,42200.0,22900.0,18468700.0,1.03
1997-12,62100.0,31000.0,31000.0,62900.0,48800.0,14000.0,18510000.0,0.98
1998-03,60900.0,28400.0,32500.0,83400.0,49700.0,33700.0,18572400.0,1.0
1998-06,62300.0,31800.0,30500.0,54100.0,45600.0,8500.0,18607600.0,1.0
1998-09,64300.0,36400.0,27800.0,67600.0,41100.0,26500.0,18658400.0,1.03
1998-12,61500.0,30800.0,30700.0,63300.0,43200.0,20100.0,18705600.0,1.06
1999-03,62200.0,28800.0,33400.0,85400.0,50300.0,35100.0,18770500.0,1.07
1999-06,62700.0,32200.0,30500.0,55600.0,40800.0,14800.0,18812300.0,1.1
1999-09,64800.0,35900.0,28900.0,75300.0,45500.0,29700.0,18867700.0,1.12
1999-12,61400.0,31200.0,30100.0,73600.0,49000.0,24600.0,18919200.0,1.14
2000-03,62200.0,28900.0,33300.0,93900.0,56400.0,37400.0,18986700.0,1.15
2000-06,62100.0,32300.0,29800.0,62400.0,46900.0,15500.0,19028800.0,1.15
2000-09,64100.0,36300.0,27900.0,80200.0,48300.0,31900.0,19086000.0,1.16
2000-12,62300.0,31400.0,30900.0,81000.0,54400.0,26600.0,19141000.0,1.17
2001-03,61100.0,29200.0,31900.0,116100.0,61300.0,54800.0,19225200.0,1.26
2001-06,61800.0,32100.0,29700.0,71200.0,48800.0,22400.0,19274700.0,1.29
2001-09,64200.0,35200.0,29000.0,88800.0,53100.0,27700.0,19329100.0,1.27
2001-12,60800.0,32300.0,28500.0,80400.0,52900.0,31200.0,19386500.0,1.28
2002-03,62500.0,29600.0,32800.0,113900.0,63400.0,36400.0,19453400.0,1.19
2002-06,61900.0,33100.0,28900.0,70300.0,50300.0,15300.0,19495200.0,1.14
2002-09,63900.0,38100.0,25700.0,93600.0,53600.0,29900.0,19548900.0,1.14
2002-12,61800.0,32200.0,29600.0,84200.0,55700.0,28900.0,19605400.0,1.13
2003-03,61000.0,29400.0,31600.0,122000.0,61600.0,41600.0,19676600.0,1.15
2003-06,62500.0,32500.0,30000.0,74100.0,48700.0,16100.0,19720700.0,1.16
2003-09,64900.0,37800.0,27200.0,101700.0,54300.0,27200.0,19773400.0,1.15
2003-12,62300.0,32100.0,30200.0,90700.0,60300.0,25200.0,19827200.0,1.13
2004-03,63500.0,30300.0,33200.0,128900.0,66000.0,35500.0,19894100.0,1.11
2004-06,61300.0,33000.0,28200.0,80000.0,56100.0,12100.0,19932700.0,1.07
2004-09,65000.0,36800.0,28200.0,107700.0,57000.0,30400.0,19989700.0,1.09
2004-12,61700.0,32300.0,29500.0,95900.0,64600.0,28500.0,20046000.0,1.1
2005-03,64600.0,29500.0,35100.0,138700.0,69900.0,47100.0,20126600.0,1.17
2005-06,67000.0,32800.0,34100.0,84600.0,57500.0,17800.0,20176800.0,1.22
2005-09,68100.0,36500.0,31600.0,114100.0,59000.0,37400.0,20244700.0,1.28
2005-12,65900.0,32600.0,33300.0,104900.0,65400.0,34700.0,20311500.0,1.32
2006-03,65300.0,30700.0,34500.0,146000.0,72400.0,53200.0,20398100.0,1.35
2006-06,66800.0,34200.0,32600.0,92400.0,61400.0,21400.0,20451000.0,1.36
2006-09,72600.0,36400.0,36200.0,108400.0,51500.0,56900.0,20542300.0,1.47
2006-12,69700.0,33200.0,36500.0,105000.0,54400.0,50600.0,20627500.0,1.56
2007-03,72700.0,31600.0,41100.0,125200.0,49200.0,76000.0,20742800.0,1.69
2007-06,72300.0,34800.0,37500.0,98800.0,49600.0,49200.0,20827600.0,1.84
2007-09,75600.0,39300.0,36300.0,120100.0,57300.0,62800.0,20924200.0,1.86
2007-12,72600.0,34100.0,38500.0,116400.0,60400.0,56000.0,21016100.0,1.88
2008-03,74100.0,32200.0,41900.0,146600.0,53100.0,93500.0,21148900.0,1.96
2008-06,72900.0,35100.0,37700.0,118200.0,53100.0,65100.0,21249200.0,2.02
2008-09,76700.0,40500.0,36200.0,139000.0,54900.0,84100.0,21366000.0,2.11
2008-12,74600.0,34600.0,40000.0,132200.0,59100.0,73000.0,21475600.0,2.19
2009-03,73900.0,33100.0,40800.0,143200.0,54500.0,88700.0,21601700.0,2.14
2009-06,74900.0,35500.0,39400.0,105400.0,51400.0,54000.0,21691700.0,2.08
2009-09,76500.0,38000.0,38500.0,122600.0,60100.0,62500.0,21788100.0,1.98
2009-12,75500.0,35000.0,40500.0,107600.0,65900.0,41700.0,21865600.0,1.82
2010-03,76000.0,32700.0,43200.0,119200.0,59400.0,59900.0,21964100.0,1.68
2010-06,76000.0,35800.0,40300.0,88500.0,56500.0,32000.0,22031800.0,1.57
2010-09,76300.0,38500.0,37800.0,109600.0,67800.0,41800.0,22104400.0,1.45
2010-12,72500.0,35800.0,36600.0,107800.0,69400.0,38400.0,22172500.0,1.4
2011-03,76000.0,33800.0,42300.0,120400.0,59500.0,61000.0,22268800.0,1.39
2011-06,76300.0,37400.0,39000.0,94000.0,54700.0,39200.0,22340000.0,1.4
2011-09,76200.0,39600.0,36600.0,117700.0,62300.0,55400.0,22432800.0,1.49
2011-12,74200.0,36100.0,38200.0,116900.0,66300.0,50600.0,22522200.0,1.58
2012-03,78100.0,34100.0,44100.0,128700.0,54700.0,74000.0,22640900.0,1.67
2012-06,77500.0,37500.0,40000.0,104000.0,52100.0,51900.0,22733500.0,1.76
2012-09,78700.0,42200.0,36500.0,125900.0,62500.0,63300.0,22833900.0,1.79
2012-12,77900.0,35400.0,42500.0,119700.0,68800.0,51000.0,22928000.0,1.8
2013-03,77400.0,34200.0,43200.0,134200.0,63000.0,71200.0,23043000.0,1.78
2013-06,77100.0,37300.0,39800.0,102200.0,57500.0,44800.0,23128100.0,1.74
2013-09,76900.0,39700.0,37200.0,128100.0,73900.0,54200.0,23220200.0,1.69
2013-12,75700.0,37000.0,38700.0,114100.0,76000.0,38200.0,23297800.0,1.61
2014-03,77500.0,34900.0,42700.0,128200.0,63100.0,65000.0,23406200.0,1.58
2014-06,76900.0,38500.0,38400.0,94300.0,63900.0,30400.0,23475700.0,1.5
2014-09,79000.0,43100.0,35900.0,123300.0,73100.0,50200.0,23562900.0,1.48
2014-12,77100.0,37500.0,39500.0,113000.0,76300.0,36800.0,23640300.0,1.47
2015-03,76200.0,35800.0,40400.0,130000.0,66300.0,63800.0,23745600.0,1.45
2015-06,75400.0,39500.0,35900.0,98900.0,65600.0,33300.0,23816000.0,1.45
2015-09,78800.0,44100.0,34800.0,127400.0,77000.0,50400.0,23904300.0,1.45
2015-12,75900.0,38000.0,37900.0,116900.0,77600.0,39300.0,23984600.0,1.46
2016-03,78800.0,36100.0,42700.0,138100.0,65100.0,73000.0,24103400.0,1.51
2016-06,78200.0,39200.0,39000.0,106800.0,63300.0,43600.0,24190900.0,1.57
2016-09,79000.0,43700.0,35300.0,145200.0,71600.0,73700.0,24297500.0,1.65
2016-12,75800.0,39600.0,36200.0,129400.0,75900.0,53600.0,24385100.0,1.67
2017-03,76700.0,36800.0,39900.0,155100.0,66400.0,88800.0,24511400.0,1.69
2017-06,76300.0,40100.0,36200.0,110300.0,63000.0,47300.0,24592600.0,1.66
2017-09,77700.0,47400.0,30300.0,145200.0,75400.0,69700.0,24690100.0,1.62
2017-12,74500.0,38900.0,35600.0,120800.0,84900.0,35800.0,24759000.0,1.53
2018-03,76500.0,36300.0,40200.0,151000.0,65900.0,85100.0,24881800.0,1.51
2018-06,75900.0,39400.0,36500.0,110600.0,63100.0,47600.0,24963300.0,1.51
2018-09,76500.0,43300.0,33200.0,148600.0,74700.0,73800.0,25067400.0,1.53
2018-12,75300.0,39500.0,35900.0,124200.0,78500.0,45700.0,25146100.0,1.56
2019-03,76500.0,38400.0,38100.0,153200.0,69600.0,83600.0,25264900.0,1.54
2019-06,76400.0,41900.0,34600.0,124400.0,86200.0,38200.0,25334800.0,1.49
2019-09,76800.0,44800.0,32000.0,164500.0,90000.0,74500.0,25438100.0,1.48
2019-12,74300.0,39900.0,34300.0,165700.0,114400.0,51300.0,25520500.0,1.49
2020-03,74600.0,39100.0,35600.0,163700.0,88500.0,75200.0,25627900.0,1.44
2020-06,73600.0,40700.0,32900.0,12900.0,21200.0,-8300.0,25649200.0,1.24
2020-09,74300.0,43000.0,31200.0,19600.0,62200.0,-42600.0,25633300.0,0.77
2020-12,71200.0,40000.0,31200.0,39100.0,68400.0,-29300.0,25630700.0,0.43
2021-03,80200.0,39100.0,41100.0,41300.0,55500.0,-14200.0,25653000.0,0.1
2021-06,79400.0,43500.0,35900.0,45900.0,44800.0,1100.0,25685400.0,0.14
2021-09,78500.0,46100.0,32400.0,34900.0,47900.0,-13000.0,25704800.0,0.28
2021-12,77100.0,43500.0,33600.0,92300.0,56900.0,35400.0,25773800.0,0.56
2022-03,76800.0,45100.0,31700.0,161000.0,53400.0,107500.0,25913000.0,1.01
2022-06,76300.0,48600.0,27800.0,135800.0,57800.0,78000.0,26018700.0,1.3
2022-09,74800.0,51900.0,22900.0,180200.0,52500.0,127700.0,26169300.0,1.81
2022-12,72300.0,45900.0,26300.0,174400.0,49700.0,124600.0,26320300.0,2.12
2023-03,71300.0,42800.0,28500.0,214600.0,49100.0,165500.0,26514300.0,2.32
2023-06,72700.0,47600.0,25100.0,169200.0,48700.0,120500.0,26659900.0,2.46
2023-09,73700.0,47700.0,26000.0,197300.0,52100.0,145200.0,26831100.0,2.53
2023-12,71300.0,45200.0,26100.0,158000.0,58500.0,99500.0,26956700.0,2.42
2024-03,72100.0,43900.0,28200.0,185400.0,56700.0,128700.0,27113500.0,2.26
2024-06,73200.0,48200.0,24900.0,120800.0,64900.0,55800.0,27194300.0,2.0
2024-09,73100.0,50000.0,23100.0,152000.0,70400.0,81600.0,27299000.0,1.74
2024-12,72800.0,45000.0,27800.0,137700.0,73400.0,64300.0,27391100.0,1.61
2025-03,72400.0,42800.0,29600.0,170600.0,62800.0,107700.0,27528400.0,1.53
2025-06,73200.0,47800.0,25400.0,111200.0,63300.0,47900.0,27601700.0,1.5
2025-09,75500.0,52300.0,23300.0,154400.0,67300.0,87100.0,27712100.0,1.51
2025-12,68500.0,46500.0,22000.0,128800.0,72600.0,56100.0,27790300.0,1.46
2026-03,75200.0,45300.0,29900.0,163300.0,62300.0,101000.0,27921200.0,1.43
