age,males,females,persons,period
0,2460,2270,4730,2024-25
1,2750,2540,5290,2024-25
2,2700,2570,5270,2024-25
3,2990,2730,5720,2024-25
4,2920,2720,5640,2024-25
5,2930,2880,5810,2024-25
6,2760,2590,5350,2024-25
7,2680,2490,5170,2024-25
8,2560,2450,5010,2024-25
9,2590,2320,4910,2024-25
10,2460,2350,4810,2024-25
11,2390,2190,4580,2024-25
12,2340,2320,4660,2024-25
13,2180,2060,4240,2024-25
14,2190,2100,4290,2024-25
15,2180,2120,4300,2024-25
16,2200,2160,4360,2024-25
17,2850,2820,5670,2024-25
18,11110,10120,21230,2024-25
19,11620,10120,21740,2024-25
20,8840,7520,16360,2024-25
21,9050,8320,17370,2024-25
22,13600,13170,26770,2024-25
23,14110,13880,27990,2024-25
24,13170,13860,27030,2024-25
25,12710,13870,26580,2024-25
26,11720,13180,24900,2024-25
27,10910,12400,23310,2024-25
28,9930,11070,21000,2024-25
29,8880,9980,18860,2024-25
30,7970,8770,16740,2024-25
31,6960,7340,14300,2024-25
32,6030,6230,12260,2024-25
33,5580,5420,11000,2024-25
34,5240,5200,10440,2024-25
35,4860,4590,9450,2024-25
36,4490,4400,8890,2024-25
37,4240,4080,8320,2024-25
38,3860,3780,7640,2024-25
39,3730,3460,7190,2024-25
40,3520,3190,6710,2024-25
41,3130,2980,6110,2024-25
42,2960,2730,5690,2024-25
43,2620,2430,5050,2024-25
44,2300,2310,4610,2024-25
45,1980,1860,3840,2024-25
46,1750,1600,3350,2024-25
47,1480,1460,2940,2024-25
48,1360,1390,2750,2024-25
49,1310,1290,2600,2024-25
50,1260,1370,2630,2024-25
51,1170,1350,2520,2024-25
52,1160,1410,2570,2024-25
53,1100,1380,2480,2024-25
54,1060,1500,2560,2024-25
55,900,1150,2050,2024-25
56,860,1170,2030,2024-25
57,840,1190,2030,2024-25
58,790,1100,1890,2024-25
59,810,1240,2050,2024-25
60,950,1330,2280,2024-25
61,1030,1420,2450,2024-25
62,940,1340,2280,2024-25
63,820,1140,1960,2024-25
64,850,1170,2020,2024-25
65,870,1120,1990,2024-25
66,990,1200,2190,2024-25
67,910,1130,2040,2024-25
68,850,1020,1870,2024-25
69,800,1010,1810,2024-25
70,770,890,1660,2024-25
71,680,780,1460,2024-25
72,610,650,1260,2024-25
73,540,550,1090,2024-25
74,470,540,1010,2024-25
75,430,440,870,2024-25
76,350,370,720,2024-25
77,320,320,640,2024-25
78,280,290,570,2024-25
79,230,190,420,2024-25
80,170,210,380,2024-25
81,160,150,310,2024-25
82,130,140,270,2024-25
83,100,140,240,2024-25
84,100,110,210,2024-25
85,80,90,170,2024-25
86,60,80,140,2024-25
87,40,60,100,2024-25
88,30,40,70,2024-25
89,30,40,70,2024-25
90,20,30,50,2024-25
91,20,20,40,2024-25
92,10,20,30,2024-25
93,10,10,20,2024-25
94,0,10,10,2024-25
95,0,0,0,2024-25
96,0,0,0,2024-25
97,0,0,0,2024-25
98,0,0,0,2024-25
99,0,0,0,2024-25
100+,0,0,0,2024-25
