card_id,side,speaker,role,date_said,claim,short_quote,claim_type,topic,source_title,source_url,checked_on,quote_check
LAB-1,Labor,Tony Burke,Minister for Home Affairs,2026-09-17,"Net overseas migration has fallen to 292,000 in the year to March 2026, 47% below its post-Covid peak","NOM falling to 292,000, down 47 per cent from the post-Covid peak",Fact claim,Migration size and trend,Migration reform to end rorts and bring in the skills Australia needs for a strong economy (media release),https://minister.homeaffairs.gov.au/TonyBurke/Pages/migration-reform-end-rorts-bring-skills-australia-needs-strong-economy.aspx,2026-10-04,Quote and attribution checked against the source twice on 4 Oct 2026 (text extraction); check against the live page before publishing
LAB-2,Labor,Tony Burke,Minister for Home Affairs,2026-09-17,"The new changes are designed to bring net overseas migration to 245,000 in 2026-27 and 225,000 in 2027-28","245,000 in this financial year and 225,000 in 2027/28",Prediction or promise,Migration size and trend,Migration reform to end rorts and bring in the skills Australia needs for a strong economy (media release),https://minister.homeaffairs.gov.au/TonyBurke/Pages/migration-reform-end-rorts-bring-skills-australia-needs-strong-economy.aspx,2026-10-04,Quote and attribution checked against the source twice on 4 Oct 2026 (text extraction); check against the live page before publishing
LAB-3,Labor,Tanya Plibersek,Minister for Social Services,2026-09-14,The government has tripled the number of skilled visas going to people who work in construction,We've tripled the number of skilled visas of people who work in construction.,Fact claim,Skills shortages,'Race to the bottom': One Nation migration plan slammed (AAP),https://aapnews.aap.com.au/news/one-nation-pledges-to-slash-immigration-by-750-000,2026-10-04,Quote and attribution checked against the source twice on 4 Oct 2026 (text extraction); check against the live page before publishing
LAB-4,Labor,Jim Chalmers,Treasurer,2026-09-17,Net overseas migration has nearly halved from its peak and is falling faster than forecast,nearly halved from its peak; ahead of forecast,Fact claim,Migration size and trend (forecasts),"Migration: 17 Sep 2026: House debates (Hansard, Question Time, via OpenAustralia)",https://www.openaustralia.org.au/debates/?id=2026-09-17.56.1&m=667,2026-10-04,Quote and attribution checked against the source twice on 4 Oct 2026 (text extraction); check against the live page before publishing
COA-1,Coalition,Angus Taylor,Leader of the Opposition,2026-05-14,"Since Labor was elected, a record 1.4 million people have come in through migration, about 80% of population growth","Since Labor was elected, it has brought in a record 1.4 million people",Fact claim,Migration size and trend,Budget Address in Reply (Liberal Party transcript),https://www.liberal.org.au/2026/05/14/budget-address-in-reply,2026-10-04,Quote and attribution checked against the source twice on 4 Oct 2026 (text extraction); check against the live page before publishing
COA-2,Coalition,Angus Taylor,Leader of the Opposition,2026-05-14,"Under Labor, Australia has had the worst fall in living standards of any developed country",the worst collapse in living standards in the developed world,Fact claim,Economy (international comparison),Budget Address in Reply (Liberal Party transcript),https://www.liberal.org.au/2026/05/14/budget-address-in-reply,2026-10-04,Quote and attribution checked against the source twice on 4 Oct 2026 (text extraction); check against the live page before publishing
COA-3,Coalition,Andrew Bragg,Shadow Minister for Housing and Homelessness,2026-09-16,"About 1.5 million people have come into Australia under Labor, against about 500,000 new homes","1.5 million people and 500,000 new homes",Fact claim,Housing,"Migration: 16 Sep 2026: Senate debates (Hansard, via OpenAustralia)",https://www.openaustralia.org.au/senate/?id=2026-09-16.179.1&m=100967,2026-10-04,Quote and attribution checked against the source twice on 4 Oct 2026 (text extraction); check against the live page before publishing
COA-4,Coalition,Angus Taylor and Jonathon Duniam,Leader of the Opposition; Shadow Minister for Home Affairs and Immigration,2026-04-15,"Net permanent and long-term arrivals were 479,000 in the year to February 2026, and have run at 400,000 to 500,000 a year under Labor","net permanent and long-term arrivals of 479,000",Fact claim,Migration size and trend,Migration numbers explode under Labor as standards slip (Liberal Party release),https://www.liberal.org.au/2026/04/15/migration-numbers-explode-under-labor-as-standards-slip,2026-10-04,Quote and attribution checked against the source twice on 4 Oct 2026 (text extraction); check against the live page before publishing
ONP-1,One Nation,Pauline Hanson,"One Nation leader, Senator for Queensland",2026-09-16,Labor has added 1.6 million people to Australia's population since taking office in 2022,the 1.6 million people Labor has already added since coming to office,Fact claim,Migration size and trend,"Migration: 16 Sep 2026: Senate debates (Hansard, via OpenAustralia)",https://www.openaustralia.org.au/senate/?id=2026-09-16.179.1&m=100904,2026-10-04,Quote and attribution checked against the source twice on 4 Oct 2026 (text extraction); check against the live page before publishing
ONP-2,One Nation,Pauline Hanson,"One Nation leader, Senator for Queensland",2026-08-23,"Since taking office, Labor has repeatedly overshot its own net migration forecasts",repeatedly blown its own migration forecasts since coming to government,Fact claim,Migration size and trend (forecasts),"Social media post, as reported by ABC News: Hanson intervenes after One Nation MP says migration plan 'not too different' to Labor",https://www.abc.net.au/news/2026-08-23/one-nation-migration-rates-similar-labor/107068282,2026-10-04,Quote and attribution checked against the source twice on 4 Oct 2026 (text extraction); check against the live page before publishing
ONP-3,One Nation,Sean Bell,One Nation Senator for NSW,2026-09-16,"Almost four in five temporary residents live in capital cities, half of them in Sydney and Melbourne",almost four out of five temporary residents live in capital cities,Fact claim,Temporary visas,"Migration: 16 Sep 2026: Senate debates (Hansard, via OpenAustralia)",https://www.openaustralia.org.au/senate/?id=2026-09-16.179.1&m=100967,2026-10-04,Quote and attribution checked against the source twice on 4 Oct 2026 (text extraction); check against the live page before publishing
ONP-4,One Nation,One Nation (party),Party policy page,2026-09-15,"A One Nation government would cut temporary visas by 750,000, giving net negative migration for three years, then cap net migration at 130,000 a year","cut temporary visas by 750,000, delivering net negative migration for three years",Prediction or promise,Migration size; temporary visas,"One Nation's Immigration Plan: Cut 750,000 Temporary Visas and Cap Migration",https://www.onenation.org.au/immigration-radical-reset,2026-10-04,Quote and attribution checked against the source twice on 4 Oct 2026 (text extraction); check against the live page before publishing
GRN-1,Greens,David Shoebridge,"Greens immigration spokesperson, Senator for NSW",2026-09-17,"Twice as many people are on bridging visas now as three years ago, which he attributes to Labor policy",double the number of people on bridging visas today,Fact claim,Temporary visas,Labor's migration policy a bumbling return to Abbott era (Greens media release),https://greens.org.au/news/media-release/labors-migration-policy-bumbling-return-abbott-era,2026-10-04,Quote and attribution checked against the source twice on 4 Oct 2026 (text extraction); check against the live page before publishing
GRN-2,Greens,Australian Greens (party),Party media release,2026-09-17,"Partner visa waiting times have doubled in recent years to 40 months, and parent visas now take 30 years",Partner visas wait times have doubled in recent years to 40 months,Fact claim,Visa processing,Labor's migration policy a bumbling return to Abbott era (Greens media release),https://greens.org.au/news/media-release/labors-migration-policy-bumbling-return-abbott-era,2026-10-04,Quote and attribution checked against the source twice on 4 Oct 2026 (text extraction); check against the live page before publishing
BUS-1,Business,Melissa Byrne (Master Builders Australia),"National Director, Policy and Legal",2026-09-18,"About 7,040 skilled visa holders were working in core construction trades as at September 2025","around 7,040 skilled visa holders were working in core construction trade occupations",Fact claim,Skills shortages,Opening Statement: Inquiry into the value of skilled migration to Australia (Master Builders),https://masterbuilders.com.au/opening-statement-inquiry-into-the-value-of-skilled-migration-to-australia/,2026-10-04,Quote and attribution checked against the source twice on 4 Oct 2026 (text extraction); check against the live page before publishing
BUS-2,Business,Luke Sheehy (Universities Australia),Chief Executive,2026-05-15,International students make up about 6% of Australia's rental market,international students comprise only around six per cent of Australia's rental market,Fact claim,Housing; students,International students not low-hanging fruit in race to the bottom (media release),https://universitiesaustralia.edu.au/media-item/international-students-not-low-hanging-fruit-in-race-to-the-bottom/,2026-10-04,Quote and attribution checked against the source twice on 4 Oct 2026 (text extraction); check against the live page before publishing
BUS-3,Business,Andrew McKellar (ACCI),Chief Executive,2026-09-14,"Major cuts to skilled migration would damage the economy, hit the federal budget and weaken the capacity to provide services and lift living standards","Major cuts that reduce skilled migration would damage our economy, hit the budget",Prediction or promise,Economy and budget,'Race to the bottom': One Nation migration plan slammed (AAP),https://aapnews.aap.com.au/news/one-nation-pledges-to-slash-immigration-by-750-000,2026-10-04,Quote and attribution checked against the source twice on 4 Oct 2026 (text extraction); check against the live page before publishing
UNI-1,Union,Australian Workers' Union,National union (media release),2025-10-13,Pacific Australia Labour Mobility (PALM) workers make up about 6% of agricultural workers and nearly a third of meat processing workers,around 6% of all agricultural and nearly 33% of all meat processing workers,Fact claim,Jobs and wages,Government must not miss PALM reform opportunity: AWU (media release),https://awu.net.au/national/news/2025/10/23179/government-must-not-miss-palm-reform-opportunity-awu/,2026-10-04,Quote and attribution checked against the source twice on 4 Oct 2026 (text extraction); check against the live page before publishing
UNI-2,Union,ACTU,Peak union body (submission to a parliamentary inquiry),2025-12-20,"Some employers game the system, using temporary migration as cheap labour instead of training local workers",rather than training up and giving opportunities to local workers,Fact claim (qualitative),Training,Inquiry into the Value of Skilled Migration to Australia (ACTU submission),https://www.actu.org.au/policy/inquiry-into-the-value-of-skilled-migration-to-australia/,2026-10-04,Quote and attribution checked against the source twice on 4 Oct 2026 (text extraction); check against the live page before publishing
