financial_year,stream,visa_category,in_australia,outside_australia,total
2024-25,Skill,Employer Sponsored,31392.0,12608.0,44000.0
2024-25,Skill,Skilled Independent,12599.0,4301.0,16900.0
2024-25,Skill,Regional,13654.0,19294.0,32948.0
2024-25,Skill,State/Territory Nominated,21265.0,11735.0,33000.0
2024-25,Skill,Business Innovation & Investment,193.0,807.0,1000.0
2024-25,Skill,Global Talent,834.0,3166.0,4000.0
2024-25,Skill,Distinguished Talent,158.0,142.0,300.0
2024-25,Skill,Total,80095.0,52053.0,132148.0
2024-25,Family,Partner,18942.0,21558.0,40500.0
2024-25,Family,Parent,424.0,8076.0,8500.0
2024-25,Family,Other Family,167.0,333.0,500.0
2024-25,Family,Child,1054.0,1946.0,3000.0
2024-25,Family,Total,20587.0,31913.0,52500.0
2024-25,Special Eligibility,Total,340.0,13.0,353.0
2024-25,Migration Program,Total,101022.0,83979.0,185001.0
