financial_year,stream,places
2014-15,Skill,127774.0
2014-15,Family,61085.0
2014-15,Child,0.0
2014-15,Special Eligibility,238.0
2014-15,Total,189097.0
2015-16,Skill,128550.0
2015-16,Family,57400.0
2015-16,Child,3512.0
2015-16,Special Eligibility,308.0
2015-16,Total,189770.0
2016-17,Skill,123567.0
2016-17,Family,56220.0
2016-17,Child,3400.0
2016-17,Special Eligibility,421.0
2016-17,Total,183608.0
2017-18,Skill,111099.0
2017-18,Family,47732.0
2017-18,Child,3350.0
2017-18,Special Eligibility,236.0
2017-18,Total,162417.0
2018-19,Skill,109713.0
2018-19,Family,47247.0
2018-19,Child,3248.0
2018-19,Special Eligibility,115.0
2018-19,Total,160323.0
2019-20,Skill,95843.0
2019-20,Family,41961.0
2019-20,Child,2481.0
2019-20,Special Eligibility,81.0
2019-20,Total,140366.0
2020-21,Skill,79620.0
2020-21,Family,77372.0
2020-21,Child,3006.0
2020-21,Special Eligibility,54.0
2020-21,Total,160052.0
2021-22,Skill,89063.0
2021-22,Family,51288.0
2021-22,Child,3006.0
2021-22,Special Eligibility,199.0
2021-22,Total,143556.0
2022-23,Skill,142344.0
2022-23,Family,52500.0
2022-23,Child,0.0
2022-23,Special Eligibility,160.0
2022-23,Total,195004.0
2023-24,Skill,137100.0
2023-24,Family,52720.0
2023-24,Child,0.0
2023-24,Special Eligibility,180.0
2023-24,Total,190000.0
2024-25,Skill,132148.0
2024-25,Family,52500.0
2024-25,Child,0.0
2024-25,Special Eligibility,353.0
2024-25,Total,185001.0
