anzsic_division,industry,quarter,employed
A,"Agriculture, Forestry and Fishing",2006-02,348100.0
B,Mining,2006-02,123700.0
C,Manufacturing,2006-02,1014100.0
D,"Electricity, Gas, Water and Waste Services",2006-02,102400.0
E,Construction,2006-02,872300.0
F,Wholesale Trade,2006-02,382500.0
G,Retail Trade,2006-02,1162900.0
H,Accommodation and Food Services,2006-02,668900.0
I,"Transport, Postal and Warehousing",2006-02,498200.0
J,Information Media and Telecommunications,2006-02,233200.0
K,Financial and Insurance Services,2006-02,378600.0
L,"Rental, Hiring and Real Estate Services",2006-02,188100.0
M,"Professional, Scientific and Technical Services",2006-02,713100.0
N,Administrative and Support Services,2006-02,347200.0
O,Public Administration and Safety,2006-02,616000.0
P,Education and Training,2006-02,734500.0
Q,Health Care and Social Assistance,2006-02,1028200.0
R,Arts and Recreation Services,2006-02,173700.0
S,Other Services,2006-02,409100.0
A,"Agriculture, Forestry and Fishing",2006-05,347100.0
B,Mining,2006-05,127000.0
C,Manufacturing,2006-05,1012500.0
D,"Electricity, Gas, Water and Waste Services",2006-05,104200.0
E,Construction,2006-05,886000.0
F,Wholesale Trade,2006-05,384500.0
G,Retail Trade,2006-05,1163700.0
H,Accommodation and Food Services,2006-05,669000.0
I,"Transport, Postal and Warehousing",2006-05,501000.0
J,Information Media and Telecommunications,2006-05,233400.0
K,Financial and Insurance Services,2006-05,384300.0
L,"Rental, Hiring and Real Estate Services",2006-05,189800.0
M,"Professional, Scientific and Technical Services",2006-05,722700.0
N,Administrative and Support Services,2006-05,347400.0
O,Public Administration and Safety,2006-05,621700.0
P,Education and Training,2006-05,737200.0
Q,Health Care and Social Assistance,2006-05,1040500.0
R,Arts and Recreation Services,2006-05,176000.0
S,Other Services,2006-05,411600.0
A,"Agriculture, Forestry and Fishing",2006-08,346400.0
B,Mining,2006-08,130300.0
C,Manufacturing,2006-08,1012600.0
D,"Electricity, Gas, Water and Waste Services",2006-08,106000.0
E,Construction,2006-08,900400.0
F,Wholesale Trade,2006-08,386400.0
G,Retail Trade,2006-08,1166900.0
H,Accommodation and Food Services,2006-08,673800.0
I,"Transport, Postal and Warehousing",2006-08,504600.0
J,Information Media and Telecommunications,2006-08,233400.0
K,Financial and Insurance Services,2006-08,390600.0
L,"Rental, Hiring and Real Estate Services",2006-08,191300.0
M,"Professional, Scientific and Technical Services",2006-08,730300.0
N,Administrative and Support Services,2006-08,347600.0
O,Public Administration and Safety,2006-08,627500.0
P,Education and Training,2006-08,739800.0
Q,Health Care and Social Assistance,2006-08,1049200.0
R,Arts and Recreation Services,2006-08,178300.0
S,Other Services,2006-08,413800.0
A,"Agriculture, Forestry and Fishing",2006-11,345900.0
B,Mining,2006-11,133500.0
C,Manufacturing,2006-11,1015200.0
D,"Electricity, Gas, Water and Waste Services",2006-11,107900.0
E,Construction,2006-11,914700.0
F,Wholesale Trade,2006-11,388400.0
G,Retail Trade,2006-11,1173100.0
H,Accommodation and Food Services,2006-11,680800.0
I,"Transport, Postal and Warehousing",2006-11,510000.0
J,Information Media and Telecommunications,2006-11,233200.0
K,Financial and Insurance Services,2006-11,397300.0
L,"Rental, Hiring and Real Estate Services",2006-11,192600.0
M,"Professional, Scientific and Technical Services",2006-11,735500.0
N,Administrative and Support Services,2006-11,347800.0
O,Public Administration and Safety,2006-11,632400.0
P,Education and Training,2006-11,744200.0
Q,Health Care and Social Assistance,2006-11,1055900.0
R,Arts and Recreation Services,2006-11,180500.0
S,Other Services,2006-11,417600.0
A,"Agriculture, Forestry and Fishing",2007-02,345700.0
B,Mining,2007-02,136800.0
C,Manufacturing,2007-02,1021000.0
D,"Electricity, Gas, Water and Waste Services",2007-02,109800.0
E,Construction,2007-02,925500.0
F,Wholesale Trade,2007-02,390300.0
G,Retail Trade,2007-02,1181400.0
H,Accommodation and Food Services,2007-02,688600.0
I,"Transport, Postal and Warehousing",2007-02,518200.0
J,Information Media and Telecommunications,2007-02,232800.0
K,Financial and Insurance Services,2007-02,402500.0
L,"Rental, Hiring and Real Estate Services",2007-02,193700.0
M,"Professional, Scientific and Technical Services",2007-02,740400.0
N,Administrative and Support Services,2007-02,348100.0
O,Public Administration and Safety,2007-02,635800.0
P,Education and Training,2007-02,750800.0
Q,Health Care and Social Assistance,2007-02,1062200.0
R,Arts and Recreation Services,2007-02,182700.0
S,Other Services,2007-02,424400.0
A,"Agriculture, Forestry and Fishing",2007-05,345600.0
B,Mining,2007-05,140200.0
C,Manufacturing,2007-05,1029100.0
D,"Electricity, Gas, Water and Waste Services",2007-05,111800.0
E,Construction,2007-05,932900.0
F,Wholesale Trade,2007-05,392100.0
G,Retail Trade,2007-05,1191800.0
H,Accommodation and Food Services,2007-05,694800.0
I,"Transport, Postal and Warehousing",2007-05,527800.0
J,Information Media and Telecommunications,2007-05,232200.0
K,Financial and Insurance Services,2007-05,405300.0
L,"Rental, Hiring and Real Estate Services",2007-05,194500.0
M,"Professional, Scientific and Technical Services",2007-05,748500.0
N,Administrative and Support Services,2007-05,348300.0
O,Public Administration and Safety,2007-05,637100.0
P,Education and Training,2007-05,761000.0
Q,Health Care and Social Assistance,2007-05,1068500.0
R,Arts and Recreation Services,2007-05,184700.0
S,Other Services,2007-05,434500.0
A,"Agriculture, Forestry and Fishing",2007-08,345700.0
B,Mining,2007-08,143700.0
C,Manufacturing,2007-08,1037600.0
D,"Electricity, Gas, Water and Waste Services",2007-08,113900.0
E,Construction,2007-08,940600.0
F,Wholesale Trade,2007-08,393900.0
G,Retail Trade,2007-08,1204100.0
H,Accommodation and Food Services,2007-08,698900.0
I,"Transport, Postal and Warehousing",2007-08,536900.0
J,Information Media and Telecommunications,2007-08,231500.0
K,Financial and Insurance Services,2007-08,406500.0
L,"Rental, Hiring and Real Estate Services",2007-08,195100.0
M,"Professional, Scientific and Technical Services",2007-08,758900.0
N,Administrative and Support Services,2007-08,348700.0
O,Public Administration and Safety,2007-08,636800.0
P,Education and Training,2007-08,771800.0
Q,Health Care and Social Assistance,2007-08,1075000.0
R,Arts and Recreation Services,2007-08,186600.0
S,Other Services,2007-08,445400.0
A,"Agriculture, Forestry and Fishing",2007-11,345900.0
B,Mining,2007-11,147400.0
C,Manufacturing,2007-11,1045300.0
D,"Electricity, Gas, Water and Waste Services",2007-11,116000.0
E,Construction,2007-11,951700.0
F,Wholesale Trade,2007-11,395800.0
G,Retail Trade,2007-11,1214900.0
H,Accommodation and Food Services,2007-11,700700.0
I,"Transport, Postal and Warehousing",2007-11,545600.0
J,Information Media and Telecommunications,2007-11,230500.0
K,Financial and Insurance Services,2007-11,407200.0
L,"Rental, Hiring and Real Estate Services",2007-11,195400.0
M,"Professional, Scientific and Technical Services",2007-11,768900.0
N,Administrative and Support Services,2007-11,349300.0
O,Public Administration and Safety,2007-11,636600.0
P,Education and Training,2007-11,782100.0
Q,Health Care and Social Assistance,2007-11,1082600.0
R,Arts and Recreation Services,2007-11,188300.0
S,Other Services,2007-11,454100.0
A,"Agriculture, Forestry and Fishing",2008-02,346100.0
B,Mining,2008-02,151300.0
C,Manufacturing,2008-02,1049500.0
D,"Electricity, Gas, Water and Waste Services",2008-02,118200.0
E,Construction,2008-02,963800.0
F,Wholesale Trade,2008-02,397600.0
G,Retail Trade,2008-02,1220100.0
H,Accommodation and Food Services,2008-02,703000.0
I,"Transport, Postal and Warehousing",2008-02,554500.0
J,Information Media and Telecommunications,2008-02,229500.0
K,Financial and Insurance Services,2008-02,407100.0
L,"Rental, Hiring and Real Estate Services",2008-02,195500.0
M,"Professional, Scientific and Technical Services",2008-02,776800.0
N,Administrative and Support Services,2008-02,350200.0
O,Public Administration and Safety,2008-02,638400.0
P,Education and Training,2008-02,791100.0
Q,Health Care and Social Assistance,2008-02,1091200.0
R,Arts and Recreation Services,2008-02,189900.0
S,Other Services,2008-02,457700.0
A,"Agriculture, Forestry and Fishing",2008-05,346300.0
B,Mining,2008-05,155400.0
C,Manufacturing,2008-05,1047300.0
D,"Electricity, Gas, Water and Waste Services",2008-05,120500.0
E,Construction,2008-05,972500.0
F,Wholesale Trade,2008-05,399400.0
G,Retail Trade,2008-05,1220500.0
H,Accommodation and Food Services,2008-05,706500.0
I,"Transport, Postal and Warehousing",2008-05,564700.0
J,Information Media and Telecommunications,2008-05,228400.0
K,Financial and Insurance Services,2008-05,406500.0
L,"Rental, Hiring and Real Estate Services",2008-05,195400.0
M,"Professional, Scientific and Technical Services",2008-05,780700.0
N,Administrative and Support Services,2008-05,351300.0
O,Public Administration and Safety,2008-05,643100.0
P,Education and Training,2008-05,799200.0
Q,Health Care and Social Assistance,2008-05,1100800.0
R,Arts and Recreation Services,2008-05,191300.0
S,Other Services,2008-05,457600.0
A,"Agriculture, Forestry and Fishing",2008-08,346500.0
B,Mining,2008-08,159600.0
C,Manufacturing,2008-08,1039400.0
D,"Electricity, Gas, Water and Waste Services",2008-08,122700.0
E,Construction,2008-08,978300.0
F,Wholesale Trade,2008-08,401200.0
G,Retail Trade,2008-08,1217300.0
H,Accommodation and Food Services,2008-08,710200.0
I,"Transport, Postal and Warehousing",2008-08,574400.0
J,Information Media and Telecommunications,2008-08,227200.0
K,Financial and Insurance Services,2008-08,405200.0
L,"Rental, Hiring and Real Estate Services",2008-08,195100.0
M,"Professional, Scientific and Technical Services",2008-08,782800.0
N,Administrative and Support Services,2008-08,352900.0
O,Public Administration and Safety,2008-08,650700.0
P,Education and Training,2008-08,803100.0
Q,Health Care and Social Assistance,2008-08,1113400.0
R,Arts and Recreation Services,2008-08,192600.0
S,Other Services,2008-08,455800.0
A,"Agriculture, Forestry and Fishing",2008-11,346400.0
B,Mining,2008-11,164000.0
C,Manufacturing,2008-11,1028300.0
D,"Electricity, Gas, Water and Waste Services",2008-11,124900.0
E,Construction,2008-11,981800.0
F,Wholesale Trade,2008-11,402900.0
G,Retail Trade,2008-11,1212200.0
H,Accommodation and Food Services,2008-11,713700.0
I,"Transport, Postal and Warehousing",2008-11,582000.0
J,Information Media and Telecommunications,2008-11,225900.0
K,Financial and Insurance Services,2008-11,403000.0
L,"Rental, Hiring and Real Estate Services",2008-11,194800.0
M,"Professional, Scientific and Technical Services",2008-11,784900.0
N,Administrative and Support Services,2008-11,355000.0
O,Public Administration and Safety,2008-11,658100.0
P,Education and Training,2008-11,803100.0
Q,Health Care and Social Assistance,2008-11,1130900.0
R,Arts and Recreation Services,2008-11,193800.0
S,Other Services,2008-11,452600.0
A,"Agriculture, Forestry and Fishing",2009-02,346200.0
B,Mining,2009-02,168500.0
C,Manufacturing,2009-02,1017100.0
D,"Electricity, Gas, Water and Waste Services",2009-02,127000.0
E,Construction,2009-02,982800.0
F,Wholesale Trade,2009-02,404600.0
G,Retail Trade,2009-02,1205300.0
H,Accommodation and Food Services,2009-02,718300.0
I,"Transport, Postal and Warehousing",2009-02,585400.0
J,Information Media and Telecommunications,2009-02,224700.0
K,Financial and Insurance Services,2009-02,401100.0
L,"Rental, Hiring and Real Estate Services",2009-02,194400.0
M,"Professional, Scientific and Technical Services",2009-02,786400.0
N,Administrative and Support Services,2009-02,357400.0
O,Public Administration and Safety,2009-02,664100.0
P,Education and Training,2009-02,803800.0
Q,Health Care and Social Assistance,2009-02,1151700.0
R,Arts and Recreation Services,2009-02,194900.0
S,Other Services,2009-02,449200.0
A,"Agriculture, Forestry and Fishing",2009-05,345600.0
B,Mining,2009-05,173300.0
C,Manufacturing,2009-05,1007200.0
D,"Electricity, Gas, Water and Waste Services",2009-05,129100.0
E,Construction,2009-05,981400.0
F,Wholesale Trade,2009-05,406200.0
G,Retail Trade,2009-05,1196400.0
H,Accommodation and Food Services,2009-05,724900.0
I,"Transport, Postal and Warehousing",2009-05,584500.0
J,Information Media and Telecommunications,2009-05,223400.0
K,Financial and Insurance Services,2009-05,399800.0
L,"Rental, Hiring and Real Estate Services",2009-05,194100.0
M,"Professional, Scientific and Technical Services",2009-05,791800.0
N,Administrative and Support Services,2009-05,360200.0
O,Public Administration and Safety,2009-05,668500.0
P,Education and Training,2009-05,808800.0
Q,Health Care and Social Assistance,2009-05,1171500.0
R,Arts and Recreation Services,2009-05,195800.0
S,Other Services,2009-05,446500.0
A,"Agriculture, Forestry and Fishing",2009-08,344800.0
B,Mining,2009-08,178500.0
C,Manufacturing,2009-08,999600.0
D,"Electricity, Gas, Water and Waste Services",2009-08,131000.0
E,Construction,2009-08,979700.0
F,Wholesale Trade,2009-08,407600.0
G,Retail Trade,2009-08,1187800.0
H,Accommodation and Food Services,2009-08,731900.0
I,"Transport, Postal and Warehousing",2009-08,580300.0
J,Information Media and Telecommunications,2009-08,222200.0
K,Financial and Insurance Services,2009-08,399600.0
L,"Rental, Hiring and Real Estate Services",2009-08,193900.0
M,"Professional, Scientific and Technical Services",2009-08,802600.0
N,Administrative and Support Services,2009-08,363300.0
O,Public Administration and Safety,2009-08,671200.0
P,Education and Training,2009-08,815500.0
Q,Health Care and Social Assistance,2009-08,1186900.0
R,Arts and Recreation Services,2009-08,196600.0
S,Other Services,2009-08,445400.0
A,"Agriculture, Forestry and Fishing",2009-11,343600.0
B,Mining,2009-11,184000.0
C,Manufacturing,2009-11,992700.0
D,"Electricity, Gas, Water and Waste Services",2009-11,132900.0
E,Construction,2009-11,980500.0
F,Wholesale Trade,2009-11,408900.0
G,Retail Trade,2009-11,1183300.0
H,Accommodation and Food Services,2009-11,736800.0
I,"Transport, Postal and Warehousing",2009-11,575800.0
J,Information Media and Telecommunications,2009-11,221000.0
K,Financial and Insurance Services,2009-11,399900.0
L,"Rental, Hiring and Real Estate Services",2009-11,194000.0
M,"Professional, Scientific and Technical Services",2009-11,817000.0
N,Administrative and Support Services,2009-11,366700.0
O,Public Administration and Safety,2009-11,675700.0
P,Education and Training,2009-11,822100.0
Q,Health Care and Social Assistance,2009-11,1198100.0
R,Arts and Recreation Services,2009-11,197300.0
S,Other Services,2009-11,446400.0
A,"Agriculture, Forestry and Fishing",2010-02,342000.0
B,Mining,2010-02,189900.0
C,Manufacturing,2010-02,986900.0
D,"Electricity, Gas, Water and Waste Services",2010-02,134800.0
E,Construction,2010-02,984100.0
F,Wholesale Trade,2010-02,410000.0
G,Retail Trade,2010-02,1181700.0
H,Accommodation and Food Services,2010-02,740500.0
I,"Transport, Postal and Warehousing",2010-02,573600.0
J,Information Media and Telecommunications,2010-02,219900.0
K,Financial and Insurance Services,2010-02,399600.0
L,"Rental, Hiring and Real Estate Services",2010-02,194300.0
M,"Professional, Scientific and Technical Services",2010-02,829500.0
N,Administrative and Support Services,2010-02,370100.0
O,Public Administration and Safety,2010-02,681300.0
P,Education and Training,2010-02,828000.0
Q,Health Care and Social Assistance,2010-02,1210300.0
R,Arts and Recreation Services,2010-02,198100.0
S,Other Services,2010-02,449000.0
A,"Agriculture, Forestry and Fishing",2010-05,340100.0
B,Mining,2010-05,196100.0
C,Manufacturing,2010-05,981300.0
D,"Electricity, Gas, Water and Waste Services",2010-05,136500.0
E,Construction,2010-05,988900.0
F,Wholesale Trade,2010-05,410800.0
G,Retail Trade,2010-05,1183900.0
H,Accommodation and Food Services,2010-05,745300.0
I,"Transport, Postal and Warehousing",2010-05,574000.0
J,Information Media and Telecommunications,2010-05,218800.0
K,Financial and Insurance Services,2010-05,398200.0
L,"Rental, Hiring and Real Estate Services",2010-05,194800.0
M,"Professional, Scientific and Technical Services",2010-05,837800.0
N,Administrative and Support Services,2010-05,373400.0
O,Public Administration and Safety,2010-05,687600.0
P,Education and Training,2010-05,835900.0
Q,Health Care and Social Assistance,2010-05,1225600.0
R,Arts and Recreation Services,2010-05,198800.0
S,Other Services,2010-05,450700.0
A,"Agriculture, Forestry and Fishing",2010-08,337700.0
B,Mining,2010-08,202600.0
C,Manufacturing,2010-08,976700.0
D,"Electricity, Gas, Water and Waste Services",2010-08,138000.0
E,Construction,2010-08,993800.0
F,Wholesale Trade,2010-08,411500.0
G,Retail Trade,2010-08,1189500.0
H,Accommodation and Food Services,2010-08,750700.0
I,"Transport, Postal and Warehousing",2010-08,574600.0
J,Information Media and Telecommunications,2010-08,217900.0
K,Financial and Insurance Services,2010-08,398400.0
L,"Rental, Hiring and Real Estate Services",2010-08,195500.0
M,"Professional, Scientific and Technical Services",2010-08,843500.0
N,Administrative and Support Services,2010-08,376600.0
O,Public Administration and Safety,2010-08,693800.0
P,Education and Training,2010-08,842900.0
Q,Health Care and Social Assistance,2010-08,1243300.0
R,Arts and Recreation Services,2010-08,199600.0
S,Other Services,2010-08,451100.0
A,"Agriculture, Forestry and Fishing",2010-11,335100.0
B,Mining,2010-11,209300.0
C,Manufacturing,2010-11,971300.0
D,"Electricity, Gas, Water and Waste Services",2010-11,139500.0
E,Construction,2010-11,1000300.0
F,Wholesale Trade,2010-11,412000.0
G,Retail Trade,2010-11,1196300.0
H,Accommodation and Food Services,2010-11,757600.0
I,"Transport, Postal and Warehousing",2010-11,575600.0
J,Information Media and Telecommunications,2010-11,217000.0
K,Financial and Insurance Services,2010-11,401400.0
L,"Rental, Hiring and Real Estate Services",2010-11,196300.0
M,"Professional, Scientific and Technical Services",2010-11,848000.0
N,Administrative and Support Services,2010-11,379700.0
O,Public Administration and Safety,2010-11,700000.0
P,Education and Training,2010-11,845400.0
Q,Health Care and Social Assistance,2010-11,1260100.0
R,Arts and Recreation Services,2010-11,200500.0
S,Other Services,2010-11,450600.0
A,"Agriculture, Forestry and Fishing",2011-02,332200.0
B,Mining,2011-02,216000.0
C,Manufacturing,2011-02,964100.0
D,"Electricity, Gas, Water and Waste Services",2011-02,140800.0
E,Construction,2011-02,1005000.0
F,Wholesale Trade,2011-02,412400.0
G,Retail Trade,2011-02,1200300.0
H,Accommodation and Food Services,2011-02,763300.0
I,"Transport, Postal and Warehousing",2011-02,575800.0
J,Information Media and Telecommunications,2011-02,216200.0
K,Financial and Insurance Services,2011-02,407700.0
L,"Rental, Hiring and Real Estate Services",2011-02,197200.0
M,"Professional, Scientific and Technical Services",2011-02,852500.0
N,Administrative and Support Services,2011-02,382400.0
O,Public Administration and Safety,2011-02,706800.0
P,Education and Training,2011-02,845600.0
Q,Health Care and Social Assistance,2011-02,1275100.0
R,Arts and Recreation Services,2011-02,201400.0
S,Other Services,2011-02,449100.0
A,"Agriculture, Forestry and Fishing",2011-05,329200.0
B,Mining,2011-05,222600.0
C,Manufacturing,2011-05,955900.0
D,"Electricity, Gas, Water and Waste Services",2011-05,141900.0
E,Construction,2011-05,1007100.0
F,Wholesale Trade,2011-05,412700.0
G,Retail Trade,2011-05,1200800.0
H,Accommodation and Food Services,2011-05,765600.0
I,"Transport, Postal and Warehousing",2011-05,573800.0
J,Information Media and Telecommunications,2011-05,215400.0
K,Financial and Insurance Services,2011-05,414900.0
L,"Rental, Hiring and Real Estate Services",2011-05,198100.0
M,"Professional, Scientific and Technical Services",2011-05,856900.0
N,Administrative and Support Services,2011-05,384700.0
O,Public Administration and Safety,2011-05,713700.0
P,Education and Training,2011-05,848800.0
Q,Health Care and Social Assistance,2011-05,1289600.0
R,Arts and Recreation Services,2011-05,202300.0
S,Other Services,2011-05,448200.0
A,"Agriculture, Forestry and Fishing",2011-08,326300.0
B,Mining,2011-08,229000.0
C,Manufacturing,2011-08,949100.0
D,"Electricity, Gas, Water and Waste Services",2011-08,142900.0
E,Construction,2011-08,1004600.0
F,Wholesale Trade,2011-08,412900.0
G,Retail Trade,2011-08,1199200.0
H,Accommodation and Food Services,2011-08,764600.0
I,"Transport, Postal and Warehousing",2011-08,570100.0
J,Information Media and Telecommunications,2011-08,214800.0
K,Financial and Insurance Services,2011-08,420400.0
L,"Rental, Hiring and Real Estate Services",2011-08,199000.0
M,"Professional, Scientific and Technical Services",2011-08,863800.0
N,Administrative and Support Services,2011-08,386700.0
O,Public Administration and Safety,2011-08,719000.0
P,Education and Training,2011-08,852400.0
Q,Health Care and Social Assistance,2011-08,1305300.0
R,Arts and Recreation Services,2011-08,203200.0
S,Other Services,2011-08,448400.0
A,"Agriculture, Forestry and Fishing",2011-11,323500.0
B,Mining,2011-11,235000.0
C,Manufacturing,2011-11,945900.0
D,"Electricity, Gas, Water and Waste Services",2011-11,143700.0
E,Construction,2011-11,999300.0
F,Wholesale Trade,2011-11,412900.0
G,Retail Trade,2011-11,1197000.0
H,Accommodation and Food Services,2011-11,762100.0
I,"Transport, Postal and Warehousing",2011-11,565300.0
J,Information Media and Telecommunications,2011-11,214200.0
K,Financial and Insurance Services,2011-11,423500.0
L,"Rental, Hiring and Real Estate Services",2011-11,199900.0
M,"Professional, Scientific and Technical Services",2011-11,873200.0
N,Administrative and Support Services,2011-11,388400.0
O,Public Administration and Safety,2011-11,720300.0
P,Education and Training,2011-11,856900.0
Q,Health Care and Social Assistance,2011-11,1320100.0
R,Arts and Recreation Services,2011-11,204100.0
S,Other Services,2011-11,449400.0
A,"Agriculture, Forestry and Fishing",2012-02,321000.0
B,Mining,2012-02,240300.0
C,Manufacturing,2012-02,944800.0
D,"Electricity, Gas, Water and Waste Services",2012-02,144400.0
E,Construction,2012-02,992100.0
F,Wholesale Trade,2012-02,412700.0
G,Retail Trade,2012-02,1195600.0
H,Accommodation and Food Services,2012-02,761300.0
I,"Transport, Postal and Warehousing",2012-02,561800.0
J,Information Media and Telecommunications,2012-02,213600.0
K,Financial and Insurance Services,2012-02,424800.0
L,"Rental, Hiring and Real Estate Services",2012-02,200700.0
M,"Professional, Scientific and Technical Services",2012-02,885100.0
N,Administrative and Support Services,2012-02,389700.0
O,Public Administration and Safety,2012-02,717400.0
P,Education and Training,2012-02,863500.0
Q,Health Care and Social Assistance,2012-02,1332200.0
R,Arts and Recreation Services,2012-02,204900.0
S,Other Services,2012-02,450600.0
A,"Agriculture, Forestry and Fishing",2012-05,318600.0
B,Mining,2012-05,244900.0
C,Manufacturing,2012-05,943900.0
D,"Electricity, Gas, Water and Waste Services",2012-05,144900.0
E,Construction,2012-05,984700.0
F,Wholesale Trade,2012-05,412300.0
G,Retail Trade,2012-05,1196400.0
H,Accommodation and Food Services,2012-05,765400.0
I,"Transport, Postal and Warehousing",2012-05,562600.0
J,Information Media and Telecommunications,2012-05,213000.0
K,Financial and Insurance Services,2012-05,424800.0
L,"Rental, Hiring and Real Estate Services",2012-05,201500.0
M,"Professional, Scientific and Technical Services",2012-05,896600.0
N,Administrative and Support Services,2012-05,390800.0
O,Public Administration and Safety,2012-05,712300.0
P,Education and Training,2012-05,874200.0
Q,Health Care and Social Assistance,2012-05,1342600.0
R,Arts and Recreation Services,2012-05,205700.0
S,Other Services,2012-05,450100.0
A,"Agriculture, Forestry and Fishing",2012-08,316400.0
B,Mining,2012-08,248500.0
C,Manufacturing,2012-08,942400.0
D,"Electricity, Gas, Water and Waste Services",2012-08,145200.0
E,Construction,2012-08,980700.0
F,Wholesale Trade,2012-08,411600.0
G,Retail Trade,2012-08,1199900.0
H,Accommodation and Food Services,2012-08,771600.0
I,"Transport, Postal and Warehousing",2012-08,568400.0
J,Information Media and Telecommunications,2012-08,212500.0
K,Financial and Insurance Services,2012-08,423400.0
L,"Rental, Hiring and Real Estate Services",2012-08,202300.0
M,"Professional, Scientific and Technical Services",2012-08,903900.0
N,Administrative and Support Services,2012-08,391700.0
O,Public Administration and Safety,2012-08,709900.0
P,Education and Training,2012-08,883400.0
Q,Health Care and Social Assistance,2012-08,1352400.0
R,Arts and Recreation Services,2012-08,206500.0
S,Other Services,2012-08,450100.0
A,"Agriculture, Forestry and Fishing",2012-11,314600.0
B,Mining,2012-11,251100.0
C,Manufacturing,2012-11,938900.0
D,"Electricity, Gas, Water and Waste Services",2012-11,145500.0
E,Construction,2012-11,983400.0
F,Wholesale Trade,2012-11,410500.0
G,Retail Trade,2012-11,1205900.0
H,Accommodation and Food Services,2012-11,777500.0
I,"Transport, Postal and Warehousing",2012-11,577000.0
J,Information Media and Telecommunications,2012-11,211900.0
K,Financial and Insurance Services,2012-11,421900.0
L,"Rental, Hiring and Real Estate Services",2012-11,203000.0
M,"Professional, Scientific and Technical Services",2012-11,907000.0
N,Administrative and Support Services,2012-11,392400.0
O,Public Administration and Safety,2012-11,713200.0
P,Education and Training,2012-11,889100.0
Q,Health Care and Social Assistance,2012-11,1361000.0
R,Arts and Recreation Services,2012-11,207300.0
S,Other Services,2012-11,451600.0
A,"Agriculture, Forestry and Fishing",2013-02,313100.0
B,Mining,2013-02,252700.0
C,Manufacturing,2013-02,933300.0
D,"Electricity, Gas, Water and Waste Services",2013-02,145600.0
E,Construction,2013-02,989500.0
F,Wholesale Trade,2013-02,409000.0
G,Retail Trade,2013-02,1211900.0
H,Accommodation and Food Services,2013-02,781700.0
I,"Transport, Postal and Warehousing",2013-02,584000.0
J,Information Media and Telecommunications,2013-02,211400.0
K,Financial and Insurance Services,2013-02,420700.0
L,"Rental, Hiring and Real Estate Services",2013-02,203800.0
M,"Professional, Scientific and Technical Services",2013-02,907300.0
N,Administrative and Support Services,2013-02,393100.0
O,Public Administration and Safety,2013-02,722100.0
P,Education and Training,2013-02,891900.0
Q,Health Care and Social Assistance,2013-02,1368000.0
R,Arts and Recreation Services,2013-02,208100.0
S,Other Services,2013-02,454800.0
A,"Agriculture, Forestry and Fishing",2013-05,312100.0
B,Mining,2013-05,253300.0
C,Manufacturing,2013-05,928500.0
D,"Electricity, Gas, Water and Waste Services",2013-05,145700.0
E,Construction,2013-05,995400.0
F,Wholesale Trade,2013-05,407000.0
G,Retail Trade,2013-05,1218000.0
H,Accommodation and Food Services,2013-05,783600.0
I,"Transport, Postal and Warehousing",2013-05,587500.0
J,Information Media and Telecommunications,2013-05,210900.0
K,Financial and Insurance Services,2013-05,419900.0
L,"Rental, Hiring and Real Estate Services",2013-05,204600.0
M,"Professional, Scientific and Technical Services",2013-05,905900.0
N,Administrative and Support Services,2013-05,393800.0
O,Public Administration and Safety,2013-05,733300.0
P,Education and Training,2013-05,894000.0
Q,Health Care and Social Assistance,2013-05,1373000.0
R,Arts and Recreation Services,2013-05,208900.0
S,Other Services,2013-05,459800.0
A,"Agriculture, Forestry and Fishing",2013-08,311400.0
B,Mining,2013-08,253100.0
C,Manufacturing,2013-08,926100.0
D,"Electricity, Gas, Water and Waste Services",2013-08,145700.0
E,Construction,2013-08,1001500.0
F,Wholesale Trade,2013-08,404400.0
G,Retail Trade,2013-08,1222900.0
H,Accommodation and Food Services,2013-08,783200.0
I,"Transport, Postal and Warehousing",2013-08,589300.0
J,Information Media and Telecommunications,2013-08,210400.0
K,Financial and Insurance Services,2013-08,418200.0
L,"Rental, Hiring and Real Estate Services",2013-08,205600.0
M,"Professional, Scientific and Technical Services",2013-08,904900.0
N,Administrative and Support Services,2013-08,394700.0
O,Public Administration and Safety,2013-08,742900.0
P,Education and Training,2013-08,894500.0
Q,Health Care and Social Assistance,2013-08,1377400.0
R,Arts and Recreation Services,2013-08,209800.0
S,Other Services,2013-08,466200.0
A,"Agriculture, Forestry and Fishing",2013-11,311200.0
B,Mining,2013-11,252000.0
C,Manufacturing,2013-11,925500.0
D,"Electricity, Gas, Water and Waste Services",2013-11,145600.0
E,Construction,2013-11,1007100.0
F,Wholesale Trade,2013-11,401600.0
G,Retail Trade,2013-11,1228300.0
H,Accommodation and Food Services,2013-11,783200.0
I,"Transport, Postal and Warehousing",2013-11,590300.0
J,Information Media and Telecommunications,2013-11,210000.0
K,Financial and Insurance Services,2013-11,415300.0
L,"Rental, Hiring and Real Estate Services",2013-11,206600.0
M,"Professional, Scientific and Technical Services",2013-11,906100.0
N,Administrative and Support Services,2013-11,395700.0
O,Public Administration and Safety,2013-11,746000.0
P,Education and Training,2013-11,895700.0
Q,Health Care and Social Assistance,2013-11,1382400.0
R,Arts and Recreation Services,2013-11,210900.0
S,Other Services,2013-11,473100.0
A,"Agriculture, Forestry and Fishing",2014-02,311100.0
B,Mining,2014-02,250200.0
C,Manufacturing,2014-02,924200.0
D,"Electricity, Gas, Water and Waste Services",2014-02,145400.0
E,Construction,2014-02,1013700.0
F,Wholesale Trade,2014-02,398500.0
G,Retail Trade,2014-02,1230600.0
H,Accommodation and Food Services,2014-02,786600.0
I,"Transport, Postal and Warehousing",2014-02,590900.0
J,Information Media and Telecommunications,2014-02,209700.0
K,Financial and Insurance Services,2014-02,412400.0
L,"Rental, Hiring and Real Estate Services",2014-02,207600.0
M,"Professional, Scientific and Technical Services",2014-02,912800.0
N,Administrative and Support Services,2014-02,396900.0
O,Public Administration and Safety,2014-02,744000.0
P,Education and Training,2014-02,898000.0
Q,Health Care and Social Assistance,2014-02,1386700.0
R,Arts and Recreation Services,2014-02,212100.0
S,Other Services,2014-02,479500.0
A,"Agriculture, Forestry and Fishing",2014-05,311300.0
B,Mining,2014-05,247900.0
C,Manufacturing,2014-05,921700.0
D,"Electricity, Gas, Water and Waste Services",2014-05,145200.0
E,Construction,2014-05,1020100.0
F,Wholesale Trade,2014-05,395200.0
G,Retail Trade,2014-05,1230800.0
H,Accommodation and Food Services,2014-05,793100.0
I,"Transport, Postal and Warehousing",2014-05,592200.0
J,Information Media and Telecommunications,2014-05,209500.0
K,Financial and Insurance Services,2014-05,410100.0
L,"Rental, Hiring and Real Estate Services",2014-05,208600.0
M,"Professional, Scientific and Technical Services",2014-05,924200.0
N,Administrative and Support Services,2014-05,398400.0
O,Public Administration and Safety,2014-05,739300.0
P,Education and Training,2014-05,903500.0
Q,Health Care and Social Assistance,2014-05,1392100.0
R,Arts and Recreation Services,2014-05,213500.0
S,Other Services,2014-05,483300.0
A,"Agriculture, Forestry and Fishing",2014-08,311500.0
B,Mining,2014-08,245200.0
C,Manufacturing,2014-08,918400.0
D,"Electricity, Gas, Water and Waste Services",2014-08,145000.0
E,Construction,2014-08,1025500.0
F,Wholesale Trade,2014-08,391900.0
G,Retail Trade,2014-08,1230500.0
H,Accommodation and Food Services,2014-08,802500.0
I,"Transport, Postal and Warehousing",2014-08,595200.0
J,Information Media and Telecommunications,2014-08,209300.0
K,Financial and Insurance Services,2014-08,409100.0
L,"Rental, Hiring and Real Estate Services",2014-08,209500.0
M,"Professional, Scientific and Technical Services",2014-08,938200.0
N,Administrative and Support Services,2014-08,400200.0
O,Public Administration and Safety,2014-08,735200.0
P,Education and Training,2014-08,908500.0
Q,Health Care and Social Assistance,2014-08,1402500.0
R,Arts and Recreation Services,2014-08,215100.0
S,Other Services,2014-08,483100.0
A,"Agriculture, Forestry and Fishing",2014-11,311800.0
B,Mining,2014-11,242400.0
C,Manufacturing,2014-11,913800.0
D,"Electricity, Gas, Water and Waste Services",2014-11,144800.0
E,Construction,2014-11,1029700.0
F,Wholesale Trade,2014-11,388700.0
G,Retail Trade,2014-11,1231600.0
H,Accommodation and Food Services,2014-11,812200.0
I,"Transport, Postal and Warehousing",2014-11,599300.0
J,Information Media and Telecommunications,2014-11,209300.0
K,Financial and Insurance Services,2014-11,409400.0
L,"Rental, Hiring and Real Estate Services",2014-11,210200.0
M,"Professional, Scientific and Technical Services",2014-11,954200.0
N,Administrative and Support Services,2014-11,402100.0
O,Public Administration and Safety,2014-11,732800.0
P,Education and Training,2014-11,912300.0
Q,Health Care and Social Assistance,2014-11,1420300.0
R,Arts and Recreation Services,2014-11,216700.0
S,Other Services,2014-11,481300.0
A,"Agriculture, Forestry and Fishing",2015-02,312200.0
B,Mining,2015-02,239600.0
C,Manufacturing,2015-02,907900.0
D,"Electricity, Gas, Water and Waste Services",2015-02,144500.0
E,Construction,2015-02,1032000.0
F,Wholesale Trade,2015-02,385600.0
G,Retail Trade,2015-02,1233600.0
H,Accommodation and Food Services,2015-02,819900.0
I,"Transport, Postal and Warehousing",2015-02,603800.0
J,Information Media and Telecommunications,2015-02,209200.0
K,Financial and Insurance Services,2015-02,411400.0
L,"Rental, Hiring and Real Estate Services",2015-02,210800.0
M,"Professional, Scientific and Technical Services",2015-02,971400.0
N,Administrative and Support Services,2015-02,404300.0
O,Public Administration and Safety,2015-02,732100.0
P,Education and Training,2015-02,917000.0
Q,Health Care and Social Assistance,2015-02,1445800.0
R,Arts and Recreation Services,2015-02,218400.0
S,Other Services,2015-02,480000.0
A,"Agriculture, Forestry and Fishing",2015-05,312700.0
B,Mining,2015-05,237200.0
C,Manufacturing,2015-05,900300.0
D,"Electricity, Gas, Water and Waste Services",2015-05,144300.0
E,Construction,2015-05,1034500.0
F,Wholesale Trade,2015-05,382600.0
G,Retail Trade,2015-05,1239200.0
H,Accommodation and Food Services,2015-05,824500.0
I,"Transport, Postal and Warehousing",2015-05,609300.0
J,Information Media and Telecommunications,2015-05,209300.0
K,Financial and Insurance Services,2015-05,415700.0
L,"Rental, Hiring and Real Estate Services",2015-05,211300.0
M,"Professional, Scientific and Technical Services",2015-05,986200.0
N,Administrative and Support Services,2015-05,406600.0
O,Public Administration and Safety,2015-05,732800.0
P,Education and Training,2015-05,924300.0
Q,Health Care and Social Assistance,2015-05,1473300.0
R,Arts and Recreation Services,2015-05,220100.0
S,Other Services,2015-05,478500.0
A,"Agriculture, Forestry and Fishing",2015-08,313400.0
B,Mining,2015-08,235100.0
C,Manufacturing,2015-08,892500.0
D,"Electricity, Gas, Water and Waste Services",2015-08,144200.0
E,Construction,2015-08,1038100.0
F,Wholesale Trade,2015-08,379900.0
G,Retail Trade,2015-08,1247900.0
H,Accommodation and Food Services,2015-08,827300.0
I,"Transport, Postal and Warehousing",2015-08,614700.0
J,Information Media and Telecommunications,2015-08,209300.0
K,Financial and Insurance Services,2015-08,422600.0
L,"Rental, Hiring and Real Estate Services",2015-08,211600.0
M,"Professional, Scientific and Technical Services",2015-08,995600.0
N,Administrative and Support Services,2015-08,408800.0
O,Public Administration and Safety,2015-08,735500.0
P,Education and Training,2015-08,930400.0
Q,Health Care and Social Assistance,2015-08,1498300.0
R,Arts and Recreation Services,2015-08,221700.0
S,Other Services,2015-08,476400.0
A,"Agriculture, Forestry and Fishing",2015-11,314100.0
B,Mining,2015-11,233400.0
C,Manufacturing,2015-11,888300.0
D,"Electricity, Gas, Water and Waste Services",2015-11,144000.0
E,Construction,2015-11,1044600.0
F,Wholesale Trade,2015-11,377400.0
G,Retail Trade,2015-11,1254600.0
H,Accommodation and Food Services,2015-11,831200.0
I,"Transport, Postal and Warehousing",2015-11,618600.0
J,Information Media and Telecommunications,2015-11,209400.0
K,Financial and Insurance Services,2015-11,429600.0
L,"Rental, Hiring and Real Estate Services",2015-11,211900.0
M,"Professional, Scientific and Technical Services",2015-11,1002900.0
N,Administrative and Support Services,2015-11,411000.0
O,Public Administration and Safety,2015-11,741200.0
P,Education and Training,2015-11,933600.0
Q,Health Care and Social Assistance,2015-11,1517300.0
R,Arts and Recreation Services,2015-11,223200.0
S,Other Services,2015-11,474600.0
A,"Agriculture, Forestry and Fishing",2016-02,315100.0
B,Mining,2016-02,232300.0
C,Manufacturing,2016-02,889900.0
D,"Electricity, Gas, Water and Waste Services",2016-02,143900.0
E,Construction,2016-02,1052900.0
F,Wholesale Trade,2016-02,375200.0
G,Retail Trade,2016-02,1253700.0
H,Accommodation and Food Services,2016-02,836400.0
I,"Transport, Postal and Warehousing",2016-02,620700.0
J,Information Media and Telecommunications,2016-02,209500.0
K,Financial and Insurance Services,2016-02,433500.0
L,"Rental, Hiring and Real Estate Services",2016-02,212100.0
M,"Professional, Scientific and Technical Services",2016-02,1007800.0
N,Administrative and Support Services,2016-02,413000.0
O,Public Administration and Safety,2016-02,749500.0
P,Education and Training,2016-02,937400.0
Q,Health Care and Social Assistance,2016-02,1530200.0
R,Arts and Recreation Services,2016-02,224700.0
S,Other Services,2016-02,474300.0
A,"Agriculture, Forestry and Fishing",2016-05,316100.0
B,Mining,2016-05,231800.0
C,Manufacturing,2016-05,894100.0
D,"Electricity, Gas, Water and Waste Services",2016-05,143900.0
E,Construction,2016-05,1061700.0
F,Wholesale Trade,2016-05,373500.0
G,Retail Trade,2016-05,1247400.0
H,Accommodation and Food Services,2016-05,842700.0
I,"Transport, Postal and Warehousing",2016-05,620200.0
J,Information Media and Telecommunications,2016-05,209500.0
K,Financial and Insurance Services,2016-05,435600.0
L,"Rental, Hiring and Real Estate Services",2016-05,212100.0
M,"Professional, Scientific and Technical Services",2016-05,1010400.0
N,Administrative and Support Services,2016-05,414700.0
O,Public Administration and Safety,2016-05,758400.0
P,Education and Training,2016-05,947200.0
Q,Health Care and Social Assistance,2016-05,1540400.0
R,Arts and Recreation Services,2016-05,226100.0
S,Other Services,2016-05,476500.0
A,"Agriculture, Forestry and Fishing",2016-08,317300.0
B,Mining,2016-08,231900.0
C,Manufacturing,2016-08,899300.0
D,"Electricity, Gas, Water and Waste Services",2016-08,144000.0
E,Construction,2016-08,1071200.0
F,Wholesale Trade,2016-08,372100.0
G,Retail Trade,2016-08,1240900.0
H,Accommodation and Food Services,2016-08,848700.0
I,"Transport, Postal and Warehousing",2016-08,619100.0
J,Information Media and Telecommunications,2016-08,209600.0
K,Financial and Insurance Services,2016-08,436300.0
L,"Rental, Hiring and Real Estate Services",2016-08,212100.0
M,"Professional, Scientific and Technical Services",2016-08,1012300.0
N,Administrative and Support Services,2016-08,416000.0
O,Public Administration and Safety,2016-08,766000.0
P,Education and Training,2016-08,959400.0
Q,Health Care and Social Assistance,2016-08,1549100.0
R,Arts and Recreation Services,2016-08,227500.0
S,Other Services,2016-08,479400.0
A,"Agriculture, Forestry and Fishing",2016-11,318600.0
B,Mining,2016-11,232600.0
C,Manufacturing,2016-11,904000.0
D,"Electricity, Gas, Water and Waste Services",2016-11,144100.0
E,Construction,2016-11,1085500.0
F,Wholesale Trade,2016-11,371200.0
G,Retail Trade,2016-11,1239100.0
H,Accommodation and Food Services,2016-11,853900.0
I,"Transport, Postal and Warehousing",2016-11,619000.0
J,Information Media and Telecommunications,2016-11,209600.0
K,Financial and Insurance Services,2016-11,436200.0
L,"Rental, Hiring and Real Estate Services",2016-11,212100.0
M,"Professional, Scientific and Technical Services",2016-11,1010600.0
N,Administrative and Support Services,2016-11,417100.0
O,Public Administration and Safety,2016-11,771100.0
P,Education and Training,2016-11,970400.0
Q,Health Care and Social Assistance,2016-11,1562000.0
R,Arts and Recreation Services,2016-11,229000.0
S,Other Services,2016-11,482900.0
A,"Agriculture, Forestry and Fishing",2017-02,320100.0
B,Mining,2017-02,233900.0
C,Manufacturing,2017-02,902900.0
D,"Electricity, Gas, Water and Waste Services",2017-02,144300.0
E,Construction,2017-02,1104400.0
F,Wholesale Trade,2017-02,370700.0
G,Retail Trade,2017-02,1241300.0
H,Accommodation and Food Services,2017-02,859800.0
I,"Transport, Postal and Warehousing",2017-02,621000.0
J,Information Media and Telecommunications,2017-02,209500.0
K,Financial and Insurance Services,2017-02,436100.0
L,"Rental, Hiring and Real Estate Services",2017-02,212100.0
M,"Professional, Scientific and Technical Services",2017-02,1008300.0
N,Administrative and Support Services,2017-02,418000.0
O,Public Administration and Safety,2017-02,771700.0
P,Education and Training,2017-02,980000.0
Q,Health Care and Social Assistance,2017-02,1581700.0
R,Arts and Recreation Services,2017-02,230500.0
S,Other Services,2017-02,488800.0
A,"Agriculture, Forestry and Fishing",2017-05,321800.0
B,Mining,2017-05,235700.0
C,Manufacturing,2017-05,899600.0
D,"Electricity, Gas, Water and Waste Services",2017-05,144700.0
E,Construction,2017-05,1124400.0
F,Wholesale Trade,2017-05,370700.0
G,Retail Trade,2017-05,1249300.0
H,Accommodation and Food Services,2017-05,866600.0
I,"Transport, Postal and Warehousing",2017-05,626400.0
J,Information Media and Telecommunications,2017-05,209300.0
K,Financial and Insurance Services,2017-05,434500.0
L,"Rental, Hiring and Real Estate Services",2017-05,212000.0
M,"Professional, Scientific and Technical Services",2017-05,1007900.0
N,Administrative and Support Services,2017-05,418700.0
O,Public Administration and Safety,2017-05,765100.0
P,Education and Training,2017-05,992700.0
Q,Health Care and Social Assistance,2017-05,1608800.0
R,Arts and Recreation Services,2017-05,232100.0
S,Other Services,2017-05,495000.0
A,"Agriculture, Forestry and Fishing",2017-08,323500.0
B,Mining,2017-08,238000.0
C,Manufacturing,2017-08,898700.0
D,"Electricity, Gas, Water and Waste Services",2017-08,145000.0
E,Construction,2017-08,1143100.0
F,Wholesale Trade,2017-08,371100.0
G,Retail Trade,2017-08,1259300.0
H,Accommodation and Food Services,2017-08,871600.0
I,"Transport, Postal and Warehousing",2017-08,631600.0
J,Information Media and Telecommunications,2017-08,209100.0
K,Financial and Insurance Services,2017-08,432800.0
L,"Rental, Hiring and Real Estate Services",2017-08,212000.0
M,"Professional, Scientific and Technical Services",2017-08,1010700.0
N,Administrative and Support Services,2017-08,419300.0
O,Public Administration and Safety,2017-08,757300.0
P,Education and Training,2017-08,1003600.0
Q,Health Care and Social Assistance,2017-08,1634600.0
R,Arts and Recreation Services,2017-08,233700.0
S,Other Services,2017-08,498800.0
A,"Agriculture, Forestry and Fishing",2017-11,325100.0
B,Mining,2017-11,240700.0
C,Manufacturing,2017-11,903300.0
D,"Electricity, Gas, Water and Waste Services",2017-11,145500.0
E,Construction,2017-11,1158600.0
F,Wholesale Trade,2017-11,371900.0
G,Retail Trade,2017-11,1268900.0
H,Accommodation and Food Services,2017-11,874200.0
I,"Transport, Postal and Warehousing",2017-11,635200.0
J,Information Media and Telecommunications,2017-11,208700.0
K,Financial and Insurance Services,2017-11,432900.0
L,"Rental, Hiring and Real Estate Services",2017-11,212100.0
M,"Professional, Scientific and Technical Services",2017-11,1017400.0
N,Administrative and Support Services,2017-11,420100.0
O,Public Administration and Safety,2017-11,755000.0
P,Education and Training,2017-11,1009500.0
Q,Health Care and Social Assistance,2017-11,1653900.0
R,Arts and Recreation Services,2017-11,235100.0
S,Other Services,2017-11,498800.0
A,"Agriculture, Forestry and Fishing",2018-02,326600.0
B,Mining,2018-02,243700.0
C,Manufacturing,2018-02,911900.0
D,"Electricity, Gas, Water and Waste Services",2018-02,146000.0
E,Construction,2018-02,1169000.0
F,Wholesale Trade,2018-02,373000.0
G,Retail Trade,2018-02,1272300.0
H,Accommodation and Food Services,2018-02,876200.0
I,"Transport, Postal and Warehousing",2018-02,637100.0
J,Information Media and Telecommunications,2018-02,208200.0
K,Financial and Insurance Services,2018-02,435300.0
L,"Rental, Hiring and Real Estate Services",2018-02,212100.0
M,"Professional, Scientific and Technical Services",2018-02,1028600.0
N,Administrative and Support Services,2018-02,420800.0
O,Public Administration and Safety,2018-02,762700.0
P,Education and Training,2018-02,1011700.0
Q,Health Care and Social Assistance,2018-02,1666800.0
R,Arts and Recreation Services,2018-02,236400.0
S,Other Services,2018-02,495100.0
A,"Agriculture, Forestry and Fishing",2018-05,328000.0
B,Mining,2018-05,246900.0
C,Manufacturing,2018-05,918300.0
D,"Electricity, Gas, Water and Waste Services",2018-05,146500.0
E,Construction,2018-05,1172800.0
F,Wholesale Trade,2018-05,374400.0
G,Retail Trade,2018-05,1270800.0
H,Accommodation and Food Services,2018-05,879600.0
I,"Transport, Postal and Warehousing",2018-05,639300.0
J,Information Media and Telecommunications,2018-05,207500.0
K,Financial and Insurance Services,2018-05,438600.0
L,"Rental, Hiring and Real Estate Services",2018-05,212200.0
M,"Professional, Scientific and Technical Services",2018-05,1044900.0
N,Administrative and Support Services,2018-05,421600.0
O,Public Administration and Safety,2018-05,781900.0
P,Education and Training,2018-05,1016000.0
Q,Health Care and Social Assistance,2018-05,1674500.0
R,Arts and Recreation Services,2018-05,237500.0
S,Other Services,2018-05,492500.0
A,"Agriculture, Forestry and Fishing",2018-08,329100.0
B,Mining,2018-08,250300.0
C,Manufacturing,2018-08,917100.0
D,"Electricity, Gas, Water and Waste Services",2018-08,147100.0
E,Construction,2018-08,1172700.0
F,Wholesale Trade,2018-08,375800.0
G,Retail Trade,2018-08,1268500.0
H,Accommodation and Food Services,2018-08,882900.0
I,"Transport, Postal and Warehousing",2018-08,644200.0
J,Information Media and Telecommunications,2018-08,206800.0
K,Financial and Insurance Services,2018-08,441100.0
L,"Rental, Hiring and Real Estate Services",2018-08,212300.0
M,"Professional, Scientific and Technical Services",2018-08,1064000.0
N,Administrative and Support Services,2018-08,422400.0
O,Public Administration and Safety,2018-08,804500.0
P,Education and Training,2018-08,1023300.0
Q,Health Care and Social Assistance,2018-08,1680300.0
R,Arts and Recreation Services,2018-08,238400.0
S,Other Services,2018-08,493400.0
A,"Agriculture, Forestry and Fishing",2018-11,330000.0
B,Mining,2018-11,253700.0
C,Manufacturing,2018-11,908300.0
D,"Electricity, Gas, Water and Waste Services",2018-11,147700.0
E,Construction,2018-11,1171200.0
F,Wholesale Trade,2018-11,377200.0
G,Retail Trade,2018-11,1267800.0
H,Accommodation and Food Services,2018-11,887700.0
I,"Transport, Postal and Warehousing",2018-11,649800.0
J,Information Media and Telecommunications,2018-11,205900.0
K,Financial and Insurance Services,2018-11,442000.0
L,"Rental, Hiring and Real Estate Services",2018-11,212500.0
M,"Professional, Scientific and Technical Services",2018-11,1083800.0
N,Administrative and Support Services,2018-11,423200.0
O,Public Administration and Safety,2018-11,823500.0
P,Education and Training,2018-11,1032200.0
Q,Health Care and Social Assistance,2018-11,1686500.0
R,Arts and Recreation Services,2018-11,239000.0
S,Other Services,2018-11,497500.0
A,"Agriculture, Forestry and Fishing",2019-02,330700.0
B,Mining,2019-02,257000.0
C,Manufacturing,2019-02,898600.0
D,"Electricity, Gas, Water and Waste Services",2019-02,148300.0
E,Construction,2019-02,1171300.0
F,Wholesale Trade,2019-02,378400.0
G,Retail Trade,2019-02,1265100.0
H,Accommodation and Food Services,2019-02,893900.0
I,"Transport, Postal and Warehousing",2019-02,654400.0
J,Information Media and Telecommunications,2019-02,204900.0
K,Financial and Insurance Services,2019-02,443000.0
L,"Rental, Hiring and Real Estate Services",2019-02,212600.0
M,"Professional, Scientific and Technical Services",2019-02,1103500.0
N,Administrative and Support Services,2019-02,423900.0
O,Public Administration and Safety,2019-02,835600.0
P,Education and Training,2019-02,1041900.0
Q,Health Care and Social Assistance,2019-02,1694900.0
R,Arts and Recreation Services,2019-02,239400.0
S,Other Services,2019-02,503200.0
A,"Agriculture, Forestry and Fishing",2019-05,331100.0
B,Mining,2019-05,260300.0
C,Manufacturing,2019-05,892900.0
D,"Electricity, Gas, Water and Waste Services",2019-05,148900.0
E,Construction,2019-05,1173400.0
F,Wholesale Trade,2019-05,379300.0
G,Retail Trade,2019-05,1260400.0
H,Accommodation and Food Services,2019-05,901200.0
I,"Transport, Postal and Warehousing",2019-05,657200.0
J,Information Media and Telecommunications,2019-05,203800.0
K,Financial and Insurance Services,2019-05,445100.0
L,"Rental, Hiring and Real Estate Services",2019-05,212900.0
M,"Professional, Scientific and Technical Services",2019-05,1119000.0
N,Administrative and Support Services,2019-05,424400.0
O,Public Administration and Safety,2019-05,839600.0
P,Education and Training,2019-05,1056100.0
Q,Health Care and Social Assistance,2019-05,1707000.0
R,Arts and Recreation Services,2019-05,239600.0
S,Other Services,2019-05,506400.0
A,"Agriculture, Forestry and Fishing",2019-08,331300.0
B,Mining,2019-08,263700.0
C,Manufacturing,2019-08,888900.0
D,"Electricity, Gas, Water and Waste Services",2019-08,149500.0
E,Construction,2019-08,1175700.0
F,Wholesale Trade,2019-08,379800.0
G,Retail Trade,2019-08,1253500.0
H,Accommodation and Food Services,2019-08,907500.0
I,"Transport, Postal and Warehousing",2019-08,658800.0
J,Information Media and Telecommunications,2019-08,202600.0
K,Financial and Insurance Services,2019-08,449500.0
L,"Rental, Hiring and Real Estate Services",2019-08,213200.0
M,"Professional, Scientific and Technical Services",2019-08,1128000.0
N,Administrative and Support Services,2019-08,424600.0
O,Public Administration and Safety,2019-08,840300.0
P,Education and Training,2019-08,1067600.0
Q,Health Care and Social Assistance,2019-08,1722900.0
R,Arts and Recreation Services,2019-08,239500.0
S,Other Services,2019-08,506400.0
A,"Agriculture, Forestry and Fishing",2019-11,331300.0
B,Mining,2019-11,267000.0
C,Manufacturing,2019-11,886700.0
D,"Electricity, Gas, Water and Waste Services",2019-11,150200.0
E,Construction,2019-11,1177300.0
F,Wholesale Trade,2019-11,379900.0
G,Retail Trade,2019-11,1247900.0
H,Accommodation and Food Services,2019-11,912200.0
I,"Transport, Postal and Warehousing",2019-11,658400.0
J,Information Media and Telecommunications,2019-11,201400.0
K,Financial and Insurance Services,2019-11,455900.0
L,"Rental, Hiring and Real Estate Services",2019-11,213600.0
M,"Professional, Scientific and Technical Services",2019-11,1129600.0
N,Administrative and Support Services,2019-11,424400.0
O,Public Administration and Safety,2019-11,842500.0
P,Education and Training,2019-11,1072300.0
Q,Health Care and Social Assistance,2019-11,1737200.0
R,Arts and Recreation Services,2019-11,239300.0
S,Other Services,2019-11,505200.0
A,"Agriculture, Forestry and Fishing",2020-02,331000.0
B,Mining,2020-02,270400.0
C,Manufacturing,2020-02,882200.0
D,"Electricity, Gas, Water and Waste Services",2020-02,151000.0
E,Construction,2020-02,1175900.0
F,Wholesale Trade,2020-02,379500.0
G,Retail Trade,2020-02,1243800.0
H,Accommodation and Food Services,2020-02,915200.0
I,"Transport, Postal and Warehousing",2020-02,657300.0
J,Information Media and Telecommunications,2020-02,200200.0
K,Financial and Insurance Services,2020-02,462700.0
L,"Rental, Hiring and Real Estate Services",2020-02,214000.0
M,"Professional, Scientific and Technical Services",2020-02,1127800.0
N,Administrative and Support Services,2020-02,424000.0
O,Public Administration and Safety,2020-02,846800.0
P,Education and Training,2020-02,1072900.0
Q,Health Care and Social Assistance,2020-02,1746100.0
R,Arts and Recreation Services,2020-02,239000.0
S,Other Services,2020-02,505400.0
A,"Agriculture, Forestry and Fishing",2020-05,330400.0
B,Mining,2020-05,273800.0
C,Manufacturing,2020-05,875900.0
D,"Electricity, Gas, Water and Waste Services",2020-05,151800.0
E,Construction,2020-05,1171000.0
F,Wholesale Trade,2020-05,378800.0
G,Retail Trade,2020-05,
H,Accommodation and Food Services,2020-05,
I,"Transport, Postal and Warehousing",2020-05,
J,Information Media and Telecommunications,2020-05,199000.0
K,Financial and Insurance Services,2020-05,468700.0
L,"Rental, Hiring and Real Estate Services",2020-05,214600.0
M,"Professional, Scientific and Technical Services",2020-05,1127100.0
N,Administrative and Support Services,2020-05,423500.0
O,Public Administration and Safety,2020-05,853800.0
P,Education and Training,2020-05,1074800.0
Q,Health Care and Social Assistance,2020-05,1751100.0
R,Arts and Recreation Services,2020-05,
S,Other Services,2020-05,
A,"Agriculture, Forestry and Fishing",2020-08,329400.0
B,Mining,2020-08,277300.0
C,Manufacturing,2020-08,872600.0
D,"Electricity, Gas, Water and Waste Services",2020-08,152700.0
E,Construction,2020-08,1164200.0
F,Wholesale Trade,2020-08,377800.0
G,Retail Trade,2020-08,1247500.0
H,Accommodation and Food Services,2020-08,
I,"Transport, Postal and Warehousing",2020-08,
J,Information Media and Telecommunications,2020-08,197800.0
K,Financial and Insurance Services,2020-08,473200.0
L,"Rental, Hiring and Real Estate Services",2020-08,215300.0
M,"Professional, Scientific and Technical Services",2020-08,1133500.0
N,Administrative and Support Services,2020-08,423100.0
O,Public Administration and Safety,2020-08,862400.0
P,Education and Training,2020-08,1081200.0
Q,Health Care and Social Assistance,2020-08,1759500.0
R,Arts and Recreation Services,2020-08,
S,Other Services,2020-08,
A,"Agriculture, Forestry and Fishing",2020-11,328000.0
B,Mining,2020-11,280900.0
C,Manufacturing,2020-11,874700.0
D,"Electricity, Gas, Water and Waste Services",2020-11,153700.0
E,Construction,2020-11,1157800.0
F,Wholesale Trade,2020-11,376600.0
G,Retail Trade,2020-11,1256200.0
H,Accommodation and Food Services,2020-11,
I,"Transport, Postal and Warehousing",2020-11,
J,Information Media and Telecommunications,2020-11,196700.0
K,Financial and Insurance Services,2020-11,477400.0
L,"Rental, Hiring and Real Estate Services",2020-11,216100.0
M,"Professional, Scientific and Technical Services",2020-11,1147500.0
N,Administrative and Support Services,2020-11,422800.0
O,Public Administration and Safety,2020-11,870700.0
P,Education and Training,2020-11,1087700.0
Q,Health Care and Social Assistance,2020-11,1773500.0
R,Arts and Recreation Services,2020-11,
S,Other Services,2020-11,
A,"Agriculture, Forestry and Fishing",2021-02,326200.0
B,Mining,2021-02,284500.0
C,Manufacturing,2021-02,882200.0
D,"Electricity, Gas, Water and Waste Services",2021-02,154800.0
E,Construction,2021-02,1151800.0
F,Wholesale Trade,2021-02,375200.0
G,Retail Trade,2021-02,1263000.0
H,Accommodation and Food Services,2021-02,
I,"Transport, Postal and Warehousing",2021-02,653800.0
J,Information Media and Telecommunications,2021-02,195600.0
K,Financial and Insurance Services,2021-02,483600.0
L,"Rental, Hiring and Real Estate Services",2021-02,217000.0
M,"Professional, Scientific and Technical Services",2021-02,1164500.0
N,Administrative and Support Services,2021-02,422600.0
O,Public Administration and Safety,2021-02,878300.0
P,Education and Training,2021-02,1094700.0
Q,Health Care and Social Assistance,2021-02,1797100.0
R,Arts and Recreation Services,2021-02,
S,Other Services,2021-02,520000.0
A,"Agriculture, Forestry and Fishing",2021-05,324200.0
B,Mining,2021-05,288000.0
C,Manufacturing,2021-05,888500.0
D,"Electricity, Gas, Water and Waste Services",2021-05,156100.0
E,Construction,2021-05,1147700.0
F,Wholesale Trade,2021-05,373800.0
G,Retail Trade,2021-05,1266000.0
H,Accommodation and Food Services,2021-05,
I,"Transport, Postal and Warehousing",2021-05,653100.0
J,Information Media and Telecommunications,2021-05,194700.0
K,Financial and Insurance Services,2021-05,493700.0
L,"Rental, Hiring and Real Estate Services",2021-05,218100.0
M,"Professional, Scientific and Technical Services",2021-05,1180700.0
N,Administrative and Support Services,2021-05,422700.0
O,Public Administration and Safety,2021-05,886300.0
P,Education and Training,2021-05,1105500.0
Q,Health Care and Social Assistance,2021-05,1830500.0
R,Arts and Recreation Services,2021-05,
S,Other Services,2021-05,525100.0
A,"Agriculture, Forestry and Fishing",2021-08,321900.0
B,Mining,2021-08,291400.0
C,Manufacturing,2021-08,887600.0
D,"Electricity, Gas, Water and Waste Services",2021-08,157600.0
E,Construction,2021-08,1148700.0
F,Wholesale Trade,2021-08,372500.0
G,Retail Trade,2021-08,1268000.0
H,Accommodation and Food Services,2021-08,
I,"Transport, Postal and Warehousing",2021-08,655800.0
J,Information Media and Telecommunications,2021-08,193800.0
K,Financial and Insurance Services,2021-08,507300.0
L,"Rental, Hiring and Real Estate Services",2021-08,219200.0
M,"Professional, Scientific and Technical Services",2021-08,1195800.0
N,Administrative and Support Services,2021-08,423000.0
O,Public Administration and Safety,2021-08,893600.0
P,Education and Training,2021-08,1113500.0
Q,Health Care and Social Assistance,2021-08,1871700.0
R,Arts and Recreation Services,2021-08,
S,Other Services,2021-08,528700.0
A,"Agriculture, Forestry and Fishing",2021-11,319700.0
B,Mining,2021-11,294700.0
C,Manufacturing,2021-11,877000.0
D,"Electricity, Gas, Water and Waste Services",2021-11,159300.0
E,Construction,2021-11,1159600.0
F,Wholesale Trade,2021-11,371400.0
G,Retail Trade,2021-11,1275700.0
H,Accommodation and Food Services,2021-11,
I,"Transport, Postal and Warehousing",2021-11,662800.0
J,Information Media and Telecommunications,2021-11,192900.0
K,Financial and Insurance Services,2021-11,521300.0
L,"Rental, Hiring and Real Estate Services",2021-11,220300.0
M,"Professional, Scientific and Technical Services",2021-11,1213200.0
N,Administrative and Support Services,2021-11,423500.0
O,Public Administration and Safety,2021-11,897600.0
P,Education and Training,2021-11,1118900.0
Q,Health Care and Social Assistance,2021-11,1918800.0
R,Arts and Recreation Services,2021-11,
S,Other Services,2021-11,529800.0
A,"Agriculture, Forestry and Fishing",2022-02,317400.0
B,Mining,2022-02,297600.0
C,Manufacturing,2022-02,865600.0
D,"Electricity, Gas, Water and Waste Services",2022-02,161200.0
E,Construction,2022-02,1180400.0
F,Wholesale Trade,2022-02,370600.0
G,Retail Trade,2022-02,1286700.0
H,Accommodation and Food Services,2022-02,913100.0
I,"Transport, Postal and Warehousing",2022-02,673100.0
J,Information Media and Telecommunications,2022-02,192200.0
K,Financial and Insurance Services,2022-02,534400.0
L,"Rental, Hiring and Real Estate Services",2022-02,221400.0
M,"Professional, Scientific and Technical Services",2022-02,1232500.0
N,Administrative and Support Services,2022-02,424000.0
O,Public Administration and Safety,2022-02,896000.0
P,Education and Training,2022-02,1123500.0
Q,Health Care and Social Assistance,2022-02,1968300.0
R,Arts and Recreation Services,2022-02,241100.0
S,Other Services,2022-02,528700.0
A,"Agriculture, Forestry and Fishing",2022-05,315200.0
B,Mining,2022-05,300300.0
C,Manufacturing,2022-05,858900.0
D,"Electricity, Gas, Water and Waste Services",2022-05,163300.0
E,Construction,2022-05,1208900.0
F,Wholesale Trade,2022-05,370000.0
G,Retail Trade,2022-05,1301000.0
H,Accommodation and Food Services,2022-05,918100.0
I,"Transport, Postal and Warehousing",2022-05,684900.0
J,Information Media and Telecommunications,2022-05,191400.0
K,Financial and Insurance Services,2022-05,543800.0
L,"Rental, Hiring and Real Estate Services",2022-05,222400.0
M,"Professional, Scientific and Technical Services",2022-05,1250800.0
N,Administrative and Support Services,2022-05,424700.0
O,Public Administration and Safety,2022-05,891100.0
P,Education and Training,2022-05,1131000.0
Q,Health Care and Social Assistance,2022-05,2012700.0
R,Arts and Recreation Services,2022-05,242600.0
S,Other Services,2022-05,527100.0
A,"Agriculture, Forestry and Fishing",2022-08,313300.0
B,Mining,2022-08,302600.0
C,Manufacturing,2022-08,859900.0
D,"Electricity, Gas, Water and Waste Services",2022-08,165600.0
E,Construction,2022-08,1242000.0
F,Wholesale Trade,2022-08,369600.0
G,Retail Trade,2022-08,1316100.0
H,Accommodation and Food Services,2022-08,925200.0
I,"Transport, Postal and Warehousing",2022-08,696200.0
J,Information Media and Telecommunications,2022-08,190700.0
K,Financial and Insurance Services,2022-08,549200.0
L,"Rental, Hiring and Real Estate Services",2022-08,223300.0
M,"Professional, Scientific and Technical Services",2022-08,1267200.0
N,Administrative and Support Services,2022-08,425300.0
O,Public Administration and Safety,2022-08,885800.0
P,Education and Training,2022-08,1139300.0
Q,Health Care and Social Assistance,2022-08,2051200.0
R,Arts and Recreation Services,2022-08,244600.0
S,Other Services,2022-08,523800.0
A,"Agriculture, Forestry and Fishing",2022-11,311700.0
B,Mining,2022-11,304600.0
C,Manufacturing,2022-11,867800.0
D,"Electricity, Gas, Water and Waste Services",2022-11,168100.0
E,Construction,2022-11,1272700.0
F,Wholesale Trade,2022-11,369300.0
G,Retail Trade,2022-11,1327500.0
H,Accommodation and Food Services,2022-11,930900.0
I,"Transport, Postal and Warehousing",2022-11,705500.0
J,Information Media and Telecommunications,2022-11,190000.0
K,Financial and Insurance Services,2022-11,552400.0
L,"Rental, Hiring and Real Estate Services",2022-11,224200.0
M,"Professional, Scientific and Technical Services",2022-11,1281800.0
N,Administrative and Support Services,2022-11,425800.0
O,Public Administration and Safety,2022-11,886500.0
P,Education and Training,2022-11,1147400.0
Q,Health Care and Social Assistance,2022-11,2085600.0
R,Arts and Recreation Services,2022-11,246800.0
S,Other Services,2022-11,520600.0
A,"Agriculture, Forestry and Fishing",2023-02,310200.0
B,Mining,2023-02,306400.0
C,Manufacturing,2023-02,880000.0
D,"Electricity, Gas, Water and Waste Services",2023-02,170900.0
E,Construction,2023-02,1296400.0
F,Wholesale Trade,2023-02,369000.0
G,Retail Trade,2023-02,1332300.0
H,Accommodation and Food Services,2023-02,932200.0
I,"Transport, Postal and Warehousing",2023-02,712300.0
J,Information Media and Telecommunications,2023-02,189200.0
K,Financial and Insurance Services,2023-02,553200.0
L,"Rental, Hiring and Real Estate Services",2023-02,225200.0
M,"Professional, Scientific and Technical Services",2023-02,1296000.0
N,Administrative and Support Services,2023-02,426400.0
O,Public Administration and Safety,2023-02,895300.0
P,Education and Training,2023-02,1155000.0
Q,Health Care and Social Assistance,2023-02,2118000.0
R,Arts and Recreation Services,2023-02,249100.0
S,Other Services,2023-02,519500.0
A,"Agriculture, Forestry and Fishing",2023-05,309000.0
B,Mining,2023-05,307800.0
C,Manufacturing,2023-05,893900.0
D,"Electricity, Gas, Water and Waste Services",2023-05,173900.0
E,Construction,2023-05,1311500.0
F,Wholesale Trade,2023-05,368400.0
G,Retail Trade,2023-05,1331600.0
H,Accommodation and Food Services,2023-05,930000.0
I,"Transport, Postal and Warehousing",2023-05,719500.0
J,Information Media and Telecommunications,2023-05,188500.0
K,Financial and Insurance Services,2023-05,553400.0
L,"Rental, Hiring and Real Estate Services",2023-05,226200.0
M,"Professional, Scientific and Technical Services",2023-05,1308800.0
N,Administrative and Support Services,2023-05,426900.0
O,Public Administration and Safety,2023-05,908100.0
P,Education and Training,2023-05,1166300.0
Q,Health Care and Social Assistance,2023-05,2148100.0
R,Arts and Recreation Services,2023-05,251600.0
S,Other Services,2023-05,519600.0
A,"Agriculture, Forestry and Fishing",2023-08,308000.0
B,Mining,2023-08,308900.0
C,Manufacturing,2023-08,904800.0
D,"Electricity, Gas, Water and Waste Services",2023-08,177100.0
E,Construction,2023-08,1320900.0
F,Wholesale Trade,2023-08,367600.0
G,Retail Trade,2023-08,1330200.0
H,Accommodation and Food Services,2023-08,925800.0
I,"Transport, Postal and Warehousing",2023-08,726200.0
J,Information Media and Telecommunications,2023-08,187700.0
K,Financial and Insurance Services,2023-08,552200.0
L,"Rental, Hiring and Real Estate Services",2023-08,227200.0
M,"Professional, Scientific and Technical Services",2023-08,1314900.0
N,Administrative and Support Services,2023-08,427500.0
O,Public Administration and Safety,2023-08,920700.0
P,Education and Training,2023-08,1178700.0
Q,Health Care and Social Assistance,2023-08,2175500.0
R,Arts and Recreation Services,2023-08,254000.0
S,Other Services,2023-08,519900.0
A,"Agriculture, Forestry and Fishing",2023-11,307000.0
B,Mining,2023-11,309800.0
C,Manufacturing,2023-11,909400.0
D,"Electricity, Gas, Water and Waste Services",2023-11,180500.0
E,Construction,2023-11,1328400.0
F,Wholesale Trade,2023-11,366100.0
G,Retail Trade,2023-11,1328000.0
H,Accommodation and Food Services,2023-11,923900.0
I,"Transport, Postal and Warehousing",2023-11,730500.0
J,Information Media and Telecommunications,2023-11,186900.0
K,Financial and Insurance Services,2023-11,548900.0
L,"Rental, Hiring and Real Estate Services",2023-11,228200.0
M,"Professional, Scientific and Technical Services",2023-11,1316400.0
N,Administrative and Support Services,2023-11,428100.0
O,Public Administration and Safety,2023-11,931400.0
P,Education and Training,2023-11,1193200.0
Q,Health Care and Social Assistance,2023-11,2202300.0
R,Arts and Recreation Services,2023-11,256200.0
S,Other Services,2023-11,521300.0
A,"Agriculture, Forestry and Fishing",2024-02,306000.0
B,Mining,2024-02,310400.0
C,Manufacturing,2024-02,907500.0
D,"Electricity, Gas, Water and Waste Services",2024-02,184100.0
E,Construction,2024-02,1333800.0
F,Wholesale Trade,2024-02,364100.0
G,Retail Trade,2024-02,1326900.0
H,Accommodation and Food Services,2024-02,928400.0
I,"Transport, Postal and Warehousing",2024-02,732000.0
J,Information Media and Telecommunications,2024-02,186100.0
K,Financial and Insurance Services,2024-02,543900.0
L,"Rental, Hiring and Real Estate Services",2024-02,229200.0
M,"Professional, Scientific and Technical Services",2024-02,1314500.0
N,Administrative and Support Services,2024-02,428800.0
O,Public Administration and Safety,2024-02,941500.0
P,Education and Training,2024-02,1207400.0
Q,Health Care and Social Assistance,2024-02,2225200.0
R,Arts and Recreation Services,2024-02,258200.0
S,Other Services,2024-02,523600.0
A,"Agriculture, Forestry and Fishing",2024-05,304800.0
B,Mining,2024-05,310900.0
C,Manufacturing,2024-05,901100.0
D,"Electricity, Gas, Water and Waste Services",2024-05,187800.0
E,Construction,2024-05,1338300.0
F,Wholesale Trade,2024-05,361300.0
G,Retail Trade,2024-05,1326700.0
H,Accommodation and Food Services,2024-05,938400.0
I,"Transport, Postal and Warehousing",2024-05,732900.0
J,Information Media and Telecommunications,2024-05,185200.0
K,Financial and Insurance Services,2024-05,540300.0
L,"Rental, Hiring and Real Estate Services",2024-05,230000.0
M,"Professional, Scientific and Technical Services",2024-05,1310600.0
N,Administrative and Support Services,2024-05,429500.0
O,Public Administration and Safety,2024-05,952200.0
P,Education and Training,2024-05,1224600.0
Q,Health Care and Social Assistance,2024-05,2245500.0
R,Arts and Recreation Services,2024-05,259800.0
S,Other Services,2024-05,527500.0
A,"Agriculture, Forestry and Fishing",2024-08,303400.0
B,Mining,2024-08,311400.0
C,Manufacturing,2024-08,892800.0
D,"Electricity, Gas, Water and Waste Services",2024-08,191700.0
E,Construction,2024-08,1341700.0
F,Wholesale Trade,2024-08,357800.0
G,Retail Trade,2024-08,1330600.0
H,Accommodation and Food Services,2024-08,948700.0
I,"Transport, Postal and Warehousing",2024-08,734100.0
J,Information Media and Telecommunications,2024-08,184300.0
K,Financial and Insurance Services,2024-08,541000.0
L,"Rental, Hiring and Real Estate Services",2024-08,230600.0
M,"Professional, Scientific and Technical Services",2024-08,1307900.0
N,Administrative and Support Services,2024-08,430200.0
O,Public Administration and Safety,2024-08,963200.0
P,Education and Training,2024-08,1241600.0
Q,Health Care and Social Assistance,2024-08,2264400.0
R,Arts and Recreation Services,2024-08,261100.0
S,Other Services,2024-08,533600.0
A,"Agriculture, Forestry and Fishing",2024-11,301800.0
B,Mining,2024-11,311800.0
C,Manufacturing,2024-11,884400.0
D,"Electricity, Gas, Water and Waste Services",2024-11,195600.0
E,Construction,2024-11,1346700.0
F,Wholesale Trade,2024-11,353800.0
G,Retail Trade,2024-11,1334500.0
H,Accommodation and Food Services,2024-11,955300.0
I,"Transport, Postal and Warehousing",2024-11,737000.0
J,Information Media and Telecommunications,2024-11,183400.0
K,Financial and Insurance Services,2024-11,544900.0
L,"Rental, Hiring and Real Estate Services",2024-11,230800.0
M,"Professional, Scientific and Technical Services",2024-11,1310100.0
N,Administrative and Support Services,2024-11,430900.0
O,Public Administration and Safety,2024-11,971900.0
P,Education and Training,2024-11,1255100.0
Q,Health Care and Social Assistance,2024-11,2286900.0
R,Arts and Recreation Services,2024-11,261900.0
S,Other Services,2024-11,541200.0
A,"Agriculture, Forestry and Fishing",2025-02,300000.0
B,Mining,2025-02,312300.0
C,Manufacturing,2025-02,876800.0
D,"Electricity, Gas, Water and Waste Services",2025-02,199700.0
E,Construction,2025-02,1349500.0
F,Wholesale Trade,2025-02,349300.0
G,Retail Trade,2025-02,1336000.0
H,Accommodation and Food Services,2025-02,958300.0
I,"Transport, Postal and Warehousing",2025-02,739200.0
J,Information Media and Telecommunications,2025-02,182400.0
K,Financial and Insurance Services,2025-02,549600.0
L,"Rental, Hiring and Real Estate Services",2025-02,230500.0
M,"Professional, Scientific and Technical Services",2025-02,1320300.0
N,Administrative and Support Services,2025-02,431500.0
O,Public Administration and Safety,2025-02,978900.0
P,Education and Training,2025-02,1265300.0
Q,Health Care and Social Assistance,2025-02,2314000.0
R,Arts and Recreation Services,2025-02,262500.0
S,Other Services,2025-02,548300.0
A,"Agriculture, Forestry and Fishing",2025-05,298100.0
B,Mining,2025-05,312700.0
C,Manufacturing,2025-05,870400.0
D,"Electricity, Gas, Water and Waste Services",2025-05,203800.0
E,Construction,2025-05,1349400.0
F,Wholesale Trade,2025-05,344400.0
G,Retail Trade,2025-05,1336500.0
H,Accommodation and Food Services,2025-05,960500.0
I,"Transport, Postal and Warehousing",2025-05,742200.0
J,Information Media and Telecommunications,2025-05,181300.0
K,Financial and Insurance Services,2025-05,552300.0
L,"Rental, Hiring and Real Estate Services",2025-05,229800.0
M,"Professional, Scientific and Technical Services",2025-05,1339900.0
N,Administrative and Support Services,2025-05,432100.0
O,Public Administration and Safety,2025-05,982800.0
P,Education and Training,2025-05,1279600.0
Q,Health Care and Social Assistance,2025-05,2340800.0
R,Arts and Recreation Services,2025-05,262800.0
S,Other Services,2025-05,556000.0
A,"Agriculture, Forestry and Fishing",2025-08,296200.0
B,Mining,2025-08,313200.0
C,Manufacturing,2025-08,866800.0
D,"Electricity, Gas, Water and Waste Services",2025-08,207900.0
E,Construction,2025-08,1352600.0
F,Wholesale Trade,2025-08,339400.0
G,Retail Trade,2025-08,1336700.0
H,Accommodation and Food Services,2025-08,963400.0
I,"Transport, Postal and Warehousing",2025-08,744600.0
J,Information Media and Telecommunications,2025-08,180300.0
K,Financial and Insurance Services,2025-08,551000.0
L,"Rental, Hiring and Real Estate Services",2025-08,228800.0
M,"Professional, Scientific and Technical Services",2025-08,1360400.0
N,Administrative and Support Services,2025-08,432800.0
O,Public Administration and Safety,2025-08,983100.0
P,Education and Training,2025-08,1295300.0
Q,Health Care and Social Assistance,2025-08,2362300.0
R,Arts and Recreation Services,2025-08,262900.0
S,Other Services,2025-08,565100.0
A,"Agriculture, Forestry and Fishing",2025-11,294200.0
B,Mining,2025-11,313800.0
C,Manufacturing,2025-11,866600.0
D,"Electricity, Gas, Water and Waste Services",2025-11,212100.0
E,Construction,2025-11,1360900.0
F,Wholesale Trade,2025-11,334200.0
G,Retail Trade,2025-11,1337600.0
H,Accommodation and Food Services,2025-11,965900.0
I,"Transport, Postal and Warehousing",2025-11,748500.0
J,Information Media and Telecommunications,2025-11,179200.0
K,Financial and Insurance Services,2025-11,548400.0
L,"Rental, Hiring and Real Estate Services",2025-11,227600.0
M,"Professional, Scientific and Technical Services",2025-11,1380200.0
N,Administrative and Support Services,2025-11,433500.0
O,Public Administration and Safety,2025-11,979800.0
P,Education and Training,2025-11,1308400.0
Q,Health Care and Social Assistance,2025-11,2383700.0
R,Arts and Recreation Services,2025-11,262900.0
S,Other Services,2025-11,573500.0
A,"Agriculture, Forestry and Fishing",2026-02,292200.0
B,Mining,2026-02,314500.0
C,Manufacturing,2026-02,868100.0
D,"Electricity, Gas, Water and Waste Services",2026-02,216300.0
E,Construction,2026-02,1371500.0
F,Wholesale Trade,2026-02,328900.0
G,Retail Trade,2026-02,1338300.0
H,Accommodation and Food Services,2026-02,967200.0
I,"Transport, Postal and Warehousing",2026-02,754500.0
J,Information Media and Telecommunications,2026-02,178100.0
K,Financial and Insurance Services,2026-02,546000.0
L,"Rental, Hiring and Real Estate Services",2026-02,226200.0
M,"Professional, Scientific and Technical Services",2026-02,1401200.0
N,Administrative and Support Services,2026-02,434200.0
O,Public Administration and Safety,2026-02,976200.0
P,Education and Training,2026-02,1318100.0
Q,Health Care and Social Assistance,2026-02,2409000.0
R,Arts and Recreation Services,2026-02,262700.0
S,Other Services,2026-02,579900.0
