flow,year_ending,period_label,provisional,revised,estimate,lower_bound,upper_bound
Immigration,2012-06,YE Jun 12,False,False,639000,,
Immigration,2012-09,YE Sep 12,False,False,630000,,
Immigration,2012-12,YE Dec 12,False,False,643000,,
Immigration,2013-03,YE Mar 13,False,False,649000,,
Immigration,2013-06,YE Jun 13,False,False,669000,,
Immigration,2013-09,YE Sep 13,False,False,720000,,
Immigration,2013-12,YE Dec 13,False,False,713000,,
Immigration,2014-03,YE Mar 14,False,False,731000,,
Immigration,2014-06,YE Jun 14,False,False,737000,,
Immigration,2014-09,YE Sep 14,False,False,761000,,
Immigration,2014-12,YE Dec 14,False,False,778000,,
Immigration,2015-03,YE Mar 15,False,False,780000,,
Immigration,2015-06,YE Jun 15,False,False,778000,,
Immigration,2015-09,YE Sep 15,False,False,774000,,
Immigration,2015-12,YE Dec 15,False,False,797000,,
Immigration,2016-03,YE Mar 16,False,False,803000,,
Immigration,2016-06,YE Jun 16,False,False,832000,,
Immigration,2016-09,YE Sep 16,False,False,804000,,
Immigration,2016-12,YE Dec 16,False,False,772000,,
Immigration,2017-03,YE Mar 17,False,False,759000,,
Immigration,2017-06,YE Jun 17,False,False,718000,,
Immigration,2017-09,YE Sep 17,False,False,754000,,
Immigration,2017-12,YE Dec 17,False,False,752000,,
Immigration,2018-03,YE Mar 18,False,False,736000,,
Immigration,2018-06,YE Jun 18,False,False,757000,,
Immigration,2018-09,YE Sep 18,False,False,766000,,
Immigration,2018-12,YE Dec 18,False,False,825000,,
Immigration,2019-03,YE Mar 19,False,False,849000,,
Immigration,2019-06,YE Jun 19,False,False,821000,,
Immigration,2019-09,YE Sep 19,False,False,793000,,
Immigration,2019-12,YE Dec 19,False,False,788000,,
Immigration,2020-03,YE Mar 20,False,False,815000,,
Immigration,2020-06,YE Jun 20,False,False,736000,,
Immigration,2020-09,YE Sep 20,False,False,606000,,
Immigration,2020-12,YE Dec 20,False,False,662000,,
Immigration,2021-03,YE Mar 21,False,False,629000,,
Immigration,2021-06,YE Jun 21,False,False,818000,,
Immigration,2021-09,YE Sep 21,False,False,937000,,
Immigration,2021-12,YE Dec 21,False,False,947000,,
Immigration,2022-03,YE Mar 22,False,False,1069000,,
Immigration,2022-06,YE Jun 22,False,False,1167000,1151000.0,1185000.0
Immigration,2022-09,YE Sep 22,False,False,1317000,,
Immigration,2022-12,YE Dec 22,False,False,1398000,1391000.0,1422000.0
Immigration,2023-03,YE Mar 23,False,False,1469000,,
Immigration,2023-06,YE Jun 23,False,False,1466000,1458000.0,1484000.0
Immigration,2023-09,YE Sep 23,False,False,1461000,,
Immigration,2023-12,YE Dec 23,False,False,1441000,1432000.0,1454000.0
Immigration,2024-03,YE Mar 24,False,False,1359000,,
Immigration,2024-06,YE Jun 24,False,False,1299000,1291000.0,1310000.0
Immigration,2024-09,YE Sep 24 R,False,True,1159000,,
Immigration,2024-12,YE Dec 24 R,False,True,1012000,1003000.0,1020000.0
Immigration,2025-03,YE Mar 25 P R,True,True,945000,,
Immigration,2025-06,YE Jun 25 P R,True,True,888000,872000.0,892000.0
Immigration,2025-09,YE Sep 25 P,True,False,862000,,
Immigration,2025-12,YE Dec 25 P,True,False,813000,789000.0,823000.0
Emigration,2012-06,YE Jun 12,False,False,477000,,
Emigration,2012-09,YE Sep 12,False,False,473000,,
Emigration,2012-12,YE Dec 12,False,False,448000,,
Emigration,2013-03,YE Mar 13,False,False,446000,,
Emigration,2013-06,YE Jun 13,False,False,454000,,
Emigration,2013-09,YE Sep 13,False,False,461000,,
Emigration,2013-12,YE Dec 13,False,False,469000,,
Emigration,2014-03,YE Mar 14,False,False,475000,,
Emigration,2014-06,YE Jun 14,False,False,489000,,
Emigration,2014-09,YE Sep 14,False,False,497000,,
Emigration,2014-12,YE Dec 14,False,False,494000,,
Emigration,2015-03,YE Mar 15,False,False,484000,,
Emigration,2015-06,YE Jun 15,False,False,482000,,
Emigration,2015-09,YE Sep 15,False,False,481000,,
Emigration,2015-12,YE Dec 15,False,False,494000,,
Emigration,2016-03,YE Mar 16,False,False,506000,,
Emigration,2016-06,YE Jun 16,False,False,511000,,
Emigration,2016-09,YE Sep 16,False,False,514000,,
Emigration,2016-12,YE Dec 16,False,False,523000,,
Emigration,2017-03,YE Mar 17,False,False,519000,,
Emigration,2017-06,YE Jun 17,False,False,518000,,
Emigration,2017-09,YE Sep 17,False,False,549000,,
Emigration,2017-12,YE Dec 17,False,False,544000,,
Emigration,2018-03,YE Mar 18,False,False,543000,,
Emigration,2018-06,YE Jun 18,False,False,541000,,
Emigration,2018-09,YE Sep 18,False,False,539000,,
Emigration,2018-12,YE Dec 18,False,False,549000,,
Emigration,2019-03,YE Mar 19,False,False,575000,,
Emigration,2019-06,YE Jun 19,False,False,597000,,
Emigration,2019-09,YE Sep 19,False,False,591000,,
Emigration,2019-12,YE Dec 19,False,False,605000,,
Emigration,2020-03,YE Mar 20,False,False,645000,,
Emigration,2020-06,YE Jun 20,False,False,625000,,
Emigration,2020-09,YE Sep 20,False,False,571000,,
Emigration,2020-12,YE Dec 20,False,False,569000,,
Emigration,2021-03,YE Mar 21,False,False,496000,,
Emigration,2021-06,YE Jun 21,False,False,567000,,
Emigration,2021-09,YE Sep 21,False,False,552000,,
Emigration,2021-12,YE Dec 21,False,False,480000,,
Emigration,2022-03,YE Mar 22,False,False,495000,,
Emigration,2022-06,YE Jun 22,False,False,486000,482000.0,521000.0
Emigration,2022-09,YE Sep 22,False,False,496000,,
Emigration,2022-12,YE Dec 22,False,False,508000,504000.0,541000.0
Emigration,2023-03,YE Mar 23,False,False,525000,,
Emigration,2023-06,YE Jun 23,False,False,543000,533000.0,572000.0
Emigration,2023-09,YE Sep 23,False,False,570000,,
Emigration,2023-12,YE Dec 23,False,False,593000,576000.0,611000.0
Emigration,2024-03,YE Mar 24,False,False,625000,,
Emigration,2024-06,YE Jun 24,False,False,650000,631000.0,667000.0
Emigration,2024-09,YE Sep 24 R,False,True,662000,,
Emigration,2024-12,YE Dec 24 R,False,True,680000,666000.0,701000.0
Emigration,2025-03,YE Mar 25 P R,True,True,685000,,
Emigration,2025-06,YE Jun 25 P R,True,True,669000,652000.0,687000.0
Emigration,2025-09,YE Sep 25 P,True,False,661000,,
Emigration,2025-12,YE Dec 25 P,True,False,642000,616000.0,655000.0
Net migration,2012-06,YE Jun 12,False,False,162000,,
Net migration,2012-09,YE Sep 12,False,False,157000,,
Net migration,2012-12,YE Dec 12,False,False,195000,,
Net migration,2013-03,YE Mar 13,False,False,204000,,
Net migration,2013-06,YE Jun 13,False,False,215000,,
Net migration,2013-09,YE Sep 13,False,False,259000,,
Net migration,2013-12,YE Dec 13,False,False,244000,,
Net migration,2014-03,YE Mar 14,False,False,256000,,
Net migration,2014-06,YE Jun 14,False,False,248000,,
Net migration,2014-09,YE Sep 14,False,False,264000,,
Net migration,2014-12,YE Dec 14,False,False,284000,,
Net migration,2015-03,YE Mar 15,False,False,296000,,
Net migration,2015-06,YE Jun 15,False,False,296000,,
Net migration,2015-09,YE Sep 15,False,False,293000,,
Net migration,2015-12,YE Dec 15,False,False,303000,,
Net migration,2016-03,YE Mar 16,False,False,298000,,
Net migration,2016-06,YE Jun 16,False,False,321000,,
Net migration,2016-09,YE Sep 16,False,False,290000,,
Net migration,2016-12,YE Dec 16,False,False,249000,,
Net migration,2017-03,YE Mar 17,False,False,240000,,
Net migration,2017-06,YE Jun 17,False,False,200000,,
Net migration,2017-09,YE Sep 17,False,False,205000,,
Net migration,2017-12,YE Dec 17,False,False,208000,,
Net migration,2018-03,YE Mar 18,False,False,193000,,
Net migration,2018-06,YE Jun 18,False,False,216000,,
Net migration,2018-09,YE Sep 18,False,False,226000,,
Net migration,2018-12,YE Dec 18,False,False,276000,,
Net migration,2019-03,YE Mar 19,False,False,274000,,
Net migration,2019-06,YE Jun 19,False,False,224000,,
Net migration,2019-09,YE Sep 19,False,False,202000,,
Net migration,2019-12,YE Dec 19,False,False,184000,,
Net migration,2020-03,YE Mar 20,False,False,170000,,
Net migration,2020-06,YE Jun 20,False,False,111000,,
Net migration,2020-09,YE Sep 20,False,False,35000,,
Net migration,2020-12,YE Dec 20,False,False,93000,,
Net migration,2021-03,YE Mar 21,False,False,132000,,
Net migration,2021-06,YE Jun 21,False,False,251000,,
Net migration,2021-09,YE Sep 21,False,False,384000,,
Net migration,2021-12,YE Dec 21,False,False,467000,,
Net migration,2022-03,YE Mar 22,False,False,575000,,
Net migration,2022-06,YE Jun 22,False,False,681000,639000.0,691000.0
Net migration,2022-09,YE Sep 22,False,False,822000,,
Net migration,2022-12,YE Dec 22,False,False,891000,858000.0,907000.0
Net migration,2023-03,YE Mar 23,False,False,944000,,
Net migration,2023-06,YE Jun 23,False,False,924000,895000.0,942000.0
Net migration,2023-09,YE Sep 23,False,False,891000,,
Net migration,2023-12,YE Dec 23,False,False,848000,828000.0,870000.0
Net migration,2024-03,YE Mar 24,False,False,734000,,
Net migration,2024-06,YE Jun 24,False,False,649000,631000.0,671000.0
Net migration,2024-09,YE Sep 24 R,False,True,497000,,
Net migration,2024-12,YE Dec 24 R,False,True,331000,309000.0,348000.0
Net migration,2025-03,YE Mar 25 P R,True,True,260000,,
Net migration,2025-06,YE Jun 25 P R,True,True,219000,193000.0,233000.0
Net migration,2025-09,YE Sep 25 P,True,False,202000,,
Net migration,2025-12,YE Dec 25 P,True,False,171000,145000.0,197000.0
