topic,finding,estimate,estimate_low,estimate_high,unit,comparison,horizon,method,evidence_type,source,source_url,published,checked_on,caveats
GDP per person,"Migration at the long-run average raises GDP per person, mainly because migrants are younger",7.0,,,"% of GDP per person (about $7,000 a person in 2013-14 dollars)",NOM at the long-term historical average vs zero NOM,2060,Demographic and economic projection,Official (Productivity Commission),"Productivity Commission (2016), Migrant intake into Australia (Inquiry Report No. 77; dated 13 April, released 12 September 2016)",https://www.homeaffairs.gov.au/reports-and-pubs/files/migration-system-aust-future-submissions/s-z/The_Productivity_Commission.PDF,2016-09-12,2026-10-04,"Assumes the intake keeps its young age profile. Does not count congestion, environmental or housing costs"
Population ageing,Share of the population aged 65 and over,25.0,,30.0,% of population,Current NOM (estimate) vs zero NOM (estimate_high),2060,Demographic projection,Official (Productivity Commission),"Productivity Commission (2016), Migrant intake into Australia (Inquiry Report No. 77; dated 13 April, released 12 September 2016)",https://www.homeaffairs.gov.au/reports-and-pubs/files/migration-system-aust-future-submissions/s-z/The_Productivity_Commission.PDF,2016-09-12,2026-10-04,Migration delays ageing but does not stop it
Wages and jobs of existing workers,"Recent immigrants had a negligible effect on the wages, employment and participation of existing workers at the aggregate level",,,,,Econometric analysis commissioned for the inquiry,Recent years before 2016,Econometrics,Official (Productivity Commission),"Productivity Commission (2016), Migrant intake into Australia (Inquiry Report No. 77; dated 13 April, released 12 September 2016)",https://www.homeaffairs.gov.au/reports-and-pubs/files/migration-system-aust-future-submissions/s-z/The_Productivity_Commission.PDF,2016-09-12,2026-10-04,Effects can be concentrated among lower-skilled and young workers
Budget (lifetime fiscal impact),"Lifetime fiscal cost of a parent visa holder, per adult",,-410000.0,-335000.0,$ net present value per adult (2015-16),Parent visa holder,Lifetime,Fiscal accounting model,Official (Productivity Commission),"Productivity Commission (2016), Migrant intake into Australia (Inquiry Report No. 77; dated 13 April, released 12 September 2016)",https://www.homeaffairs.gov.au/reports-and-pubs/files/migration-system-aust-future-submissions/s-z/The_Productivity_Commission.PDF,2016-09-12,2026-10-04,Older arrivals use more health care and work less
Budget (lifetime fiscal impact),Skill stream primary applicants,415000.0,,,"$ net present value per person (2018-19 dollars, 5% nominal discount rate)",2018-19 permanent cohort,Lifetime,Fiscal microsimulation,Official (Treasury),"Varela, P., Husek, N., Williams, T., Maher, R., & Kennedy, D. (2021), The lifetime fiscal impact of the Australian permanent migration program (Treasury Paper), The Treasury",https://treasury.gov.au/sites/default/files/2021-12/p2021-220773_1.pdf,2021-12-01,2026-10-04,Employer sponsored and skilled independent are the largest positives
Budget (lifetime fiscal impact),Partner visa primary applicants,-92000.0,,,"$ net present value per person (2018-19 dollars, 5% nominal discount rate)",2018-19 permanent cohort,Lifetime,Fiscal microsimulation,Official (Treasury),"Varela, P., Husek, N., Williams, T., Maher, R., & Kennedy, D. (2021), The lifetime fiscal impact of the Australian permanent migration program (Treasury Paper), The Treasury",https://treasury.gov.au/sites/default/files/2021-12/p2021-220773_1.pdf,2021-12-01,2026-10-04,
Budget (lifetime fiscal impact),Parent visa primary applicants,-394000.0,,,"$ net present value per person (2018-19 dollars, 5% nominal discount rate)",2018-19 permanent cohort,Lifetime,Fiscal microsimulation,Official (Treasury),"Varela, P., Husek, N., Williams, T., Maher, R., & Kennedy, D. (2021), The lifetime fiscal impact of the Australian permanent migration program (Treasury Paper), The Treasury",https://treasury.gov.au/sites/default/files/2021-12/p2021-220773_1.pdf,2021-12-01,2026-10-04,
Budget (lifetime fiscal impact),Humanitarian entrants,-400000.0,,,"$ net present value per person (2018-19 dollars, 5% nominal discount rate)",2018-19 permanent cohort,Lifetime,Fiscal microsimulation,Official (Treasury),"Varela, P., Husek, N., Williams, T., Maher, R., & Kennedy, D. (2021), The lifetime fiscal impact of the Australian permanent migration program (Treasury Paper), The Treasury",https://treasury.gov.au/sites/default/files/2021-12/p2021-220773_1.pdf,2021-12-01,2026-10-04,Humanitarian intake is not set on economic grounds
Budget (lifetime fiscal impact),"Whole 2018-19 permanent migrant cohort, average",41000.0,,,"$ net present value per person (2018-19 dollars, 5% nominal discount rate)",2018-19 permanent cohort,Lifetime,Fiscal microsimulation,Official (Treasury),"Varela, P., Husek, N., Williams, T., Maher, R., & Kennedy, D. (2021), The lifetime fiscal impact of the Australian permanent migration program (Treasury Paper), The Treasury",https://treasury.gov.au/sites/default/files/2021-12/p2021-220773_1.pdf,2021-12-01,2026-10-04,"$127,000 a person more positive than the 2018-19 population overall"
GDP per person,"Lower migration (185,000 a year instead of the 235,000 baseline) reduces GDP per person only slightly",-400.0,,,$ per person,"NOM 185,000 vs 235,000 a year",2065-66,Long-run projection,"Official (Treasury), via media report","The Treasury (2026, September 21), 2026 Intergenerational Report, as reported by SBS News (2026, September 23), The numbers raising new questions about Australia's future wealth",https://www.sbs.com.au/news/article/treasury-igr-migration-living-standards-gdp-per-capita/krs0abtoh,2026-09-21,2026-10-04,As reported by SBS; check IGR Appendix A4 (sensitivity analysis)
GNI per person,"Higher migration (285,000 a year) raises gross national income per person only slightly",100.0,,,$ per person,"NOM 285,000 vs 235,000 a year",2065-66,Long-run projection,"Official (Treasury), via media report","The Treasury (2026, September 21), 2026 Intergenerational Report, as reported by SBS News (2026, September 23), The numbers raising new questions about Australia's future wealth",https://www.sbs.com.au/news/article/treasury-igr-migration-living-standards-gdp-per-capita/krs0abtoh,2026-09-21,2026-10-04,As reported by SBS; check IGR Appendix A4
Population ageing,Old-age dependency ratio (people 65+ per 100 of working age),40.2,37.8,43.0,ratio,"Baseline NOM 235,000 (estimate), high 285,000 (estimate_low), low 185,000 (estimate_high); 27.4 today",2065-66,Long-run projection,"Official (Treasury), via media report","The Treasury (2026, September 21), 2026 Intergenerational Report, as reported by SBS News (2026, September 23), The numbers raising new questions about Australia's future wealth",https://www.sbs.com.au/news/article/treasury-igr-migration-living-standards-gdp-per-capita/krs0abtoh,2026-09-21,2026-10-04,As reported by SBS; the ABC's IGR story gives about 29 now and 39 by 2066 on another definition. Check IGR Appendix A4
Budget (debt),Lower migration raises gross debt: about 32.2% of GDP instead of 27.4%,4.8,,,percentage points of GDP (most likely),"NOM 185,000 vs 235,000 a year",2065-66,Long-run projection,"Official (Treasury), via media report","The Treasury (2026, September 21), 2026 Intergenerational Report, as reported by Commins, P. (2026, September 21), Think Australia would be better off with less migration? The numbers tell a different story, The Guardian (read via inkl)",https://www.inkl.com/news/think-australia-would-be-better-off-with-less-migration-the-numbers-tell-a-different-story,2026-09-21,2026-10-04,"SBS says 'rise by 4.8 per cent'. 27.4% is the Treasurer's baseline; 32.2% is The Guardian's figure. The Guardian also says 'nearly 10 percentage points', which does not fit. Check IGR Appendix A4"
Housing (rents),The 2005-2018 population surge (adult population 3.3% higher by 2018) left real rents higher than otherwise,9.0,,,% higher real rents,Population growth rising from 1.5% (2005) to a 2.4% peak (2008) vs staying at 1.5%,2018,Structural housing market model,Central bank research,"Saunders, T., & Tulip, P. (2019), A model of the Australian housing market (RBA Research Discussion Paper 2019-01)",https://www.rba.gov.au/publications/rdp/2019/2019-01/model-responses.html,2019-03-01,2026-10-04,Prices follow rents gradually. Larger than many local studies find; effects grow with geographic scale
Wages and jobs of existing workers,Review of Australian studies: effects on existing workers' earnings are modest and generally positive,,0.4,1.5,% earnings change per 1% increase in immigrants in a skill group (foreign-born population in Bond and Gaston; immigrant share in Kifle),Skill-group studies (Bond and Gaston 2011; Kifle 2009),Various,Literature review,Research review (RBA conference),"Brell, C., & Dustmann, C. (2019), Immigration and wage growth: The case of Australia, in RBA Conference Volume 2019",https://www.rba.gov.au/publications/confs/2019/pdf/christian-dustmann.pdf,2019-04-01,2026-10-04,"Some negative effects for workers with vocational qualifications, but not robust"
Housing (reference),Average household size; at 2.8 people per home Australia would need 1.2 million fewer dwellings,2.5,,2.8,people per household,Recent (estimate) vs mid-1980s (estimate_high),2024,Descriptive,Central bank speech,"Hunter, S. (2024, May 16), Housing market cycles and fundamentals [Speech], Reserve Bank of Australia",https://www.rba.gov.au/speeches/2024/sp-ag-2024-05-16.html,2024-05-16,2026-10-04,"Just under 27 million people in about 11 million households (speech, May 2024)"
