figure_id,screen,question,chart_form,data_tables,number_types,status,approved_on,notes
EX01,story ch1; report ex1,How many people moved here last year?,"Three MCG shapes filling up, with per-day and total-growth figures",tidy/abs_population_quarterly_by_state.csv; analysis/everyday_comparisons.csv,Official data,draft,,
EX02,story ch1; report ex2; brief fig 1,Is that a lot?,"Line since 1950; scenes mark 2020-21, the record and the fall to now",analysis/population_long_run_australia.csv; tidy/abs_population_quarterly_by_state.csv,Official data,draft,,Calendar years to 1971; financial years to 1981; 12 months to each quarter from 1982
EX03,story ch2; report ex3,Who is coming?,"100 squares by visa group; scenes light up citizens, temporary, permanent and permanent skilled",analysis/nom_by_visa_group.csv,Official data,draft,,Squares rounded so the permanent group matches the headline
EX04,story ch2; report ex4,Who adds to net migration?,Bars of net migration by visa group; skilled visas combined (permanent + temporary),analysis/nom_by_visa_group.csv,Official data,draft,,"Net = arrivals minus departures, 2024-25"
EX05,report ex5,Where do net arrivals settle?,Bars of each state's share of net overseas migration with its population share marked,tidy/abs_population_quarterly_by_state.csv,Official data,draft,,
EX06,story ch3; report ex6; brief fig 2,What does each party plan?,Plan lines to 2029-30 lit one at a time; One Nation hatched range,analysis/scenario_nom_paths.csv; tidy/policy_migration_positions.csv,Official data; Forecast or plan; Our illustration,draft,,Greens shown as a note: no overall number
EX07,story ch3; report ex7,What would that mean by 2030?,Dot per plan from today's population; One Nation range,analysis/scenario_summary.csv,Our estimate; Our illustration,draft,,Scale does not start at zero (dot chart)
EX08,report ex8,Build your own plan,Plan presets and your own numbers; population lines; homes bars; for Australia or a state,analysis/scenario_population.csv; analysis/scenario_summary.csv,Our estimate; Forecast or plan; Our illustration,draft,,Browser model checked against the pipeline (exhibit A7)
EX09,story ch4; report ex9,Are we building enough homes?,Bars of homes needed a year against completions and the Accord pace; shortfall tile,analysis/scenario_summary.csv; analysis/scenario_housing_context.csv,Our estimate; Official data; Forecast or plan; Our illustration,draft,,
EX10,story ch4; report ex10,How does your state compare?,Equal tiles by state coloured by people added per new home (viridis),analysis/housing_vs_population_by_state.csv,Official data,draft,,Tapping a tile loads Exhibit 11
EX11,report ex11,Your state at a glance,Figures; growth and migration lines; homes lines; shortage bars,tidy/abs_population_quarterly_by_state.csv; analysis/housing_vs_population_by_state.csv; analysis/named_sector_summary_state.csv,Official data; Our estimate,draft,,
EX12,story ch5; report ex12,Which jobs are short of workers?,24 sorted bars; top four highlighted; all-jobs line,analysis/named_sector_summary_national.csv,Official data,draft,,Asterisk where fewer than half of jobs were checked
EX13,story ch5; report ex13,Which jobs will grow most?,The same bars re-sorted by growth; short-now dots,analysis/named_sector_summary_national.csv,Forecast or plan,draft,,
EX14,story ch6; report ex14,Do we train enough people here?,Dots per 100 workers needed with a line at 100,analysis/named_sector_summary_national.csv,Our estimate,draft,,Seven job groups: most jobs short and training counted for at least 60% of the need
EX15,story ch6; report ex15; brief fig 3,Where do skilled visas go?,Same layout: visas per 100 needed with training dots in grey,analysis/named_sector_summary_national.csv; analysis/visas_vs_shortages.csv,Our estimate,draft,,
EX16,story ch7; report ex16,Do skilled migrants find work?,Bars out of 100 by visa stream,analysis/migrant_outcomes_by_stream.csv,Official data,draft,,Census 2021 linked data
EX17,report ex17,Find your job,Search with a job card; job ads line; per-100 bars,analysis/occupation_skills_national.csv; analysis/occupation_skills_state.csv; tidy/jsa_ivi_occupation4_state_monthly.csv.gz,Official data; Our estimate,draft,,
EX18,report ex18,How did each side's claims fare?,"Stacked bars of verdicts by side (blue ramp for testable, greys for untestable)",analysis/fact_check_cards.csv,Official data,draft,,
EX19,story ch8; report ex19,So who's right?,Four claim cards; one per party by a fixed rule,analysis/fact_check_cards.csv,Official data,draft,,Rule: each party's most recent claim we could test
EX20,report ex20,All claims,All claim cards with filters; first six shown,analysis/fact_check_cards.csv,Official data,draft,,
SIM1,simulator,Size vs mix: skilled workers per 100 needed,Dumbbell per job group: today's mix against skills-first,data/data.js (sim); analysis/named_sector_summary_national.csv; analysis/visas_vs_shortages_summary.json,Our illustration,draft,,Method A agreed 5 October 2026
SIM2,simulator,Size vs mix: does training plus migration reach 100?,Stacked bars for the seven measured groups: trained here plus skilled workers,analysis/named_sector_summary_national.csv,Our estimate; Our illustration,draft,,
SIM3,brief fig 4,Mix matters as much as size,"Grouped bars at 130,000, 225,000 and 300,000: today's mix against skills-first",data/data.js (sim),Our illustration,draft,,
EXA1,report models,Do short-listed jobs get more visas per worker?,Two bars (all visas over all workers) with median dots,analysis/visas_vs_shortages.csv; analysis/visas_vs_shortages_summary.json,Our estimate,draft,,
EXA2,report models,Share of visas against share of workers,Two bars out of 100%,analysis/visas_vs_shortages_summary.json,Our estimate,draft,,
EXA3,report models,Every occupation: growth against visas,"Scatter of 304 occupations, log scale, shortage status in colour",analysis/visas_vs_shortages.csv,Our estimate,draft,,
EXA4,report models,What predicts visas per worker?,Coefficient plot with 95% robust confidence intervals,analysis/visas_vs_shortages_summary.json,Our estimate,draft,,"OLS, HC1 standard errors, n = 304"
EXA5,report models,How sensitive is homes needed?,Range bars per plan: people per home 2.3 to 2.8 and births minus deaths plus or minus 10%; completions line,analysis/model_sensitivity.csv,Our estimate; Our illustration,draft,,
EXA6,report models,What if the opposition plans start a year later?,Dumbbells of 2030 population,analysis/model_sensitivity.csv,Our estimate; Our illustration,draft,,
EXA7,report models,Does the browser model match the pipeline?,"Strip of differences for every plan, case and place, computed live",analysis/scenario_summary.csv; dashboard/js/model.js,Our estimate,draft,,Checked in the browser on every load
EXA8,report models,How the numbers get here,Four-step pipeline with counts,data_inventory.csv; analysis/row_counts.csv; analysis/data_dictionary.csv,Official data; Our estimate,draft,,
