comparison_group,name,reason,member_codes,member_codes_not_in_projections,excluded_codes
G241,School teachers (all levels),Initial teacher education is not split by school level,2410 2411 2412 2413 2414 2415,,
G253,Medical practitioners,"Medical graduates start as interns and resident medical officers, then specialise",2530 2531 2532 2533 2534 2535 2539,,
G311,"Agricultural, medical and science technicians",Most trainee completions are coded only to the group (nfd),3110 3111 3112 3113 3114,,
G322,Fabrication engineering trades (incl. welders),Apprentices sit under Sheetmetal Workers while visas sit under Structural Steel and Welding,3220 3221 3222 3223,,
G323,Mechanical engineering trades (incl. fitters),Most apprentice completions are coded only to the group (nfd),3230 3231 3232 3233 3234,,
G324,"Panelbeaters, vehicle body builders, trimmers and painters",No apprentices are coded to Panelbeaters,3240 3241 3242 3243,,
G351C,Chefs and cooks,Cookery apprentices sit mostly under Cooks while visas sit mostly under Chefs,3513 3514,,
G393,"Textile, clothing and footwear trades",Most apprentice completions are coded only to the group (nfd),3930 3931 3932 3933,,
G431,Hospitality workers,Most trainee completions are coded only to the group (nfd),4310 4311 4312 4313 4314 4315 4319,,
G552,Financial and insurance clerks,Most trainee completions are coded only to the group (nfd),5520 5521 5522 5523,,
G121,Farmers and farm managers,ANZSCO 2022 replaced the crop and mixed farmer codes,1210 1211 1212 1213 1214 1215 1216 1217,1215 1216 1217,
G362,Gardeners and horticultural trades,ANZSCO 2022 split Gardeners into three codes,3620 3621 3622 3623 3624 3625 3626 3627,3625 3626 3627,
G84,"Farm, forestry and garden workers, senior farm workers and shearers","ANZSCO 2022 moved these jobs to new codes (pest controllers from 8419 to 8434); Home Affairs codes fishing leading hands to 3431, the OSCA code for senior aquaculture, crop and forestry workers",3431 3612 3631 3632 3633 8410 8411 8412 8413 8414 8415 8416 8419 8421 8422 8423 8424 8431 8432 8433 8434 8439,3431 3631 3632 3633 8421 8422 8423 8424 8431 8432 8433 8434 8439,
