quarter,state,sfd_cvm_sa,sfd_growth_q_pct,sfd_growth_tty_pct,population_avg,sfd_per_person_sa,sfd_per_person_growth_tty_pct
1985-09,NSW,64917.0,,,5471383.0,11865.0,
1985-12,NSW,66372.0,2.2,,5487360.5,12095.0,
1986-03,NSW,66018.0,-0.5,,5506422.0,11989.0,
1986-06,NSW,67903.0,2.9,,5523951.5,12292.0,
1986-09,NSW,68205.0,0.4,5.06,5540727.0,12310.0,3.75
1986-12,NSW,68375.0,0.2,3.02,5562089.5,12293.0,1.64
1987-03,NSW,67105.0,-1.9,1.65,5585229.0,12015.0,0.22
1987-06,NSW,67975.0,1.3,0.11,5606471.5,12124.0,-1.37
1987-09,NSW,68957.0,1.4,1.1,5628317.5,12252.0,-0.47
1987-12,NSW,71352.0,3.5,4.35,5653059.0,12622.0,2.68
1988-03,NSW,72223.0,1.2,7.63,5677808.0,12720.0,5.87
1988-06,NSW,71896.0,-0.5,5.77,5698353.0,12617.0,4.07
1988-09,NSW,72531.0,0.9,5.18,5718820.0,12683.0,3.52
1988-12,NSW,73870.0,1.8,3.53,5741292.5,12866.0,1.93
1989-03,NSW,75442.0,2.1,4.46,5760987.0,13095.0,2.95
1989-06,NSW,77045.0,2.1,7.16,5773001.5,13346.0,5.78
1989-09,NSW,77240.0,0.3,6.49,5780954.0,13361.0,5.35
1989-12,NSW,77146.0,-0.1,4.43,5794352.0,13314.0,3.48
1990-03,NSW,78274.0,1.5,3.75,5810615.0,13471.0,2.87
1990-06,NSW,78932.0,0.8,2.45,5826086.0,13548.0,1.51
1990-09,NSW,77855.0,-1.4,0.8,5841777.5,13327.0,-0.25
1990-12,NSW,78848.0,1.3,2.21,5856015.5,13464.0,1.13
1991-03,NSW,78363.0,-0.6,0.11,5872872.5,13343.0,-0.95
1991-06,NSW,77512.0,-1.1,-1.8,5890989.5,13158.0,-2.88
1991-09,NSW,79231.0,2.2,1.77,5907722.5,13411.0,0.63
1991-12,NSW,77786.0,-1.8,-1.35,5922393.0,13134.0,-2.45
1992-03,NSW,78430.0,0.8,0.09,5937229.0,13210.0,-1.0
1992-06,NSW,78128.0,-0.4,0.79,5952104.0,13126.0,-0.24
1992-09,NSW,79081.0,1.2,-0.19,5964288.0,13259.0,-1.13
1992-12,NSW,80571.0,1.9,3.58,5974288.5,13486.0,2.68
1993-03,NSW,79434.0,-1.4,1.28,5984123.5,13274.0,0.48
1993-06,NSW,79531.0,0.1,1.8,5992739.5,13271.0,1.1
1993-09,NSW,78811.0,-0.9,-0.34,6002357.0,13130.0,-0.97
1993-12,NSW,80356.0,2.0,-0.27,6014915.0,13359.0,-0.94
1994-03,NSW,81706.0,1.7,2.86,6028633.5,13553.0,2.1
1994-06,NSW,84175.0,3.0,5.84,6040957.5,13934.0,5.0
1994-09,NSW,85968.0,2.1,9.08,6053938.5,14200.0,8.15
1994-12,NSW,87473.0,1.8,8.86,6067465.0,14417.0,7.92
1995-03,NSW,86380.0,-1.2,5.72,6079891.0,14207.0,4.83
1995-06,NSW,88048.0,1.9,4.6,6096735.0,14442.0,3.65
1995-09,NSW,88336.0,0.3,2.75,6115104.0,14446.0,1.73
1995-12,NSW,88333.0,0.0,0.98,6134309.5,14400.0,-0.12
1996-03,NSW,88921.0,0.7,2.94,6151888.5,14454.0,1.74
1996-06,NSW,90407.0,1.7,2.68,6168133.5,14657.0,1.49
1996-09,NSW,90183.0,-0.2,2.09,6186356.0,14578.0,0.91
1996-12,NSW,90273.0,0.1,2.2,6205399.5,14547.0,1.02
1997-03,NSW,91475.0,1.3,2.87,6224425.5,14696.0,1.67
1997-06,NSW,92729.0,1.4,2.57,6240285.0,14860.0,1.39
1997-09,NSW,94121.0,1.5,4.37,6253567.0,15051.0,3.24
1997-12,NSW,97053.0,3.1,7.51,6267916.5,15484.0,6.44
1998-03,NSW,97386.0,0.3,6.46,6285113.0,15495.0,5.44
1998-06,NSW,97546.0,0.2,5.19,6300529.5,15482.0,4.19
1998-09,NSW,100035.0,2.6,6.28,6314955.0,15841.0,5.25
1998-12,NSW,100778.0,0.7,3.84,6331450.5,15917.0,2.8
1999-03,NSW,103099.0,2.3,5.87,6349671.0,16237.0,4.79
1999-06,NSW,103516.0,0.4,6.12,6367827.5,16256.0,5.0
1999-09,NSW,105936.0,2.3,5.9,6384101.5,16594.0,4.75
1999-12,NSW,106944.0,1.0,6.12,6401535.5,16706.0,4.96
2000-03,NSW,108810.0,1.7,5.54,6420898.5,16946.0,4.37
2000-06,NSW,109454.0,0.6,5.74,6439192.0,16998.0,4.56
2000-09,NSW,109454.0,0.0,3.32,6456086.0,16954.0,2.17
2000-12,NSW,105294.0,-3.8,-1.54,6475347.5,16261.0,-2.66
2001-03,NSW,105539.0,0.2,-3.01,6499462.5,16238.0,-4.18
2001-06,NSW,106425.0,0.8,-2.77,6522096.5,16318.0,-4.0
2001-09,NSW,107236.0,0.8,-2.03,6537620.0,16403.0,-3.25
2001-12,NSW,108797.0,1.5,3.33,6551687.5,16606.0,2.12
2002-03,NSW,109807.0,0.9,4.04,6566890.0,16721.0,2.97
2002-06,NSW,111656.0,1.7,4.92,6578051.5,16974.0,4.02
2002-09,NSW,113187.0,1.4,5.55,6585733.0,17187.0,4.78
2002-12,NSW,114688.0,1.3,5.41,6595050.0,17390.0,4.72
2003-03,NSW,116224.0,1.3,5.84,6607576.5,17590.0,5.2
2003-06,NSW,115777.0,-0.4,3.69,6618213.5,17494.0,3.06
2003-09,NSW,117789.0,1.7,4.07,6624126.5,17782.0,3.46
2003-12,NSW,120760.0,2.5,5.29,6631023.5,18211.0,4.72
2004-03,NSW,122641.0,1.6,5.52,6641394.5,18466.0,4.98
2004-06,NSW,122351.0,-0.2,5.68,6649507.5,18400.0,5.18
2004-09,NSW,123010.0,0.5,4.43,6655575.5,18482.0,3.94
2004-12,NSW,125586.0,2.1,4.0,6664811.0,18843.0,3.47
2005-03,NSW,124651.0,-0.7,1.64,6677540.5,18667.0,1.09
2005-06,NSW,127453.0,2.2,4.17,6689540.5,19053.0,3.55
2005-09,NSW,127333.0,-0.1,3.51,6700317.5,19004.0,2.82
2005-12,NSW,127590.0,0.2,1.6,6712726.0,19007.0,0.87
2006-03,NSW,127501.0,-0.1,2.29,6726775.5,18954.0,1.54
2006-06,NSW,128229.0,0.6,0.61,6739109.0,19028.0,-0.13
2006-09,NSW,128401.0,0.1,0.84,6754411.5,19010.0,0.03
2006-12,NSW,129774.0,1.1,1.71,6776146.5,19152.0,0.76
2007-03,NSW,132281.0,1.9,3.75,6800759.5,19451.0,2.62
2007-06,NSW,133300.0,0.8,3.95,6824757.5,19532.0,2.65
2007-09,NSW,135297.0,1.5,5.37,6846946.0,19760.0,3.95
2007-12,NSW,137375.0,1.5,5.86,6871794.0,19991.0,4.38
2008-03,NSW,137277.0,-0.1,3.78,6901879.5,19890.0,2.26
2008-06,NSW,139243.0,1.4,4.46,6931684.0,20088.0,2.85
2008-09,NSW,137666.0,-1.1,1.75,6957928.0,19785.0,0.13
2008-12,NSW,137013.0,-0.5,-0.26,6987088.5,19609.0,-1.91
2009-03,NSW,137350.0,0.2,0.05,7017102.5,19574.0,-1.59
2009-06,NSW,138466.0,0.8,-0.56,7043089.0,19660.0,-2.13
2009-09,NSW,139503.0,0.7,1.33,7066465.0,19742.0,-0.22
2009-12,NSW,144057.0,3.3,5.14,7090339.5,20317.0,3.61
2010-03,NSW,143912.0,-0.1,4.78,7114930.0,20227.0,3.34
2010-06,NSW,144505.0,0.4,4.36,7136324.0,20249.0,3.0
2010-09,NSW,146510.0,1.4,5.02,7153509.0,20481.0,3.74
2010-12,NSW,146617.0,0.1,1.78,7171308.5,20445.0,0.63
2011-03,NSW,147379.0,0.5,2.41,7192314.0,20491.0,1.31
2011-06,NSW,147300.0,-0.1,1.93,7211633.0,20425.0,0.87
2011-09,NSW,148081.0,0.5,1.07,7229028.5,20484.0,0.01
2011-12,NSW,149002.0,0.6,1.63,7249125.0,20554.0,0.53
2012-03,NSW,149794.0,0.5,1.64,7271852.0,20599.0,0.53
2012-06,NSW,151402.0,1.1,2.78,7294613.0,20755.0,1.62
2012-09,NSW,151611.0,0.1,2.38,7315929.0,20723.0,1.17
2012-12,NSW,153226.0,1.1,2.83,7340401.5,20874.0,1.56
2013-03,NSW,152423.0,-0.5,1.76,7368073.0,20687.0,0.43
2013-06,NSW,151527.0,-0.6,0.08,7393494.5,20495.0,-1.25
2013-09,NSW,152793.0,0.8,0.78,7417468.0,20599.0,-0.6
2013-12,NSW,154130.0,0.9,0.59,7442921.0,20708.0,-0.8
2014-03,NSW,157634.0,2.3,3.42,7471386.0,21098.0,1.99
2014-06,NSW,156923.0,-0.5,3.56,7498093.5,20928.0,2.11
2014-09,NSW,159453.0,1.6,4.36,7522315.0,21197.0,2.9
2014-12,NSW,159949.0,0.3,3.78,7549224.0,21187.0,2.31
2015-03,NSW,160596.0,0.4,1.88,7578951.0,21190.0,0.44
2015-06,NSW,162439.0,1.1,3.52,7605949.5,21357.0,2.05
2015-09,NSW,163407.0,0.6,2.48,7630746.0,21414.0,1.02
2015-12,NSW,165272.0,1.1,3.33,7658362.5,21581.0,1.86
2016-03,NSW,168542.0,2.0,4.95,7689406.5,21919.0,3.44
2016-06,NSW,170607.0,1.2,5.03,7720135.0,22099.0,3.47
2016-09,NSW,171286.0,0.4,4.82,7750386.5,22100.0,3.2
2016-12,NSW,172855.0,0.9,4.59,7781770.0,22213.0,2.93
2017-03,NSW,172946.0,0.1,2.61,7814544.0,22131.0,0.97
2017-06,NSW,174603.0,1.0,2.34,7844389.5,22258.0,0.72
2017-09,NSW,176184.0,0.9,2.86,7870034.0,22387.0,1.3
2017-12,NSW,178504.0,1.3,3.27,7892849.0,22616.0,1.81
2018-03,NSW,180003.0,0.8,4.08,7917817.0,22734.0,2.72
2018-06,NSW,180438.0,0.2,3.34,7944582.0,22712.0,2.04
2018-09,NSW,182873.0,1.3,3.8,7969500.5,22947.0,2.5
2018-12,NSW,181575.0,-0.7,1.72,7994044.5,22714.0,0.43
2019-03,NSW,182665.0,0.6,1.48,8018277.5,22781.0,0.21
2019-06,NSW,182694.0,0.0,1.25,8039869.5,22724.0,0.05
2019-09,NSW,183161.0,0.3,0.16,8059049.0,22727.0,-0.96
2019-12,NSW,183892.0,0.4,1.28,8079855.5,22759.0,0.2
2020-03,NSW,181696.0,-1.2,-0.53,8100181.0,22431.0,-1.54
2020-06,NSW,165287.0,-9.0,-9.53,8111305.5,20377.0,-10.33
2020-09,NSW,177102.0,7.1,-3.31,8104757.5,21852.0,-3.85
2020-12,NSW,182353.0,3.0,-0.84,8096602.5,22522.0,-1.04
2021-03,NSW,186369.0,2.2,2.57,8093657.5,23027.0,2.66
2021-06,NSW,190033.0,2.0,14.97,8095038.5,23475.0,15.2
2021-09,NSW,179003.0,-5.8,1.07,8096890.5,22108.0,1.17
2021-12,NSW,191936.0,7.2,5.26,8106888.0,23676.0,5.12
2022-03,NSW,195667.0,1.9,4.99,8135130.0,24052.0,4.45
2022-06,NSW,199000.0,1.7,4.72,8167650.5,24364.0,3.79
2022-09,NSW,200019.0,0.5,11.74,8203003.0,24384.0,10.29
2022-12,NSW,200479.0,0.2,4.45,8243978.0,24318.0,2.71
2023-03,NSW,202124.0,0.8,3.3,8290688.5,24380.0,1.36
2023-06,NSW,204345.0,1.1,2.69,8336858.0,24511.0,0.6
2023-09,NSW,204672.0,0.2,2.33,8381362.5,24420.0,0.15
2023-12,NSW,203019.0,-0.8,1.27,8421836.0,24106.0,-0.87
2024-03,NSW,204310.0,0.6,1.08,8457367.5,24158.0,-0.91
2024-06,NSW,203100.0,-0.6,-0.61,8484725.5,23937.0,-2.34
2024-09,NSW,204844.0,0.9,0.08,8505778.0,24083.0,-1.38
2024-12,NSW,206382.0,0.8,1.66,8529091.5,24197.0,0.38
2025-03,NSW,206096.0,-0.1,0.87,8555905.5,24088.0,-0.29
2025-06,NSW,207723.0,0.8,2.28,8580251.5,24209.0,1.14
2025-09,NSW,210124.0,1.2,2.58,8602750.5,24425.0,1.42
2025-12,NSW,211783.0,0.8,2.62,8626666.0,24550.0,1.46
2026-03,NSW,214996.0,1.5,4.32,8652652.5,24847.0,3.15
2026-06,NSW,215052.0,0.0,3.53,,,
1985-09,VIC,47129.0,,,4124932.0,11425.0,
1985-12,VIC,47452.0,0.7,,4135108.5,11475.0,
1986-03,VIC,47754.0,0.6,,4145737.0,11519.0,
1986-06,VIC,48762.0,2.1,,4155954.5,11733.0,
1986-09,VIC,48464.0,-0.6,2.83,4166399.0,11632.0,1.81
1986-12,VIC,48675.0,0.4,2.58,4177892.0,11651.0,1.53
1987-03,VIC,48358.0,-0.7,1.26,4190628.0,11540.0,0.18
1987-06,VIC,49670.0,2.7,1.86,4203762.5,11816.0,0.71
1987-09,VIC,49650.0,0.0,2.45,4216909.0,11774.0,1.22
1987-12,VIC,50358.0,1.4,3.46,4229326.0,11907.0,2.2
1988-03,VIC,50606.0,0.5,4.65,4242465.0,11928.0,3.36
1988-06,VIC,51076.0,0.9,2.83,4256277.0,12000.0,1.56
1988-09,VIC,51841.0,1.5,4.41,4271472.5,12137.0,3.08
1988-12,VIC,53138.0,2.5,5.52,4287838.0,12393.0,4.08
1989-03,VIC,54914.0,3.3,8.51,4302639.0,12763.0,7.0
1989-06,VIC,55339.0,0.8,8.35,4315071.0,12825.0,6.88
1989-09,VIC,54973.0,-0.7,6.04,4326850.5,12705.0,4.68
1989-12,VIC,54999.0,0.0,3.5,4340881.0,12670.0,2.24
1990-03,VIC,54955.0,-0.1,0.07,4356386.5,12615.0,-1.16
1990-06,VIC,54261.0,-1.3,-1.95,4371570.0,12412.0,-3.22
1990-09,VIC,53829.0,-0.8,-2.08,4384887.5,12276.0,-3.38
1990-12,VIC,51700.0,-4.0,-6.0,4395945.0,11761.0,-7.17
1991-03,VIC,51007.0,-1.3,-7.18,4407058.5,11574.0,-8.25
1991-06,VIC,50896.0,-0.2,-6.2,4416891.5,11523.0,-7.16
1991-09,VIC,51477.0,1.1,-4.37,4424891.0,11634.0,-5.23
1991-12,VIC,51552.0,0.1,-0.29,4432246.0,11631.0,-1.11
1992-03,VIC,51710.0,0.3,1.38,4440112.0,11646.0,0.62
1992-06,VIC,52645.0,1.8,3.44,4447679.0,11837.0,2.72
1992-09,VIC,52342.0,-0.6,1.68,4452526.5,11756.0,1.05
1992-12,VIC,54132.0,3.4,5.0,4456527.5,12147.0,4.44
1993-03,VIC,52714.0,-2.6,1.94,4460742.0,11817.0,1.47
1993-06,VIC,53920.0,2.3,2.42,4463015.5,12082.0,2.07
1993-09,VIC,53467.0,-0.8,2.15,4463780.0,11978.0,1.89
1993-12,VIC,54339.0,1.6,0.38,4465766.0,12168.0,0.17
1994-03,VIC,54583.0,0.4,3.55,4468874.0,12214.0,3.36
1994-06,VIC,54598.0,0.0,1.26,4471999.5,12209.0,1.05
1994-09,VIC,56863.0,4.1,6.35,4476183.5,12703.0,6.05
1994-12,VIC,56834.0,-0.1,4.59,4481291.5,12683.0,4.23
1995-03,VIC,57611.0,1.4,5.55,4487247.0,12839.0,5.12
1995-06,VIC,57238.0,-0.6,4.84,4494474.5,12735.0,4.31
1995-09,VIC,58670.0,2.5,3.18,4502023.0,13032.0,2.59
1995-12,VIC,58411.0,-0.4,2.77,4511869.5,12946.0,2.07
1996-03,VIC,59629.0,2.1,3.5,4522463.0,13185.0,2.69
1996-06,VIC,60739.0,1.9,6.12,4531278.5,13404.0,5.25
1996-09,VIC,59638.0,-1.8,1.65,4539732.0,13137.0,0.81
1996-12,VIC,61194.0,2.6,4.76,4548692.0,13453.0,3.92
1997-03,VIC,63149.0,3.2,5.9,4559130.0,13851.0,5.05
1997-06,VIC,64868.0,2.7,6.8,4567326.5,14203.0,5.96
1997-09,VIC,64428.0,-0.7,8.03,4573736.0,14087.0,7.23
1997-12,VIC,65595.0,1.8,7.19,4582165.5,14315.0,6.41
1998-03,VIC,65923.0,0.5,4.39,4593514.0,14351.0,3.61
1998-06,VIC,67069.0,1.7,3.39,4603921.0,14568.0,2.57
1998-09,VIC,69056.0,3.0,7.18,4612139.0,14973.0,6.29
1998-12,VIC,70552.0,2.2,7.56,4623326.5,15260.0,6.6
1999-03,VIC,71117.0,0.8,7.88,4637248.5,15336.0,6.86
1999-06,VIC,72526.0,2.0,8.14,4648807.0,15601.0,7.09
1999-09,VIC,72931.0,0.6,5.61,4659044.0,15654.0,4.55
1999-12,VIC,74252.0,1.8,5.24,4671603.5,15894.0,4.15
2000-03,VIC,75388.0,1.5,6.01,4686570.5,16086.0,4.89
2000-06,VIC,76374.0,1.3,5.31,4699812.5,16250.0,4.16
2000-09,VIC,75818.0,-0.7,3.96,4711250.5,16093.0,2.8
2000-12,VIC,74580.0,-1.6,0.44,4724645.5,15785.0,-0.69
2001-03,VIC,76229.0,2.2,1.12,4742290.0,16074.0,-0.07
2001-06,VIC,76789.0,0.7,0.54,4758670.0,16137.0,-0.7
2001-09,VIC,77714.0,1.2,2.5,4769833.5,16293.0,1.24
2001-12,VIC,79145.0,1.8,6.12,4783132.0,16547.0,4.83
2002-03,VIC,80051.0,1.1,5.01,4799576.0,16679.0,3.76
2002-06,VIC,82541.0,3.1,7.49,4813357.0,17148.0,6.27
2002-09,VIC,83673.0,1.4,7.67,4824078.5,17345.0,6.46
2002-12,VIC,84328.0,0.8,6.55,4837703.5,17431.0,5.34
2003-03,VIC,85062.0,0.9,6.26,4854619.0,17522.0,5.05
2003-06,VIC,84862.0,-0.2,2.81,4869011.5,17429.0,1.64
2003-09,VIC,86443.0,1.9,3.31,4880817.5,17711.0,2.11
2003-12,VIC,87784.0,1.6,4.1,4894001.0,17937.0,2.9
2004-03,VIC,90009.0,2.5,5.82,4909123.0,18335.0,4.64
2004-06,VIC,89431.0,-0.6,5.38,4922609.5,18167.0,4.23
2004-09,VIC,90457.0,1.1,4.64,4935254.0,18329.0,3.49
2004-12,VIC,92201.0,1.9,5.03,4950253.0,18626.0,3.84
2005-03,VIC,91847.0,-0.4,2.04,4967744.5,18489.0,0.84
2005-06,VIC,94979.0,3.4,6.2,4983794.0,19058.0,4.9
2005-09,VIC,95219.0,0.3,5.26,4997743.5,19052.0,3.94
2005-12,VIC,96284.0,1.1,4.43,5014722.0,19200.0,3.08
2006-03,VIC,95680.0,-0.6,4.17,5035705.0,19000.0,2.76
2006-06,VIC,96566.0,0.9,1.67,5054736.5,19104.0,0.24
2006-09,VIC,98743.0,2.3,3.7,5072429.5,19467.0,2.18
2006-12,VIC,98135.0,-0.6,1.92,5093779.0,19266.0,0.34
2007-03,VIC,99821.0,1.7,4.33,5119019.5,19500.0,2.63
2007-06,VIC,99664.0,-0.2,3.21,5143798.0,19376.0,1.42
2007-09,VIC,101911.0,2.3,3.21,5166018.5,19727.0,1.34
2007-12,VIC,103394.0,1.5,5.36,5189009.0,19926.0,3.43
2008-03,VIC,105051.0,1.6,5.24,5216251.5,20139.0,3.28
2008-06,VIC,104859.0,-0.2,5.21,5244687.5,19993.0,3.18
2008-09,VIC,103853.0,-1.0,1.91,5271462.0,19701.0,-0.13
2008-12,VIC,104648.0,0.8,1.21,5299917.0,19745.0,-0.91
2009-03,VIC,103881.0,-0.7,-1.11,5330478.5,19488.0,-3.23
2009-06,VIC,105898.0,1.9,0.99,5359803.0,19758.0,-1.18
2009-09,VIC,106007.0,0.1,2.07,5385404.0,19684.0,-0.09
2009-12,VIC,108870.0,2.7,4.03,5409061.5,20127.0,1.93
2010-03,VIC,109302.0,0.4,5.22,5432210.5,20121.0,3.25
2010-06,VIC,111553.0,2.1,5.34,5453136.5,20457.0,3.54
2010-09,VIC,112113.0,0.5,5.76,5469905.5,20496.0,4.13
2010-12,VIC,112257.0,0.1,3.11,5487210.5,20458.0,1.64
2011-03,VIC,112711.0,0.4,3.12,5508044.5,20463.0,1.7
2011-06,VIC,113308.0,0.5,1.57,5529097.5,20493.0,0.18
2011-09,VIC,113813.0,0.4,1.52,5551239.5,20502.0,0.03
2011-12,VIC,114736.0,0.8,2.21,5578240.0,20568.0,0.54
2012-03,VIC,115548.0,0.7,2.52,5608586.0,20602.0,0.68
2012-06,VIC,115352.0,-0.2,1.8,5638222.5,20459.0,-0.17
2012-09,VIC,116716.0,1.2,2.55,5665755.5,20600.0,0.48
2012-12,VIC,114433.0,-2.0,-0.26,5695003.0,20094.0,-2.3
2013-03,VIC,116612.0,1.9,0.92,5727250.5,20361.0,-1.17
2013-06,VIC,116480.0,-0.1,0.98,5758792.0,20226.0,-1.14
2013-09,VIC,117337.0,0.7,0.53,5788584.0,20270.0,-1.6
2013-12,VIC,117426.0,0.1,2.62,5818542.0,20181.0,0.43
2014-03,VIC,117902.0,0.4,1.11,5851048.0,20151.0,-1.03
2014-06,VIC,119056.0,1.0,2.21,5882214.0,20240.0,0.07
2014-09,VIC,119452.0,0.3,1.8,5911058.0,20208.0,-0.31
2014-12,VIC,121389.0,1.6,3.37,5942355.5,20428.0,1.22
2015-03,VIC,123059.0,1.4,4.37,5976358.5,20591.0,2.18
2015-06,VIC,123818.0,0.6,4.0,6008763.5,20606.0,1.81
2015-09,VIC,125502.0,1.4,5.06,6039940.0,20779.0,2.83
2015-12,VIC,127100.0,1.3,4.7,6075303.5,20921.0,2.41
2016-03,VIC,127757.0,0.5,3.82,6115838.0,20890.0,1.45
2016-06,VIC,129472.0,1.3,4.57,6155899.5,21032.0,2.07
2016-09,VIC,130141.0,0.5,3.7,6189512.0,21026.0,1.19
2016-12,VIC,132020.0,1.4,3.87,6220816.5,21222.0,1.44
2017-03,VIC,133704.0,1.3,4.65,6257168.0,21368.0,2.29
2017-06,VIC,135174.0,1.1,4.4,6290581.5,21488.0,2.17
2017-09,VIC,136778.0,1.2,5.1,6318061.0,21649.0,2.96
2017-12,VIC,137701.0,0.7,4.3,6345862.0,21699.0,2.25
2018-03,VIC,140818.0,2.3,5.32,6378398.0,22077.0,3.32
2018-06,VIC,142465.0,1.2,5.39,6410812.0,22223.0,3.42
2018-09,VIC,143152.0,0.5,4.66,6439007.0,22232.0,2.69
2018-12,VIC,144262.0,0.8,4.76,6467335.5,22306.0,2.8
2019-03,VIC,144255.0,0.0,2.44,6499205.5,22196.0,0.54
2019-06,VIC,145247.0,0.7,1.95,6528010.5,22250.0,0.12
2019-09,VIC,146291.0,0.7,2.19,6552601.5,22326.0,0.42
2019-12,VIC,146534.0,0.2,1.57,6578974.0,22273.0,-0.15
2020-03,VIC,146145.0,-0.3,1.31,6603343.0,22132.0,-0.29
2020-06,VIC,133441.0,-8.7,-8.13,6615841.0,20170.0,-9.35
2020-09,VIC,132923.0,-0.4,-9.14,6603241.5,20130.0,-9.84
2020-12,VIC,142795.0,7.4,-2.55,6579316.0,21704.0,-2.55
2021-03,VIC,146175.0,2.4,0.02,6561248.5,22279.0,0.66
2021-06,VIC,148064.0,1.3,10.96,6551562.0,22600.0,12.05
2021-09,VIC,145636.0,-1.6,9.56,6545469.0,22250.0,10.53
2021-12,VIC,151701.0,4.2,6.24,6549064.5,23164.0,6.73
2022-03,VIC,156473.0,3.1,7.04,6573296.5,23804.0,6.85
2022-06,VIC,157689.0,0.8,6.5,6603406.0,23880.0,5.66
2022-09,VIC,158081.0,0.2,8.55,6636461.0,23820.0,7.06
2022-12,VIC,158936.0,0.5,4.77,6679042.5,23796.0,2.73
2023-03,VIC,160910.0,1.2,2.84,6728823.0,23914.0,0.46
2023-06,VIC,161988.0,0.7,2.73,6777210.0,23902.0,0.09
2023-09,VIC,162443.0,0.3,2.76,6821417.5,23814.0,-0.03
2023-12,VIC,161792.0,-0.4,1.8,6863367.0,23573.0,-0.94
2024-03,VIC,162930.0,0.7,1.26,6904801.0,23597.0,-1.33
2024-06,VIC,163930.0,0.6,1.2,6939747.5,23622.0,-1.17
2024-09,VIC,164535.0,0.4,1.29,6964984.0,23623.0,-0.8
2024-12,VIC,165503.0,0.6,2.29,6991408.5,23672.0,0.42
2025-03,VIC,165781.0,0.2,1.75,7024270.0,23601.0,0.02
2025-06,VIC,166293.0,0.3,1.44,7054385.5,23573.0,-0.21
2025-09,VIC,169011.0,1.6,2.72,7078958.5,23875.0,1.07
2025-12,VIC,170066.0,0.6,2.76,7104946.0,23936.0,1.12
2026-03,VIC,171639.0,0.9,3.53,7135118.5,24056.0,1.93
2026-06,VIC,171054.0,-0.3,2.86,,,
1985-09,QLD,30016.0,,,2577293.0,11646.0,
1985-12,QLD,30443.0,1.4,,2590234.0,11753.0,
1986-03,QLD,30520.0,0.3,,2603652.5,11722.0,
1986-06,QLD,30327.0,-0.6,,2617400.0,11587.0,
1986-09,QLD,30548.0,0.7,1.77,2630536.0,11613.0,-0.28
1986-12,QLD,30680.0,0.4,0.78,2642627.5,11610.0,-1.22
1987-03,QLD,30519.0,-0.5,-0.0,2655716.0,11492.0,-1.96
1987-06,QLD,31020.0,1.6,2.29,2668880.5,11623.0,0.31
1987-09,QLD,31694.0,2.2,3.75,2681618.0,11819.0,1.77
1987-12,QLD,32589.0,2.8,6.22,2695822.5,12089.0,4.13
1988-03,QLD,33171.0,1.8,8.69,2713754.0,12223.0,6.36
1988-06,QLD,33434.0,0.8,7.78,2731949.5,12238.0,5.29
1988-09,QLD,34003.0,1.7,7.29,2750148.0,12364.0,4.61
1988-12,QLD,34397.0,1.2,5.55,2770629.0,12415.0,2.7
1989-03,QLD,35818.0,4.1,7.98,2793857.0,12820.0,4.88
1989-06,QLD,35566.0,-0.7,6.38,2817241.0,12624.0,3.15
1989-09,QLD,36265.0,2.0,6.65,2837341.0,12781.0,3.37
1989-12,QLD,35831.0,-1.2,4.17,2855526.0,12548.0,1.07
1990-03,QLD,36286.0,1.3,1.31,2874088.5,12625.0,-1.52
1990-06,QLD,35456.0,-2.3,-0.31,2891726.5,12261.0,-2.88
1990-09,QLD,36211.0,2.1,-0.15,2906410.5,12459.0,-2.52
1990-12,QLD,35657.0,-1.5,-0.49,2921125.5,12207.0,-2.72
1991-03,QLD,35663.0,0.0,-1.72,2938112.5,12138.0,-3.86
1991-06,QLD,35684.0,0.1,0.64,2954231.5,12079.0,-1.48
1991-09,QLD,36344.0,1.8,0.37,2968467.5,12243.0,-1.73
1991-12,QLD,37100.0,2.1,4.05,2983212.5,12436.0,1.88
1992-03,QLD,36875.0,-0.6,3.4,3000381.5,12290.0,1.25
1992-06,QLD,37286.0,1.1,4.49,3016760.0,12360.0,2.33
1992-09,QLD,38083.0,2.1,4.78,3032173.5,12560.0,2.59
1992-12,QLD,38842.0,2.0,4.7,3049143.5,12739.0,2.44
1993-03,QLD,38792.0,-0.1,5.2,3069234.5,12639.0,2.84
1993-06,QLD,39285.0,1.3,5.36,3088758.0,12719.0,2.9
1993-09,QLD,39426.0,0.4,3.53,3106014.0,12693.0,1.06
1993-12,QLD,40618.0,3.0,4.57,3123414.5,13004.0,2.08
1994-03,QLD,41217.0,1.5,6.25,3141175.5,13122.0,3.82
1994-06,QLD,41743.0,1.3,6.26,3158965.5,13214.0,3.89
1994-09,QLD,43179.0,3.4,9.52,3175357.0,13598.0,7.13
1994-12,QLD,43084.0,-0.2,6.07,3191512.5,13500.0,3.81
1995-03,QLD,43599.0,1.2,5.78,3208595.5,13588.0,3.55
1995-06,QLD,43775.0,0.4,4.87,3227847.0,13562.0,2.63
1995-09,QLD,45030.0,2.9,4.29,3246248.5,13871.0,2.01
1995-12,QLD,44161.0,-1.9,2.5,3263430.0,13532.0,0.24
1996-03,QLD,45306.0,2.6,3.92,3280625.0,13810.0,1.63
1996-06,QLD,45955.0,1.4,4.98,3296349.5,13941.0,2.79
1996-09,QLD,45830.0,-0.3,1.78,3310895.5,13842.0,-0.21
1996-12,QLD,46736.0,2.0,5.83,3324589.0,14058.0,3.89
1997-03,QLD,47743.0,2.2,5.38,3337178.0,14306.0,3.59
1997-06,QLD,49007.0,2.6,6.64,3349597.0,14631.0,4.95
1997-09,QLD,49268.0,0.5,7.5,3362300.5,14653.0,5.86
1997-12,QLD,49721.0,0.9,6.39,3374789.0,14733.0,4.8
1998-03,QLD,49013.0,-1.4,2.66,3386938.5,14471.0,1.15
1998-06,QLD,49762.0,1.5,1.54,3398983.5,14640.0,0.06
1998-09,QLD,51295.0,3.1,4.11,3410280.0,15041.0,2.65
1998-12,QLD,52621.0,2.6,5.83,3421790.5,15378.0,4.38
1999-03,QLD,53352.0,1.4,8.85,3434850.5,15533.0,7.34
1999-06,QLD,53749.0,0.7,8.01,3448066.0,15588.0,6.48
1999-09,QLD,53548.0,-0.4,4.39,3460167.5,15476.0,2.89
1999-12,QLD,55059.0,2.8,4.63,3473716.5,15850.0,3.07
2000-03,QLD,55691.0,1.1,4.38,3489090.5,15961.0,2.76
2000-06,QLD,56197.0,0.9,4.55,3503302.5,16041.0,2.91
2000-09,QLD,55546.0,-1.2,3.73,3516452.0,15796.0,2.07
2000-12,QLD,54913.0,-1.1,-0.27,3530558.0,15554.0,-1.87
2001-03,QLD,54859.0,-0.1,-1.49,3547068.0,15466.0,-3.1
2001-06,QLD,56504.0,3.0,0.55,3563967.5,15854.0,-1.17
2001-09,QLD,57213.0,1.3,3.0,3581219.0,15976.0,1.14
2001-12,QLD,57316.0,0.2,4.38,3601086.0,15916.0,2.33
2002-03,QLD,59125.0,3.2,7.78,3621327.0,16327.0,5.57
2002-06,QLD,59989.0,1.5,6.17,3642287.0,16470.0,3.89
2002-09,QLD,61815.0,3.0,8.04,3664996.5,16866.0,5.57
2002-12,QLD,63433.0,2.6,10.67,3688830.5,17196.0,8.04
2003-03,QLD,63589.0,0.2,7.55,3712015.0,17131.0,4.92
2003-06,QLD,63634.0,0.1,6.08,3733180.0,17046.0,3.5
2003-09,QLD,64694.0,1.7,4.66,3754115.0,17233.0,2.18
2003-12,QLD,69200.0,7.0,9.09,3776834.5,18322.0,6.55
2004-03,QLD,68728.0,-0.7,8.08,3799740.5,18088.0,5.59
2004-06,QLD,71305.0,3.7,12.05,3820445.5,18664.0,9.49
2004-09,QLD,71695.0,0.5,10.82,3839911.0,18671.0,8.34
2004-12,QLD,72340.0,0.9,4.54,3861101.5,18736.0,2.26
2005-03,QLD,72017.0,-0.4,4.79,3884651.0,18539.0,2.49
2005-06,QLD,74949.0,4.1,5.11,3907722.5,19180.0,2.76
2005-09,QLD,75962.0,1.4,5.95,3929494.0,19331.0,3.53
2005-12,QLD,76778.0,1.1,6.13,3952334.5,19426.0,3.68
2006-03,QLD,79351.0,3.4,10.18,3975914.0,19958.0,7.65
2006-06,QLD,79484.0,0.2,6.05,3997822.5,19882.0,3.66
2006-09,QLD,81761.0,2.9,7.63,4019786.0,20340.0,5.22
2006-12,QLD,82361.0,0.7,7.27,4043712.5,20368.0,4.85
2007-03,QLD,85131.0,3.4,7.28,4070188.0,20916.0,4.8
2007-06,QLD,88456.0,3.9,11.29,4097774.5,21586.0,8.57
2007-09,QLD,88456.0,0.0,8.19,4122988.0,21454.0,5.48
2007-12,QLD,90167.0,1.9,9.48,4147474.0,21740.0,6.74
2008-03,QLD,91463.0,1.4,7.44,4175734.5,21903.0,4.72
2008-06,QLD,91979.0,0.6,3.98,4205492.0,21871.0,1.32
2008-09,QLD,93354.0,1.5,5.54,4233748.0,22050.0,2.78
2008-12,QLD,92283.0,-1.1,2.35,4261771.0,21654.0,-0.4
2009-03,QLD,90613.0,-1.8,-0.93,4290578.0,21119.0,-3.58
2009-06,QLD,90767.0,0.2,-1.32,4317188.0,21025.0,-3.87
2009-09,QLD,89775.0,-1.1,-3.83,4339453.0,20688.0,-6.18
2009-12,QLD,91054.0,1.4,-1.33,4358794.5,20890.0,-3.53
2010-03,QLD,91736.0,0.7,1.24,4377627.5,20956.0,-0.77
2010-06,QLD,92478.0,0.8,1.89,4396272.5,21036.0,0.05
2010-09,QLD,92910.0,0.5,3.49,4413107.0,21053.0,1.76
2010-12,QLD,94482.0,1.7,3.76,4429176.0,21332.0,2.12
2011-03,QLD,96321.0,1.9,5.0,4447426.5,21658.0,3.35
2011-06,QLD,98500.0,2.3,6.51,4467374.5,22049.0,4.82
2011-09,QLD,102587.0,4.1,10.42,4487441.0,22861.0,8.59
2011-12,QLD,103680.0,1.1,9.74,4508376.5,22997.0,7.81
2012-03,QLD,104494.0,0.8,8.49,4532131.0,23056.0,6.45
2012-06,QLD,106878.0,2.3,8.51,4557150.0,23453.0,6.37
2012-09,QLD,105726.0,-1.1,3.06,4580393.5,23082.0,0.97
2012-12,QLD,105830.0,0.1,2.07,4601702.0,22998.0,0.0
2013-03,QLD,106451.0,0.6,1.87,4622867.0,23027.0,-0.13
2013-06,QLD,105838.0,-0.6,-0.97,4643627.0,22792.0,-2.82
2013-09,QLD,107025.0,1.1,1.23,4661804.0,22958.0,-0.54
2013-12,QLD,108098.0,1.0,2.14,4678111.5,23107.0,0.47
2014-03,QLD,105833.0,-2.1,-0.58,4695313.0,22540.0,-2.11
2014-06,QLD,106386.0,0.5,0.52,4712420.0,22576.0,-0.95
2014-09,QLD,104114.0,-2.1,-2.72,4727133.0,22025.0,-4.06
2014-12,QLD,102954.0,-1.1,-4.76,4740938.0,21716.0,-6.02
2015-03,QLD,102615.0,-0.3,-3.04,4755851.0,21577.0,-4.27
2015-06,QLD,102026.0,-0.6,-4.1,4771065.5,21384.0,-5.28
2015-09,QLD,101462.0,-0.6,-2.55,4784606.0,21206.0,-3.72
2015-12,QLD,101025.0,-0.4,-1.87,4798226.5,21055.0,-3.04
2016-03,QLD,101825.0,0.8,-0.77,4815735.5,21144.0,-2.01
2016-06,QLD,102397.0,0.6,0.36,4835845.0,21175.0,-0.98
2016-09,QLD,103262.0,0.8,1.77,4855227.5,21268.0,0.29
2016-12,QLD,104622.0,1.3,3.56,4874121.0,21465.0,1.95
2017-03,QLD,104966.0,0.3,3.08,4894654.5,21445.0,1.42
2017-06,QLD,106016.0,1.0,3.53,4916375.0,21564.0,1.84
2017-09,QLD,107244.0,1.2,3.86,4935754.5,21728.0,2.16
2017-12,QLD,108133.0,0.8,3.36,4953047.0,21832.0,1.71
2018-03,QLD,109301.0,1.1,4.13,4973460.0,21977.0,2.48
2018-06,QLD,109808.0,0.5,3.58,4996289.0,21978.0,1.92
2018-09,QLD,109049.0,-0.7,1.68,5017083.0,21736.0,0.04
2018-12,QLD,109399.0,0.3,1.17,5036988.5,21719.0,-0.52
2019-03,QLD,110031.0,0.6,0.67,5058370.0,21752.0,-1.02
2019-06,QLD,110269.0,0.2,0.42,5079576.5,21708.0,-1.23
2019-09,QLD,110914.0,0.6,1.71,5099693.5,21749.0,0.06
2019-12,QLD,111750.0,0.8,2.15,5120140.5,21826.0,0.49
2020-03,QLD,111908.0,0.1,1.71,5142023.0,21763.0,0.05
2020-06,QLD,104645.0,-6.5,-5.1,5159959.0,20280.0,-6.58
2020-09,QLD,111615.0,6.7,0.63,5169342.0,21592.0,-0.72
2020-12,QLD,114308.0,2.4,2.29,5178700.0,22073.0,1.13
2021-03,QLD,114682.0,0.3,2.48,5191938.5,22088.0,1.49
2021-06,QLD,116798.0,1.8,11.61,5207681.0,22428.0,10.59
2021-09,QLD,118757.0,1.7,6.4,5222921.5,22738.0,5.31
2021-12,QLD,119641.0,0.7,4.67,5239850.5,22833.0,3.44
2022-03,QLD,120956.0,1.1,5.47,5266575.5,22967.0,3.98
2022-06,QLD,122055.0,0.9,4.5,5297192.0,23041.0,2.73
2022-09,QLD,123061.0,0.8,3.62,5326611.0,23103.0,1.61
2022-12,QLD,123839.0,0.6,3.51,5359497.5,23106.0,1.2
2023-03,QLD,124971.0,0.9,3.32,5396232.0,23159.0,0.84
2023-06,QLD,127373.0,1.9,4.36,5433010.5,23444.0,1.75
2023-09,QLD,127065.0,-0.2,3.25,5468104.5,23237.0,0.58
2023-12,QLD,128445.0,1.1,3.72,5501225.0,23348.0,1.05
2024-03,QLD,129839.0,1.1,3.9,5532654.0,23468.0,1.33
2024-06,QLD,130212.0,0.3,2.23,5560361.0,23418.0,-0.11
2024-09,QLD,131164.0,0.7,3.23,5583728.0,23490.0,1.09
2024-12,QLD,131516.0,0.3,2.39,5607982.5,23452.0,0.45
2025-03,QLD,132619.0,0.8,2.14,5634891.0,23535.0,0.29
2025-06,QLD,133230.0,0.5,2.32,5659793.0,23540.0,0.52
2025-09,QLD,135201.0,1.5,3.08,5681724.5,23796.0,1.3
2025-12,QLD,135682.0,0.4,3.17,5703286.0,23790.0,1.44
2026-03,QLD,136730.0,0.8,3.1,5726393.5,23877.0,1.45
2026-06,QLD,138278.0,1.1,3.79,,,
1985-09,SA,14601.0,,,1372260.5,10640.0,
1985-12,SA,14937.0,2.3,,1375081.0,10863.0,
1986-03,SA,14839.0,-0.7,,1378577.5,10764.0,
1986-06,SA,15266.0,2.9,,1381433.5,11051.0,
1986-09,SA,15069.0,-1.3,3.21,1383695.0,10890.0,2.35
1986-12,SA,15122.0,0.4,1.24,1386169.5,10909.0,0.42
1987-03,SA,14757.0,-2.4,-0.55,1388967.5,10624.0,-1.3
1987-06,SA,15001.0,1.7,-1.74,1391600.0,10780.0,-2.45
1987-09,SA,15348.0,2.3,1.85,1394355.5,11007.0,1.07
1987-12,SA,15508.0,1.0,2.55,1397453.0,11097.0,1.72
1988-03,SA,15644.0,0.9,6.01,1400644.0,11169.0,5.13
1988-06,SA,15434.0,-1.3,2.89,1403619.0,10996.0,2.0
1988-09,SA,15980.0,3.5,4.12,1406807.0,11359.0,3.2
1988-12,SA,16025.0,0.3,3.33,1410514.0,11361.0,2.38
1989-03,SA,16478.0,2.8,5.33,1414630.5,11648.0,4.29
1989-06,SA,16454.0,-0.1,6.61,1417983.5,11604.0,5.53
1989-09,SA,16057.0,-2.4,0.48,1420350.0,11305.0,-0.48
1989-12,SA,16144.0,0.5,0.74,1423566.0,11341.0,-0.18
1990-03,SA,16552.0,2.5,0.45,1427501.0,11595.0,-0.46
1990-06,SA,16786.0,1.4,2.02,1430798.5,11732.0,1.1
1990-09,SA,16787.0,0.0,4.55,1433776.5,11708.0,3.56
1990-12,SA,16723.0,-0.4,3.59,1437189.5,11636.0,2.6
1991-03,SA,16632.0,-0.5,0.48,1441126.5,11541.0,-0.47
1991-06,SA,16452.0,-1.1,-1.99,1444835.0,11387.0,-2.94
1991-09,SA,16705.0,1.5,-0.49,1447668.0,11539.0,-1.44
1991-12,SA,16528.0,-1.1,-1.17,1449949.5,11399.0,-2.04
1992-03,SA,16448.0,-0.5,-1.11,1452511.0,11324.0,-1.88
1992-06,SA,16787.0,2.1,2.04,1454801.0,11539.0,1.33
1992-09,SA,16692.0,-0.6,-0.08,1455810.0,11466.0,-0.63
1992-12,SA,16769.0,0.5,1.46,1456709.5,11512.0,0.99
1993-03,SA,16760.0,-0.1,1.9,1457568.0,11499.0,1.55
1993-06,SA,16704.0,-0.3,-0.49,1458263.5,11455.0,-0.73
1993-09,SA,16853.0,0.9,0.96,1459469.0,11547.0,0.71
1993-12,SA,16682.0,-1.0,-0.52,1460704.0,11421.0,-0.79
1994-03,SA,16855.0,1.0,0.57,1461829.5,11530.0,0.27
1994-06,SA,16830.0,-0.1,0.75,1462823.0,11505.0,0.44
1994-09,SA,17402.0,3.4,3.26,1463401.5,11891.0,2.98
1994-12,SA,17825.0,2.4,6.85,1463845.5,12177.0,6.62
1995-03,SA,17981.0,0.9,6.68,1464370.0,12279.0,6.5
1995-06,SA,18063.0,0.5,7.33,1465051.5,12329.0,7.16
1995-09,SA,17896.0,-0.9,2.84,1465549.5,12211.0,2.69
1995-12,SA,18036.0,0.8,1.18,1466182.0,12301.0,1.02
1996-03,SA,18045.0,0.1,0.36,1467274.0,12298.0,0.15
1996-06,SA,18298.0,1.4,1.3,1468511.0,12460.0,1.06
1996-09,SA,18538.0,1.3,3.59,1469706.5,12613.0,3.29
1996-12,SA,18492.0,-0.2,2.53,1471165.5,12570.0,2.19
1997-03,SA,18850.0,1.9,4.46,1473219.5,12795.0,4.04
1997-06,SA,19454.0,3.2,6.32,1475050.0,13189.0,5.85
1997-09,SA,19886.0,2.2,7.27,1476514.5,13468.0,6.78
1997-12,SA,20157.0,1.4,9.0,1478187.0,13636.0,8.48
1998-03,SA,20098.0,-0.3,6.62,1480570.0,13575.0,6.1
1998-06,SA,19999.0,-0.5,2.8,1482703.5,13488.0,2.27
1998-09,SA,20216.0,1.1,1.66,1483925.0,13623.0,1.15
1998-12,SA,20071.0,-0.7,-0.43,1485811.0,13508.0,-0.94
1999-03,SA,20073.0,0.0,-0.12,1488385.5,13486.0,-0.66
1999-06,SA,19871.0,-1.0,-0.64,1490331.5,13333.0,-1.15
1999-09,SA,21280.0,7.1,5.26,1491982.0,14263.0,4.7
1999-12,SA,20835.0,-2.1,3.81,1494124.0,13945.0,3.24
2000-03,SA,20976.0,0.7,4.5,1496023.0,14021.0,3.97
2000-06,SA,21668.0,3.3,9.04,1497165.5,14473.0,8.55
2000-09,SA,21259.0,-1.9,-0.1,1498218.5,14190.0,-0.51
2000-12,SA,21273.0,0.1,2.1,1499531.5,14186.0,1.73
2001-03,SA,21356.0,0.4,1.81,1501214.0,14226.0,1.46
2001-06,SA,21423.0,0.3,-1.13,1502880.0,14255.0,-1.51
2001-09,SA,21802.0,1.8,2.55,1504226.5,14494.0,2.14
2001-12,SA,22286.0,2.2,4.76,1506408.5,14794.0,4.29
2002-03,SA,22872.0,2.6,7.1,1508919.0,15158.0,6.55
2002-06,SA,23294.0,1.8,8.73,1510790.0,15418.0,8.16
2002-09,SA,23435.0,0.6,7.49,1512614.5,15493.0,6.89
2002-12,SA,23843.0,1.7,6.99,1514692.5,15741.0,6.4
2003-03,SA,24157.0,1.3,5.62,1517146.5,15923.0,5.05
2003-06,SA,24560.0,1.7,5.43,1519484.5,16163.0,4.83
2003-09,SA,24822.0,1.1,5.92,1521296.0,16316.0,5.31
2003-12,SA,25003.0,0.7,4.87,1523460.0,16412.0,4.26
2004-03,SA,25387.0,1.5,5.09,1525860.5,16638.0,4.49
2004-06,SA,25538.0,0.6,3.98,1527591.5,16718.0,3.43
2004-09,SA,25973.0,1.7,4.64,1529355.0,16983.0,4.09
2004-12,SA,26376.0,1.6,5.49,1531541.5,17222.0,4.94
2005-03,SA,26383.0,0.0,3.92,1534680.0,17191.0,3.32
2005-06,SA,26775.0,1.5,4.84,1537801.0,17411.0,4.15
2005-09,SA,26621.0,-0.6,2.49,1540404.0,17282.0,1.76
2005-12,SA,26679.0,0.2,1.15,1543428.0,17286.0,0.37
2006-03,SA,26871.0,0.7,1.85,1547493.5,17364.0,1.01
2006-06,SA,26740.0,-0.5,-0.13,1551332.0,17237.0,-1.0
2006-09,SA,27198.0,1.7,2.17,1554930.5,17491.0,1.21
2006-12,SA,27395.0,0.7,2.68,1559316.0,17569.0,1.64
2007-03,SA,28166.0,2.8,4.82,1564253.0,18006.0,3.7
2007-06,SA,28326.0,0.6,5.93,1568912.5,18055.0,4.75
2007-09,SA,28202.0,-0.4,3.69,1572578.0,17934.0,2.53
2007-12,SA,28710.0,1.8,4.8,1576513.0,18211.0,3.65
2008-03,SA,28803.0,0.3,2.26,1581448.5,18213.0,1.15
2008-06,SA,29384.0,2.0,3.74,1586536.5,18521.0,2.58
2008-09,SA,29654.0,0.9,5.15,1591195.0,18636.0,3.91
2008-12,SA,29085.0,-1.9,1.31,1595802.5,18226.0,0.08
2009-03,SA,29587.0,1.7,2.72,1601011.0,18480.0,1.47
2009-06,SA,29701.0,0.4,1.08,1606522.0,18488.0,-0.18
2009-09,SA,31085.0,4.7,4.83,1611747.5,19287.0,3.49
2009-12,SA,30392.0,-2.2,4.49,1616585.5,18800.0,3.15
2010-03,SA,30483.0,0.3,3.03,1621305.5,18802.0,1.74
2010-06,SA,30725.0,0.8,3.45,1625677.5,18900.0,2.23
2010-09,SA,30904.0,0.6,-0.58,1628776.0,18974.0,-1.62
2010-12,SA,31198.0,1.0,2.65,1631356.0,19124.0,1.72
2011-03,SA,30969.0,-0.7,1.59,1634620.5,18946.0,0.77
2011-06,SA,31138.0,0.5,1.34,1638186.5,19008.0,0.57
2011-09,SA,31155.0,0.1,0.81,1641508.0,18979.0,0.03
2011-12,SA,31334.0,0.6,0.44,1645292.5,19045.0,-0.41
2012-03,SA,31831.0,1.6,2.78,1649949.5,19292.0,1.83
2012-06,SA,32148.0,1.0,3.24,1654720.5,19428.0,2.21
2012-09,SA,31645.0,-1.6,1.57,1658461.5,19081.0,0.54
2012-12,SA,31669.0,0.1,1.07,1661640.0,19059.0,0.07
2013-03,SA,31823.0,0.5,-0.03,1665569.0,19106.0,-0.96
2013-06,SA,31681.0,-0.4,-1.45,1669772.0,18973.0,-2.34
2013-09,SA,32039.0,1.1,1.25,1673400.5,19146.0,0.34
2013-12,SA,31797.0,-0.8,0.4,1676682.5,18964.0,-0.5
2014-03,SA,31662.0,-0.4,-0.51,1680798.0,18837.0,-1.41
2014-06,SA,31946.0,0.9,0.84,1685244.5,18956.0,-0.09
2014-09,SA,32255.0,1.0,0.67,1688539.0,19102.0,-0.23
2014-12,SA,32276.0,0.1,1.51,1691620.0,19080.0,0.61
2015-03,SA,32671.0,1.2,3.19,1695770.0,19266.0,2.28
2015-06,SA,32437.0,-0.7,1.54,1699550.5,19086.0,0.69
2015-09,SA,32544.0,0.3,0.9,1702185.5,19119.0,0.09
2015-12,SA,32714.0,0.5,1.36,1704820.0,19189.0,0.57
2016-03,SA,32810.0,0.3,0.43,1708135.5,19208.0,-0.3
2016-06,SA,33054.0,0.7,1.9,1711588.5,19312.0,1.18
2016-09,SA,33427.0,1.1,2.71,1715059.0,19490.0,1.94
2016-12,SA,33614.0,0.6,2.75,1718427.5,19561.0,1.94
2017-03,SA,34374.0,2.3,4.77,1722416.5,19957.0,3.9
2017-06,SA,34591.0,0.6,4.65,1726963.0,20030.0,3.72
2017-09,SA,34786.0,0.6,4.07,1730864.0,20097.0,3.11
2017-12,SA,35480.0,2.0,5.55,1734354.5,20457.0,4.58
2018-03,SA,35570.0,0.3,3.48,1738954.5,20455.0,2.5
2018-06,SA,35797.0,0.6,3.49,1744196.0,20523.0,2.46
2018-09,SA,35805.0,0.0,2.93,1748993.0,20472.0,1.87
2018-12,SA,36166.0,1.0,1.93,1753782.0,20622.0,0.81
2019-03,SA,36117.0,-0.1,1.54,1759302.0,20529.0,0.36
2019-06,SA,36083.0,-0.1,0.8,1765142.0,20442.0,-0.39
2019-09,SA,36040.0,-0.1,0.66,1770700.5,20354.0,-0.58
2019-12,SA,36248.0,0.6,0.23,1776467.0,20405.0,-1.05
2020-03,SA,35998.0,-0.7,-0.33,1783387.5,20185.0,-1.68
2020-06,SA,33645.0,-6.5,-6.76,1789101.0,18806.0,-8.0
2020-09,SA,36145.0,7.4,0.29,1791266.5,20178.0,-0.86
2020-12,SA,36575.0,1.2,0.9,1793346.0,20395.0,-0.05
2021-03,SA,37595.0,2.8,4.44,1796550.0,20926.0,3.67
2021-06,SA,37953.0,1.0,12.8,1800593.5,21078.0,12.08
2021-09,SA,38505.0,1.5,6.53,1803195.0,21354.0,5.83
2021-12,SA,38978.0,1.2,6.57,1805814.0,21585.0,5.83
2022-03,SA,39780.0,2.1,5.81,1813097.5,21940.0,4.85
2022-06,SA,40285.0,1.3,6.14,1821662.5,22114.0,4.92
2022-09,SA,40388.0,0.3,4.89,1829150.0,22080.0,3.4
2022-12,SA,40557.0,0.4,4.05,1836759.0,22081.0,2.3
2023-03,SA,40761.0,0.5,2.47,1845600.5,22085.0,0.66
2023-06,SA,41092.0,0.8,2.0,1854330.0,22160.0,0.21
2023-09,SA,41365.0,0.7,2.42,1861703.0,22219.0,0.63
2023-12,SA,41280.0,-0.2,1.78,1868348.5,22094.0,0.06
2024-03,SA,41454.0,0.4,1.7,1874796.0,22111.0,0.12
2024-06,SA,41889.0,1.0,1.94,1880409.5,22277.0,0.53
2024-09,SA,42236.0,0.8,2.11,1884637.0,22411.0,0.86
2024-12,SA,42369.0,0.3,2.64,1889167.0,22427.0,1.51
2025-03,SA,42968.0,1.4,3.65,1894836.5,22676.0,2.56
2025-06,SA,43319.0,0.8,3.41,1900050.5,22799.0,2.34
2025-09,SA,43876.0,1.3,3.88,1904460.5,23039.0,2.8
2025-12,SA,44317.0,1.0,4.6,1909024.5,23214.0,3.51
2026-03,SA,44523.0,0.5,3.62,1913808.0,23264.0,2.59
2026-06,SA,44525.0,0.0,2.78,,,
1985-09,WA,17763.0,,,1422967.0,12483.0,
1985-12,WA,17792.0,0.2,,1432135.0,12423.0,
1986-03,WA,18325.0,3.0,,1442077.0,12707.0,
1986-06,WA,18493.0,0.9,,1453136.5,12726.0,
1986-09,WA,18508.0,0.1,4.19,1463716.0,12645.0,1.3
1986-12,WA,18374.0,-0.7,3.27,1472905.5,12475.0,0.42
1987-03,WA,18568.0,1.1,1.33,1482151.5,12528.0,-1.41
1987-06,WA,18457.0,-0.6,-0.19,1491576.5,12374.0,-2.77
1987-09,WA,18699.0,1.3,1.03,1500771.0,12460.0,-1.46
1987-12,WA,19749.0,5.6,7.48,1509324.5,13085.0,4.89
1988-03,WA,19859.0,0.6,6.95,1519465.5,13070.0,4.33
1988-06,WA,20019.0,0.8,8.46,1530371.5,13081.0,5.71
1988-09,WA,20151.0,0.7,7.77,1541604.5,13071.0,4.9
1988-12,WA,20869.0,3.6,5.67,1553478.0,13434.0,2.67
1989-03,WA,21400.0,2.5,7.76,1564313.0,13680.0,4.67
1989-06,WA,22949.0,7.2,14.64,1574073.0,14579.0,11.45
1989-09,WA,23146.0,0.9,14.86,1583310.0,14619.0,11.84
1989-12,WA,22019.0,-4.9,5.51,1592205.5,13829.0,2.94
1990-03,WA,22248.0,1.0,3.96,1601092.0,13896.0,1.58
1990-06,WA,21743.0,-2.3,-5.26,1609504.0,13509.0,-7.34
1990-09,WA,21790.0,0.2,-5.86,1616448.5,13480.0,-7.79
1990-12,WA,21328.0,-2.1,-3.14,1622119.0,13148.0,-4.92
1991-03,WA,21208.0,-0.6,-4.67,1627873.5,13028.0,-6.25
1991-06,WA,21079.0,-0.6,-3.05,1633712.0,12903.0,-4.49
1991-09,WA,21608.0,2.5,-0.84,1639406.5,13180.0,-2.23
1991-12,WA,21493.0,-0.5,0.77,1645077.0,13065.0,-0.63
1992-03,WA,21380.0,-0.5,0.81,1650826.0,12951.0,-0.59
1992-06,WA,21709.0,1.5,2.99,1656394.0,13106.0,1.57
1992-09,WA,22703.0,4.6,5.07,1661649.5,13663.0,3.66
1992-12,WA,23395.0,3.0,8.85,1666635.0,14037.0,7.44
1993-03,WA,23866.0,2.0,11.63,1671382.5,14279.0,10.25
1993-06,WA,23612.0,-1.1,8.77,1676486.0,14084.0,7.46
1993-09,WA,23580.0,-0.1,3.86,1681847.0,14020.0,2.61
1993-12,WA,24426.0,3.6,4.41,1687660.0,14473.0,3.11
1994-03,WA,24398.0,-0.1,2.23,1694441.0,14399.0,0.84
1994-06,WA,25136.0,3.0,6.45,1701591.5,14772.0,4.88
1994-09,WA,25121.0,-0.1,6.54,1709084.5,14699.0,4.84
1994-12,WA,25958.0,3.3,6.27,1716034.5,15127.0,4.52
1995-03,WA,25203.0,-2.9,3.3,1723228.0,14625.0,1.57
1995-06,WA,25537.0,1.3,1.6,1731986.5,14744.0,-0.19
1995-09,WA,26513.0,3.8,5.54,1740427.0,15234.0,3.64
1995-12,WA,26852.0,1.3,3.44,1748360.5,15358.0,1.53
1996-03,WA,27393.0,2.0,8.69,1756189.0,15598.0,6.65
1996-06,WA,27728.0,1.2,8.58,1764325.5,15716.0,6.59
1996-09,WA,26528.0,-4.3,0.06,1772330.0,14968.0,-1.75
1996-12,WA,27511.0,3.7,2.45,1780005.0,15456.0,0.64
1997-03,WA,28227.0,2.6,3.04,1788450.5,15783.0,1.19
1997-06,WA,29156.0,3.3,5.15,1795843.0,16235.0,3.3
1997-09,WA,30387.0,4.2,14.55,1801570.5,16867.0,12.69
1997-12,WA,31261.0,2.9,13.63,1807864.0,17292.0,11.88
1998-03,WA,30826.0,-1.4,9.21,1815870.0,16976.0,7.56
1998-06,WA,31086.0,0.8,6.62,1823626.0,17046.0,5.0
1998-09,WA,30813.0,-0.9,1.4,1830571.5,16832.0,-0.21
1998-12,WA,29916.0,-2.9,-4.3,1837390.5,16282.0,-5.84
1999-03,WA,30587.0,2.2,-0.78,1844190.5,16586.0,-2.3
1999-06,WA,30138.0,-1.5,-3.05,1851119.5,16281.0,-4.49
1999-09,WA,30779.0,2.1,-0.11,1857984.5,16566.0,-1.58
1999-12,WA,30853.0,0.2,3.13,1864149.0,16551.0,1.65
2000-03,WA,30961.0,0.4,1.22,1870318.0,16554.0,-0.19
2000-06,WA,31291.0,1.1,3.83,1876732.0,16673.0,2.41
2000-09,WA,30446.0,-2.7,-1.08,1882588.5,16172.0,-2.38
2000-12,WA,30155.0,-1.0,-2.26,1889307.5,15961.0,-3.56
2001-03,WA,31815.0,5.5,2.76,1896913.0,16772.0,1.32
2001-06,WA,31117.0,-2.2,-0.56,1903784.5,16345.0,-1.97
2001-09,WA,31798.0,2.2,4.44,1909244.0,16655.0,2.99
2001-12,WA,32282.0,1.5,7.05,1914983.0,16858.0,5.62
2002-03,WA,32145.0,-0.4,1.04,1921343.5,16730.0,-0.25
2002-06,WA,32865.0,2.2,5.62,1926723.5,17057.0,4.36
2002-09,WA,33222.0,1.1,4.48,1930744.5,17207.0,3.31
2002-12,WA,34357.0,3.4,6.43,1935793.5,17748.0,5.28
2003-03,WA,34823.0,1.4,8.33,1942720.5,17925.0,7.14
2003-06,WA,35266.0,1.3,7.31,1949786.0,18087.0,6.04
2003-09,WA,36627.0,3.9,10.25,1956085.5,18725.0,8.82
2003-12,WA,37279.0,1.8,8.5,1962780.0,18993.0,7.01
2004-03,WA,37855.0,1.5,8.71,1970137.5,19214.0,7.19
2004-06,WA,38089.0,0.6,8.0,1976843.5,19268.0,6.53
2004-09,WA,38740.0,1.7,5.77,1983027.5,19536.0,4.33
2004-12,WA,39259.0,1.3,5.31,1990377.0,19724.0,3.85
2005-03,WA,40418.0,3.0,6.77,1999442.5,20215.0,5.21
2005-06,WA,40594.0,0.4,6.58,2007925.5,20217.0,4.93
2005-09,WA,42463.0,4.6,9.61,2015783.0,21065.0,7.83
2005-12,WA,44156.0,4.0,12.47,2025147.5,21804.0,10.55
2006-03,WA,44542.0,0.9,10.2,2036193.0,21875.0,8.21
2006-06,WA,46863.0,5.2,15.44,2046515.5,22899.0,13.27
2006-09,WA,46341.0,-1.1,9.13,2057306.5,22525.0,6.93
2006-12,WA,48072.0,3.7,8.87,2070449.5,23218.0,6.49
2007-03,WA,50105.0,4.2,12.49,2085250.0,24028.0,9.84
2007-06,WA,50866.0,1.5,8.54,2099886.0,24223.0,5.78
2007-09,WA,52176.0,2.6,12.59,2113457.5,24688.0,9.6
2007-12,WA,52005.0,-0.3,8.18,2127891.0,24440.0,5.26
2008-03,WA,53237.0,2.4,6.25,2145279.0,24816.0,3.28
2008-06,WA,53980.0,1.4,6.12,2163626.0,24949.0,3.0
2008-09,WA,54476.0,0.9,4.41,2181641.0,24970.0,1.14
2008-12,WA,54944.0,0.9,5.65,2200255.0,24972.0,2.18
2009-03,WA,54146.0,-1.5,1.71,2218622.5,24405.0,-1.66
2009-06,WA,55585.0,2.7,2.97,2234283.5,24878.0,-0.28
2009-09,WA,54944.0,-1.2,0.86,2246802.5,24454.0,-2.07
2009-12,WA,55865.0,1.7,1.68,2258551.0,24735.0,-0.95
2010-03,WA,55989.0,0.2,3.4,2271168.0,24652.0,1.01
2010-06,WA,56871.0,1.6,2.31,2284717.0,24892.0,0.06
2010-09,WA,57209.0,0.6,4.12,2298130.0,24894.0,1.8
2010-12,WA,58695.0,2.6,5.07,2312239.0,25384.0,2.62
2011-03,WA,61627.0,5.0,10.07,2328337.0,26468.0,7.37
2011-06,WA,62274.0,1.1,9.5,2345510.0,26550.0,6.66
2011-09,WA,67530.0,8.4,18.04,2361510.5,28596.0,14.87
2011-12,WA,65309.0,-3.3,11.27,2377779.5,27466.0,8.2
2012-03,WA,71529.0,9.5,16.07,2397027.5,29841.0,12.74
2012-06,WA,73652.0,3.0,18.27,2416807.5,30475.0,14.78
2012-09,WA,74360.0,1.0,10.11,2434191.5,30548.0,6.83
2012-12,WA,73565.0,-1.1,12.64,2450182.5,30024.0,9.31
2013-03,WA,70826.0,-3.7,-0.98,2466365.5,28717.0,-3.77
2013-06,WA,71798.0,1.4,-2.52,2481093.0,28938.0,-5.04
2013-09,WA,72652.0,1.2,-2.3,2491614.5,29159.0,-4.55
2013-12,WA,71434.0,-1.7,-2.9,2499236.5,28582.0,-4.8
2014-03,WA,72209.0,1.1,1.95,2507372.0,28799.0,0.29
2014-06,WA,70189.0,-2.8,-2.24,2515082.0,27907.0,-3.56
2014-09,WA,69848.0,-0.5,-3.86,2520825.0,27708.0,-4.98
2014-12,WA,70345.0,0.7,-1.52,2526330.5,27845.0,-2.58
2015-03,WA,69588.0,-1.1,-3.63,2532611.5,27477.0,-4.59
2015-06,WA,70274.0,1.0,0.12,2538638.0,27682.0,-0.81
2015-09,WA,69328.0,-1.3,-0.74,2543090.5,27261.0,-1.61
2015-12,WA,67033.0,-3.3,-4.71,2546627.0,26322.0,-5.47
2016-03,WA,66366.0,-1.0,-4.63,2551125.5,26014.0,-5.32
2016-06,WA,64027.0,-3.5,-8.89,2555242.0,25057.0,-9.48
2016-09,WA,61728.0,-3.6,-10.96,2560235.0,24110.0,-11.56
2016-12,WA,62155.0,0.7,-7.28,2567049.0,24213.0,-8.01
2017-03,WA,62126.0,0.0,-6.39,2574441.0,24132.0,-7.23
2017-06,WA,61904.0,-0.4,-3.32,2582498.0,23971.0,-4.33
2017-09,WA,62498.0,1.0,1.25,2589929.0,24131.0,0.09
2017-12,WA,62770.0,0.4,0.99,2597033.0,24170.0,-0.18
2018-03,WA,62219.0,-0.9,0.15,2605124.0,23883.0,-1.03
2018-06,WA,61732.0,-0.8,-0.28,2614056.0,23615.0,-1.49
2018-09,WA,61825.0,0.2,-1.08,2622956.5,23571.0,-2.32
2018-12,WA,61433.0,-0.6,-2.13,2632262.5,23338.0,-3.44
2019-03,WA,60824.0,-1.0,-2.24,2643022.5,23013.0,-3.64
2019-06,WA,62215.0,2.3,0.78,2654633.0,23436.0,-0.76
2019-09,WA,63058.0,1.4,1.99,2666935.5,23644.0,0.31
2019-12,WA,63479.0,0.7,3.33,2681522.5,23673.0,1.44
2020-03,WA,63592.0,0.2,4.55,2697574.5,23574.0,2.44
2020-06,WA,59823.0,-5.9,-3.84,2709631.0,22078.0,-5.79
2020-09,WA,63450.0,6.1,0.62,2716456.5,23358.0,-1.21
2020-12,WA,64635.0,1.9,1.82,2724094.0,23727.0,0.23
2021-03,WA,66506.0,2.9,4.58,2733646.0,24329.0,3.2
2021-06,WA,67520.0,1.5,12.87,2744235.0,24604.0,11.44
2021-09,WA,68195.0,1.0,7.48,2752474.0,24776.0,6.07
2021-12,WA,68840.0,0.9,6.51,2759411.5,24947.0,5.14
2022-03,WA,70169.0,1.9,5.51,2770830.5,25324.0,4.09
2022-06,WA,70500.0,0.5,4.41,2786177.5,25303.0,2.84
2022-09,WA,70806.0,0.4,3.83,2804920.5,25243.0,1.88
2022-12,WA,71588.0,1.1,3.99,2827715.0,25317.0,1.48
2023-03,WA,72846.0,1.8,3.82,2854000.5,25524.0,0.79
2023-06,WA,74040.0,1.6,5.02,2879707.0,25711.0,1.61
2023-09,WA,75643.0,2.2,6.83,2903579.0,26052.0,3.2
2023-12,WA,76549.0,1.2,6.93,2926934.5,26153.0,3.3
2024-03,WA,76367.0,-0.2,4.83,2950149.0,25886.0,1.42
2024-06,WA,77075.0,0.9,4.1,2970399.0,25948.0,0.92
2024-09,WA,77735.0,0.9,2.77,2986850.0,26026.0,-0.1
2024-12,WA,78423.0,0.9,2.45,3003375.0,26112.0,-0.16
2025-03,WA,79159.0,0.9,3.66,3021610.5,26198.0,1.21
2025-06,WA,79498.0,0.4,3.14,3038495.0,26164.0,0.83
2025-09,WA,80722.0,1.5,3.84,3053902.0,26432.0,1.56
2025-12,WA,81161.0,0.5,3.49,3069351.0,26442.0,1.26
2026-03,WA,81540.0,0.5,3.01,3086043.0,26422.0,0.86
2026-06,WA,82391.0,1.0,3.64,,,
1985-09,TAS,4918.0,,,443188.0,11097.0,
1985-12,TAS,5057.0,2.8,,444062.0,11388.0,
1986-03,TAS,5049.0,-0.2,,445149.5,11342.0,
1986-06,TAS,5103.0,1.1,,446098.0,11439.0,
1986-09,TAS,5033.0,-1.4,2.34,446899.0,11262.0,1.49
1986-12,TAS,5057.0,0.5,0.0,447780.0,11293.0,-0.83
1987-03,TAS,4862.0,-3.9,-3.7,448416.0,10843.0,-4.4
1987-06,TAS,5003.0,2.9,-1.96,448911.5,11145.0,-2.57
1987-09,TAS,4964.0,-0.8,-1.37,449299.5,11048.0,-1.9
1987-12,TAS,5102.0,2.8,0.89,449596.5,11348.0,0.49
1988-03,TAS,5114.0,0.2,5.18,450196.0,11359.0,4.76
1988-06,TAS,5089.0,-0.5,1.72,450860.0,11287.0,1.27
1988-09,TAS,5267.0,3.5,6.1,451526.5,11665.0,5.58
1988-12,TAS,5216.0,-1.0,2.23,452343.0,11531.0,1.61
1989-03,TAS,5432.0,4.1,6.22,453356.5,11982.0,5.48
1989-06,TAS,5495.0,1.2,7.98,454595.0,12088.0,7.1
1989-09,TAS,5316.0,-3.2,0.93,456044.0,11657.0,-0.07
1989-12,TAS,5266.0,-0.9,0.96,457620.0,11507.0,-0.21
1990-03,TAS,5429.0,3.1,-0.06,459240.0,11822.0,-1.34
1990-06,TAS,5539.0,2.0,0.8,461129.0,12012.0,-0.63
1990-09,TAS,5336.0,-3.7,0.38,462828.5,11529.0,-1.1
1990-12,TAS,5286.0,-0.9,0.38,463994.5,11392.0,-1.0
1991-03,TAS,5349.0,1.2,-1.47,465195.0,11498.0,-2.74
1991-06,TAS,5243.0,-2.0,-5.34,466336.0,11243.0,-6.4
1991-09,TAS,5404.0,3.1,1.27,467269.0,11565.0,0.31
1991-12,TAS,5308.0,-1.8,0.42,468142.5,11338.0,-0.47
1992-03,TAS,5421.0,2.1,1.35,468991.0,11559.0,0.53
1992-06,TAS,5377.0,-0.8,2.56,469706.0,11448.0,1.82
1992-09,TAS,5462.0,1.6,1.07,470211.0,11616.0,0.44
1992-12,TAS,5545.0,1.5,4.46,470850.5,11777.0,3.87
1993-03,TAS,5357.0,-3.4,-1.18,471561.0,11360.0,-1.72
1993-06,TAS,5456.0,1.8,1.47,471925.5,11561.0,0.99
1993-09,TAS,5815.0,6.6,6.46,472280.5,12313.0,6.0
1993-12,TAS,5504.0,-5.3,-0.74,472778.5,11642.0,-1.15
1994-03,TAS,5560.0,1.0,3.79,473063.0,11753.0,3.46
1994-06,TAS,5645.0,1.5,3.46,473321.0,11926.0,3.16
1994-09,TAS,5622.0,-0.4,-3.32,473735.5,11867.0,-3.62
1994-12,TAS,5710.0,1.6,3.74,474024.0,12046.0,3.47
1995-03,TAS,5826.0,2.0,4.78,474243.5,12285.0,4.53
1995-06,TAS,5816.0,-0.2,3.03,474463.0,12258.0,2.78
1995-09,TAS,5791.0,-0.4,3.01,474728.0,12199.0,2.8
1995-12,TAS,5767.0,-0.4,1.0,475044.5,12140.0,0.78
1996-03,TAS,5905.0,2.4,1.36,475215.0,12426.0,1.15
1996-06,TAS,5892.0,-0.2,1.31,475443.5,12393.0,1.1
1996-09,TAS,5993.0,1.7,3.49,475668.0,12599.0,3.28
1996-12,TAS,6049.0,0.9,4.89,475630.0,12718.0,4.76
1997-03,TAS,6085.0,0.6,3.05,475486.5,12797.0,2.99
1997-06,TAS,6088.0,0.0,3.33,475176.0,12812.0,3.38
1997-09,TAS,6143.0,0.9,2.5,474718.0,12940.0,2.71
1997-12,TAS,6185.0,0.7,2.25,474371.5,13038.0,2.52
1998-03,TAS,6097.0,-1.4,0.2,474098.5,12860.0,0.49
1998-06,TAS,6132.0,0.6,0.72,473706.0,12945.0,1.04
1998-09,TAS,6075.0,-0.9,-1.11,473430.0,12832.0,-0.83
1998-12,TAS,6034.0,-0.7,-2.44,473440.0,12745.0,-2.25
1999-03,TAS,6185.0,2.5,1.44,473319.5,13067.0,1.61
1999-06,TAS,6097.0,-1.4,-0.57,473109.5,12887.0,-0.45
1999-09,TAS,6282.0,3.0,3.41,473105.5,13278.0,3.48
1999-12,TAS,6350.0,1.1,5.24,473237.5,13418.0,5.28
2000-03,TAS,6388.0,0.6,3.28,473298.5,13497.0,3.29
2000-06,TAS,6527.0,2.2,7.05,473213.0,13793.0,7.03
2000-09,TAS,6401.0,-1.9,1.89,473079.0,13531.0,1.91
2000-12,TAS,6400.0,0.0,0.79,473117.5,13527.0,0.81
2001-03,TAS,6505.0,1.6,1.83,473431.0,13740.0,1.8
2001-06,TAS,6535.0,0.5,0.12,473665.0,13797.0,0.03
2001-09,TAS,6711.0,2.7,4.84,473599.0,14170.0,4.72
2001-12,TAS,6644.0,-1.0,3.81,473710.0,14025.0,3.68
2002-03,TAS,7017.0,5.6,7.87,474054.0,14802.0,7.73
2002-06,TAS,7623.0,8.6,16.65,474185.0,16076.0,16.52
2002-09,TAS,6936.0,-9.0,3.35,474389.0,14621.0,3.18
2002-12,TAS,7162.0,3.3,7.8,475312.0,15068.0,7.44
2003-03,TAS,7087.0,-1.0,1.0,476787.0,14864.0,0.42
2003-06,TAS,7134.0,0.7,-6.41,478055.0,14923.0,-7.17
2003-09,TAS,7387.0,3.6,6.5,479181.5,15416.0,5.44
2003-12,TAS,7588.0,2.7,5.95,480620.0,15788.0,4.78
2004-03,TAS,7850.0,3.5,10.77,482094.5,16283.0,9.55
2004-06,TAS,7949.0,1.3,11.42,482978.0,16458.0,10.29
2004-09,TAS,8040.0,1.1,8.84,483586.5,16626.0,7.85
2004-12,TAS,8332.0,3.6,9.8,484386.5,17201.0,8.95
2005-03,TAS,8177.0,-1.9,4.17,485266.5,16851.0,3.49
2005-06,TAS,8302.0,1.5,4.44,485978.5,17083.0,3.8
2005-09,TAS,8592.0,3.5,6.87,486547.5,17659.0,6.21
2005-12,TAS,8612.0,0.2,3.36,487495.5,17666.0,2.7
2006-03,TAS,8530.0,-0.9,4.32,488619.0,17457.0,3.6
2006-06,TAS,8513.0,-0.2,2.54,489221.0,17401.0,1.86
2006-09,TAS,8228.0,-3.3,-4.24,489828.0,16798.0,-4.88
2006-12,TAS,8462.0,2.8,-1.74,490934.5,17237.0,-2.43
2007-03,TAS,8718.0,3.0,2.2,492070.0,17717.0,1.49
2007-06,TAS,8803.0,1.0,3.41,492943.5,17858.0,2.63
2007-09,TAS,8775.0,-0.3,6.65,493904.5,17767.0,5.77
2007-12,TAS,8973.0,2.2,6.04,495202.5,18120.0,5.12
2008-03,TAS,9105.0,1.5,4.44,496705.0,18331.0,3.47
2008-06,TAS,9395.0,3.2,6.72,498060.0,18863.0,5.63
2008-09,TAS,9533.0,1.5,8.64,499315.0,19092.0,7.46
2008-12,TAS,9511.0,-0.2,6.0,500918.0,18987.0,4.78
2009-03,TAS,9342.0,-1.8,2.6,502602.5,18587.0,1.4
2009-06,TAS,9404.0,0.7,0.1,503892.0,18663.0,-1.06
2009-09,TAS,9284.0,-1.3,-2.61,504910.5,18387.0,-3.69
2009-12,TAS,9496.0,2.3,-0.16,505964.5,18768.0,-1.15
2010-03,TAS,9587.0,1.0,2.62,507321.5,18897.0,1.67
2010-06,TAS,9446.0,-1.5,0.45,508514.5,18576.0,-0.47
2010-09,TAS,9620.0,1.8,3.62,509164.0,18894.0,2.76
2010-12,TAS,9679.0,0.6,1.93,509850.0,18984.0,1.15
2011-03,TAS,9723.0,0.5,1.42,510733.5,19037.0,0.74
2011-06,TAS,9640.0,-0.9,2.05,511365.5,18851.0,1.48
2011-09,TAS,9735.0,1.0,1.2,511681.5,19026.0,0.7
2011-12,TAS,9575.0,-1.6,-1.07,511809.5,18708.0,-1.45
2012-03,TAS,9448.0,-1.3,-2.83,511866.0,18458.0,-3.04
2012-06,TAS,9453.0,0.0,-1.94,511858.5,18468.0,-2.03
2012-09,TAS,9324.0,-1.4,-4.22,511653.0,18223.0,-4.22
2012-12,TAS,9298.0,-0.3,-2.89,511697.5,18171.0,-2.87
2013-03,TAS,9296.0,0.0,-1.61,512026.5,18155.0,-1.64
2013-06,TAS,9185.0,-1.2,-2.84,512235.5,17931.0,-2.91
2013-09,TAS,9370.0,2.0,0.49,512370.5,18288.0,0.36
2013-12,TAS,9405.0,0.4,1.15,512762.5,18342.0,0.94
2014-03,TAS,9468.0,0.7,1.85,513348.0,18444.0,1.59
2014-06,TAS,9374.0,-1.0,2.06,513651.0,18250.0,1.78
2014-09,TAS,9527.0,1.6,1.68,513759.5,18544.0,1.4
2014-12,TAS,9551.0,0.3,1.55,513969.0,18583.0,1.31
2015-03,TAS,9570.0,0.2,1.08,514426.0,18603.0,0.86
2015-06,TAS,9632.0,0.6,2.75,514964.5,18704.0,2.49
2015-09,TAS,9813.0,1.9,3.0,515407.0,19039.0,2.67
2015-12,TAS,9835.0,0.2,2.97,515695.5,19071.0,2.63
2016-03,TAS,9753.0,-0.8,1.91,516277.5,18891.0,1.55
2016-06,TAS,9834.0,0.8,2.1,517187.5,19014.0,1.66
2016-09,TAS,9814.0,-0.2,0.01,518560.0,18925.0,-0.6
2016-12,TAS,9936.0,1.2,1.03,520793.5,19079.0,0.04
2017-03,TAS,10072.0,1.4,3.27,523277.5,19248.0,1.89
2017-06,TAS,10180.0,1.1,3.52,525668.0,19366.0,1.85
2017-09,TAS,10299.0,1.2,4.94,528056.0,19504.0,3.06
2017-12,TAS,10406.0,1.0,4.73,530455.5,19617.0,2.82
2018-03,TAS,10621.0,2.1,5.45,533157.5,19921.0,3.5
2018-06,TAS,10729.0,1.0,5.39,536022.5,20016.0,3.36
2018-09,TAS,10852.0,1.1,5.37,538766.0,20142.0,3.27
2018-12,TAS,10962.0,1.0,5.34,541584.0,20241.0,3.18
2019-03,TAS,11061.0,0.9,4.14,544365.0,20319.0,2.0
2019-06,TAS,11133.0,0.7,3.77,546822.0,20359.0,1.71
2019-09,TAS,11217.0,0.8,3.36,548894.0,20436.0,1.46
2019-12,TAS,11086.0,-1.2,1.13,551643.5,20096.0,-0.72
2020-03,TAS,11189.0,0.9,1.16,554657.5,20173.0,-0.72
2020-06,TAS,10303.0,-7.9,-7.46,556776.5,18505.0,-9.11
2020-09,TAS,10907.0,5.9,-2.76,558502.5,19529.0,-4.44
2020-12,TAS,11390.0,4.4,2.74,560654.0,20316.0,1.09
2021-03,TAS,11651.0,2.3,4.13,563360.5,20681.0,2.52
2021-06,TAS,11829.0,1.5,14.81,566039.5,20898.0,12.93
2021-09,TAS,12204.0,3.2,11.89,567534.0,21504.0,10.11
2021-12,TAS,12081.0,-1.0,6.07,568719.0,21242.0,4.56
2022-03,TAS,12030.0,-0.4,3.25,570496.5,21087.0,1.96
2022-06,TAS,12108.0,0.6,2.36,571842.0,21174.0,1.32
2022-09,TAS,12356.0,2.1,1.25,572545.0,21581.0,0.36
2022-12,TAS,12460.0,0.8,3.14,573066.5,21743.0,2.36
2023-03,TAS,12542.0,0.7,4.26,573589.5,21866.0,3.69
2023-06,TAS,12518.0,-0.2,3.39,573783.5,21817.0,3.04
2023-09,TAS,12597.0,0.6,1.95,573775.0,21955.0,1.73
2023-12,TAS,12446.0,-1.2,-0.11,574016.5,21682.0,-0.28
2024-03,TAS,12538.0,0.7,-0.03,574589.5,21821.0,-0.21
2024-06,TAS,12605.0,0.5,0.69,574865.0,21927.0,0.5
2024-09,TAS,13260.0,5.2,5.26,575068.5,23058.0,5.02
2024-12,TAS,12717.0,-4.1,2.18,575821.5,22085.0,1.86
2025-03,TAS,12727.0,0.1,1.51,576784.0,22065.0,1.12
2025-06,TAS,13379.0,5.1,6.14,577562.0,23165.0,5.65
2025-09,TAS,13012.0,-2.7,-1.87,578133.0,22507.0,-2.39
2025-12,TAS,13056.0,0.3,2.67,578762.0,22558.0,2.14
2026-03,TAS,12940.0,-0.9,1.67,579888.0,22315.0,1.13
2026-06,TAS,12950.0,0.1,-3.21,,,
1985-09,NT,2687.0,,,149566.0,17965.0,
1985-12,NT,2591.0,-3.6,,151476.0,17105.0,
1986-03,NT,2666.0,2.9,,152820.0,17445.0,
1986-06,NT,2774.0,4.0,,153852.5,18030.0,
1986-09,NT,2601.0,-6.2,-3.2,154996.0,16781.0,-6.59
1986-12,NT,2463.0,-5.3,-4.94,156074.5,15781.0,-7.74
1987-03,NT,2422.0,-1.7,-9.15,157176.5,15409.0,-11.67
1987-06,NT,2424.0,0.1,-12.62,157990.0,15343.0,-14.9
1987-09,NT,2508.0,3.5,-3.58,158673.5,15806.0,-5.81
1987-12,NT,2394.0,-4.5,-2.8,159091.0,15048.0,-4.64
1988-03,NT,2527.0,5.6,4.34,158999.5,15893.0,3.14
1988-06,NT,2388.0,-5.5,-1.49,158992.5,15020.0,-2.11
1988-09,NT,2577.0,7.9,2.75,159415.0,16165.0,2.27
1988-12,NT,2581.0,0.2,7.81,160170.0,16114.0,7.08
1989-03,NT,2596.0,0.6,2.73,160793.0,16145.0,1.59
1989-06,NT,2594.0,-0.1,8.63,161114.5,16100.0,7.19
1989-09,NT,2478.0,-4.5,-3.84,161426.5,15351.0,-5.04
1989-12,NT,2669.0,7.7,3.41,161885.5,16487.0,2.31
1990-03,NT,2619.0,-1.9,0.89,162317.5,16135.0,-0.06
1990-06,NT,2590.0,-1.1,-0.15,163133.0,15877.0,-1.39
1990-09,NT,2798.0,8.0,12.91,164060.0,17055.0,11.1
1990-12,NT,2641.0,-5.6,-1.05,164719.5,16033.0,-2.75
1991-03,NT,2624.0,-0.7,0.19,165201.5,15884.0,-1.56
1991-06,NT,2679.0,2.1,3.44,165424.5,16195.0,2.0
1991-09,NT,2681.0,0.1,-4.18,166104.5,16140.0,-5.36
1991-12,NT,2613.0,-2.5,-1.06,166879.5,15658.0,-2.34
1992-03,NT,2674.0,2.4,1.91,167580.0,15957.0,0.46
1992-06,NT,2545.0,-4.8,-5.0,168331.5,15119.0,-6.64
1992-09,NT,2726.0,7.1,1.68,168823.5,16147.0,0.04
1992-12,NT,2725.0,0.0,4.29,169760.5,16052.0,2.52
1993-03,NT,2734.0,0.3,2.24,170869.5,16001.0,0.28
1993-06,NT,2862.0,4.7,12.46,171513.5,16687.0,10.37
1993-09,NT,2929.0,2.4,7.45,172296.0,17000.0,5.28
1993-12,NT,2942.0,0.4,7.96,173237.0,16983.0,5.8
1994-03,NT,2987.0,1.5,9.25,173913.5,17175.0,7.34
1994-06,NT,3024.0,1.2,5.66,174572.5,17322.0,3.81
1994-09,NT,3137.0,3.7,7.1,175225.5,17903.0,5.31
1994-12,NT,3140.0,0.1,6.73,176152.0,17826.0,4.96
1995-03,NT,3165.0,0.8,5.96,177726.5,17808.0,3.69
1995-06,NT,3253.0,2.8,7.57,179147.0,18158.0,4.83
1995-09,NT,3461.0,6.4,10.33,180150.0,19212.0,7.31
1995-12,NT,3427.0,-1.0,9.14,181763.5,18854.0,5.77
1996-03,NT,3589.0,4.7,13.4,183344.0,19575.0,9.92
1996-06,NT,3667.0,2.2,12.73,184187.5,19909.0,9.64
1996-09,NT,3440.0,-6.2,-0.61,185372.5,18557.0,-3.41
1996-12,NT,3482.0,1.2,1.6,186785.5,18642.0,-1.12
1997-03,NT,3470.0,-0.3,-3.32,187782.5,18479.0,-5.6
1997-06,NT,3434.0,-1.0,-6.35,188989.0,18170.0,-8.73
1997-09,NT,3669.0,6.8,6.66,190224.5,19288.0,3.94
1997-12,NT,3828.0,4.3,9.94,190976.5,20044.0,7.52
1998-03,NT,4009.0,4.8,15.53,191660.0,20917.0,13.19
1998-06,NT,4186.0,4.4,21.9,192483.0,21747.0,19.69
1998-09,NT,4539.0,8.4,23.71,193304.0,23481.0,21.74
1998-12,NT,5023.0,10.7,31.22,194046.5,25886.0,29.15
1999-03,NT,4426.0,-11.9,10.4,194820.5,22718.0,8.61
1999-06,NT,4481.0,1.3,7.05,195631.5,22905.0,5.32
1999-09,NT,4756.0,6.1,4.78,196409.5,24215.0,3.13
1999-12,NT,4307.0,-9.4,-14.25,197282.0,21832.0,-15.66
2000-03,NT,4371.0,1.5,-1.24,198030.5,22072.0,-2.84
2000-06,NT,4408.0,0.8,-1.63,198726.5,22181.0,-3.16
2000-09,NT,4363.0,-1.0,-8.26,199482.5,21872.0,-9.68
2000-12,NT,4331.0,-0.8,0.56,199930.5,21663.0,-0.77
2001-03,NT,4656.0,7.5,6.52,200417.0,23232.0,5.26
2001-06,NT,4773.0,2.5,8.28,201266.0,23715.0,6.92
2001-09,NT,4859.0,1.8,11.37,201869.0,24070.0,10.05
2001-12,NT,5011.0,3.1,15.7,201873.0,24823.0,14.59
2002-03,NT,5106.0,1.9,9.66,201815.5,25300.0,8.9
2002-06,NT,5216.0,2.2,9.28,202065.5,25813.0,8.85
2002-09,NT,5205.0,-0.2,7.12,202160.0,25747.0,6.97
2002-12,NT,5316.0,2.1,6.09,201809.0,26342.0,6.12
2003-03,NT,5067.0,-4.7,-0.76,201308.5,25170.0,-0.51
2003-06,NT,5235.0,3.3,0.36,201396.5,25994.0,0.7
2003-09,NT,5472.0,4.5,5.13,201753.0,27122.0,5.34
2003-12,NT,5593.0,2.2,5.21,201744.5,27723.0,5.24
2004-03,NT,5516.0,-1.4,8.86,201858.5,27326.0,8.57
2004-06,NT,5339.0,-3.2,1.99,202336.0,26387.0,1.51
2004-09,NT,5263.0,-1.4,-3.82,203095.0,25914.0,-4.45
2004-12,NT,5551.0,5.5,-0.75,203692.0,27252.0,-1.7
2005-03,NT,5690.0,2.5,3.15,204377.0,27841.0,1.88
2005-06,NT,6104.0,7.3,14.33,205401.0,29717.0,12.62
2005-09,NT,5915.0,-3.1,12.39,206332.0,28667.0,10.62
2005-12,NT,6032.0,2.0,8.67,207072.0,29130.0,6.89
2006-03,NT,6127.0,1.6,7.68,207866.0,29476.0,5.87
2006-06,NT,6051.0,-1.2,-0.87,208702.0,28993.0,-2.44
2006-09,NT,6280.0,3.8,6.17,209670.5,29952.0,4.48
2006-12,NT,5857.0,-6.7,-2.9,210656.5,27804.0,-4.55
2007-03,NT,6069.0,3.6,-0.95,211700.5,28668.0,-2.74
2007-06,NT,6092.0,0.4,0.68,213060.0,28593.0,-1.38
2007-09,NT,6373.0,4.6,1.48,214464.0,29716.0,-0.79
2007-12,NT,6504.0,2.0,11.05,215899.0,30125.0,8.35
2008-03,NT,6516.0,0.2,7.37,217265.0,29991.0,4.61
2008-06,NT,6798.0,4.3,11.59,218893.0,31056.0,8.61
2008-09,NT,7150.0,5.2,12.19,220669.0,32401.0,9.04
2008-12,NT,7186.0,0.5,10.49,221995.0,32370.0,7.45
2009-03,NT,7100.0,-1.2,8.96,223224.0,31807.0,6.06
2009-06,NT,6836.0,-3.7,0.56,224974.5,30386.0,-2.16
2009-09,NT,6667.0,-2.5,-6.76,226641.0,29417.0,-9.21
2009-12,NT,6635.0,-0.5,-7.67,227519.0,29162.0,-9.91
2010-03,NT,6655.0,0.3,-6.27,228191.5,29164.0,-8.31
2010-06,NT,6941.0,4.3,1.54,229189.0,30285.0,-0.33
2010-09,NT,6762.0,-2.6,1.42,230119.0,29385.0,-0.11
2010-12,NT,6784.0,0.3,2.25,230379.5,29447.0,0.98
2011-03,NT,6827.0,0.6,2.58,230261.5,29649.0,1.66
2011-06,NT,6796.0,-0.5,-2.09,230758.0,29451.0,-2.75
2011-09,NT,6950.0,2.3,2.78,231936.5,29965.0,1.97
2011-12,NT,7311.0,5.2,7.77,232766.5,31409.0,6.66
2012-03,NT,7820.0,7.0,14.55,233613.5,33474.0,12.9
2012-06,NT,8415.0,7.6,23.82,235095.0,35794.0,21.54
2012-09,NT,8283.0,-1.6,19.18,236716.0,34991.0,16.77
2012-12,NT,9901.0,19.5,35.43,238122.5,41579.0,32.38
2013-03,NT,9519.0,-3.9,21.73,239417.5,39759.0,18.78
2013-06,NT,9468.0,-0.5,12.51,240914.5,39300.0,9.79
2013-09,NT,9816.0,3.7,18.51,242011.5,40560.0,15.92
2013-12,NT,9737.0,-0.8,-1.66,242302.5,40185.0,-3.35
2014-03,NT,8535.0,-12.3,-10.34,242547.0,35189.0,-11.49
2014-06,NT,9477.0,11.0,0.1,242842.0,39025.0,-0.7
2014-09,NT,9641.0,1.7,-1.78,243047.5,39667.0,-2.2
2014-12,NT,9199.0,-4.6,-5.53,242977.0,37860.0,-5.79
2015-03,NT,9157.0,-0.5,7.29,242906.0,37698.0,7.13
2015-06,NT,8175.0,-10.7,-13.74,243875.5,33521.0,-14.1
2015-09,NT,8181.0,0.1,-15.14,244631.0,33442.0,-15.69
2015-12,NT,8421.0,2.9,-8.46,244330.0,34466.0,-8.96
2016-03,NT,8606.0,2.2,-6.02,244358.5,35219.0,-6.58
2016-06,NT,8750.0,1.7,7.03,245152.5,35692.0,6.48
2016-09,NT,9016.0,3.0,10.21,246060.5,36641.0,9.57
2016-12,NT,9058.0,0.5,7.56,246254.0,36783.0,6.72
2017-03,NT,9558.0,5.5,11.06,246148.0,38830.0,10.25
2017-06,NT,9385.0,-1.8,7.26,246821.5,38023.0,6.53
2017-09,NT,9473.0,0.9,5.07,247463.0,38280.0,4.47
2017-12,NT,8859.0,-6.5,-2.2,247188.0,35839.0,-2.57
2018-03,NT,8678.0,-2.0,-9.21,246768.0,35167.0,-9.43
2018-06,NT,8411.0,-3.1,-10.38,246884.5,34069.0,-10.4
2018-09,NT,7623.0,-9.4,-19.53,247050.5,30856.0,-19.39
2018-12,NT,7420.0,-2.7,-16.24,246463.0,30106.0,-16.0
2019-03,NT,7254.0,-2.2,-16.41,245968.0,29492.0,-16.14
2019-06,NT,7200.0,-0.7,-14.4,246287.5,29234.0,-14.19
2019-09,NT,7073.0,-1.8,-7.22,246618.0,28680.0,-7.05
2019-12,NT,7095.0,0.3,-4.38,246445.0,28789.0,-4.37
2020-03,NT,6978.0,-1.6,-3.8,246591.0,28298.0,-4.05
2020-06,NT,6742.0,-3.4,-6.36,247198.5,27274.0,-6.7
2020-09,NT,7211.0,7.0,1.95,247591.5,29125.0,1.55
2020-12,NT,7583.0,5.1,6.88,247787.0,30603.0,6.3
2021-03,NT,7415.0,-2.2,6.26,248002.0,29899.0,5.66
2021-06,NT,7824.0,5.5,16.05,248168.0,31527.0,15.59
2021-09,NT,8067.0,3.1,11.87,248808.0,32423.0,11.32
2021-12,NT,7989.0,-1.0,5.35,249982.5,31958.0,4.43
2022-03,NT,8179.0,2.4,10.3,251303.5,32546.0,8.85
2022-06,NT,8043.0,-1.7,2.8,252603.5,31840.0,0.99
2022-09,NT,8159.0,1.4,1.14,253752.0,32153.0,-0.83
2022-12,NT,8328.0,2.1,4.24,254849.0,32678.0,2.25
2023-03,NT,8260.0,-0.8,0.99,255880.0,32281.0,-0.81
2023-06,NT,8271.0,0.1,2.83,256987.0,32185.0,1.08
2023-09,NT,8453.0,2.2,3.6,258025.5,32760.0,1.89
2023-12,NT,8715.0,3.1,4.65,258843.0,33669.0,3.03
2024-03,NT,8527.0,-2.2,3.23,259555.0,32852.0,1.77
2024-06,NT,8930.0,4.7,7.97,260425.5,34290.0,6.54
2024-09,NT,8826.0,-1.2,4.41,261455.0,33757.0,3.04
2024-12,NT,8996.0,1.9,3.22,262654.5,34250.0,1.73
2025-03,NT,8942.0,-0.6,4.87,264108.5,33857.0,3.06
2025-06,NT,8763.0,-2.0,-1.87,265456.0,33011.0,-3.73
2025-09,NT,8676.0,-1.0,-1.7,266533.0,32551.0,-3.57
2025-12,NT,8716.0,0.5,-3.11,267395.5,32596.0,-4.83
2026-03,NT,8663.0,-0.6,-3.12,268301.0,32288.0,-4.63
2026-06,NT,8781.0,1.4,0.21,,,
1985-09,ACT,4964.0,,,252417.5,19666.0,
1985-12,ACT,4713.0,-5.1,,254677.0,18506.0,
1986-03,ACT,4409.0,-6.4,,256596.5,17183.0,
1986-06,ACT,4488.0,1.8,,258097.5,17389.0,
1986-09,ACT,4798.0,6.9,-3.34,259727.5,18473.0,-6.07
1986-12,ACT,4842.0,0.9,2.74,261366.5,18526.0,0.11
1987-03,ACT,4821.0,-0.4,9.34,263120.5,18322.0,6.63
1987-06,ACT,5005.0,3.8,11.52,264765.0,18904.0,8.71
1987-09,ACT,5156.0,3.0,7.46,266426.0,19352.0,4.76
1987-12,ACT,5133.0,-0.4,6.01,268081.0,19147.0,3.35
1988-03,ACT,5070.0,-1.2,5.16,269872.0,18787.0,2.54
1988-06,ACT,4822.0,-4.9,-3.66,271543.0,17758.0,-6.06
1988-09,ACT,4797.0,-0.5,-6.96,272608.0,17597.0,-9.07
1988-12,ACT,4710.0,-1.8,-8.24,273596.0,17215.0,-10.09
1989-03,ACT,5338.0,13.4,5.29,274986.0,19412.0,3.33
1989-06,ACT,5357.0,0.3,11.09,276149.5,19399.0,9.24
1989-09,ACT,5188.0,-3.2,8.15,276951.0,18733.0,6.46
1989-12,ACT,5320.0,2.6,12.95,278344.5,19113.0,11.03
1990-03,ACT,5342.0,0.4,0.07,279939.0,19083.0,-1.69
1990-06,ACT,5239.0,-1.9,-2.2,281435.0,18615.0,-4.04
1990-09,ACT,5407.0,3.2,4.22,282941.0,19110.0,2.01
1990-12,ACT,5380.0,-0.5,1.13,284341.5,18921.0,-1.0
1991-03,ACT,5496.0,2.1,2.88,286156.0,19206.0,0.64
1991-06,ACT,5645.0,2.7,7.75,288310.0,19580.0,5.18
1991-09,ACT,5755.0,2.0,6.44,289918.5,19850.0,3.87
1991-12,ACT,5880.0,2.2,9.29,291020.0,20205.0,6.79
1992-03,ACT,5782.0,-1.7,5.2,292503.5,19767.0,2.92
1992-06,ACT,5899.0,2.0,4.5,294185.5,20052.0,2.41
1992-09,ACT,5860.0,-0.7,1.82,295487.0,19832.0,-0.09
1992-12,ACT,6054.0,3.3,2.96,296303.0,20432.0,1.12
1993-03,ACT,5989.0,-1.1,3.58,297861.5,20107.0,1.72
1993-06,ACT,6110.0,2.0,3.58,299478.5,20402.0,1.75
1993-09,ACT,6010.0,-1.6,2.56,299891.5,20041.0,1.05
1993-12,ACT,6304.0,4.9,4.13,300260.0,20995.0,2.76
1994-03,ACT,6463.0,2.5,7.91,300951.5,21475.0,6.8
1994-06,ACT,6708.0,3.8,9.79,301803.5,22226.0,8.94
1994-09,ACT,6928.0,3.3,15.27,302664.0,22890.0,14.22
1994-12,ACT,6795.0,-1.9,7.79,303211.5,22410.0,6.74
1995-03,ACT,6316.0,-7.1,-2.27,304338.5,20753.0,-3.36
1995-06,ACT,6449.0,2.1,-3.86,305613.0,21102.0,-5.06
1995-09,ACT,6360.0,-1.4,-8.2,306359.0,20760.0,-9.31
1995-12,ACT,6604.0,3.8,-2.81,306951.0,21515.0,-3.99
1996-03,ACT,6699.0,1.5,6.06,307767.0,21766.0,4.88
1996-06,ACT,6966.0,4.0,8.02,309070.5,22539.0,6.81
1996-09,ACT,6898.0,-1.0,8.46,309928.0,22257.0,7.21
1996-12,ACT,6867.0,-0.4,3.98,310441.0,22120.0,2.81
1997-03,ACT,7083.0,3.1,5.73,310782.5,22791.0,4.71
1997-06,ACT,7261.0,2.5,4.23,310721.5,23368.0,3.68
1997-09,ACT,7199.0,-0.8,4.36,310395.5,23193.0,4.21
1997-12,ACT,7399.0,2.8,7.75,310269.5,23847.0,7.81
1998-03,ACT,7257.0,-1.9,2.46,310653.5,23360.0,2.5
1998-06,ACT,7114.0,-2.0,-2.02,311279.0,22854.0,-2.2
1998-09,ACT,7578.0,6.5,5.26,311632.0,24317.0,4.85
1998-12,ACT,7793.0,2.8,5.33,312016.0,24976.0,4.73
1999-03,ACT,7929.0,1.7,9.26,312883.0,25342.0,8.48
1999-06,ACT,7764.0,-2.1,9.14,313818.5,24740.0,8.25
1999-09,ACT,8001.0,3.1,5.58,314502.0,25440.0,4.62
1999-12,ACT,8251.0,3.1,5.88,315132.0,26183.0,4.83
2000-03,ACT,8423.0,2.1,6.23,316081.0,26648.0,5.15
2000-06,ACT,8448.0,0.3,8.81,316983.0,26651.0,7.72
2000-09,ACT,8317.0,-1.5,3.95,317657.0,26182.0,2.92
2000-12,ACT,8241.0,-0.9,-0.12,318510.0,25874.0,-1.18
2001-03,ACT,8360.0,1.4,-0.75,319733.5,26147.0,-1.88
2001-06,ACT,8490.0,1.6,0.5,321032.0,26446.0,-0.77
2001-09,ACT,8579.0,1.1,3.15,321740.0,26664.0,1.84
2001-12,ACT,8762.0,2.1,6.32,322408.0,27177.0,5.04
2002-03,ACT,8734.0,-0.3,4.47,323530.5,26996.0,3.25
2002-06,ACT,9100.0,4.2,7.18,324407.0,28051.0,6.07
2002-09,ACT,9276.0,1.9,8.12,324941.0,28547.0,7.06
2002-12,ACT,9573.0,3.2,9.26,325602.5,29401.0,8.18
2003-03,ACT,9776.0,2.1,11.93,326516.5,29940.0,10.91
2003-06,ACT,9489.0,-2.9,4.27,327220.0,28999.0,3.38
2003-09,ACT,9852.0,3.8,6.21,327372.0,30094.0,5.42
2003-12,ACT,9826.0,-0.3,2.64,327491.5,30004.0,2.05
2004-03,ACT,9899.0,0.7,1.26,328078.0,30173.0,0.78
2004-06,ACT,10325.0,4.3,8.81,328750.0,31407.0,8.3
2004-09,ACT,10389.0,0.6,5.45,329035.5,31574.0,4.92
2004-12,ACT,10403.0,0.1,5.87,329314.5,31590.0,5.29
2005-03,ACT,10472.0,0.7,5.79,330207.0,31713.0,5.1
2005-06,ACT,10147.0,-3.1,-1.72,331157.5,30641.0,-2.44
2005-09,ACT,10651.0,5.0,2.52,331788.0,32102.0,1.67
2005-12,ACT,10922.0,2.5,4.99,332841.0,32814.0,3.87
2006-03,ACT,10820.0,-0.9,3.32,333902.0,32405.0,2.18
2006-06,ACT,11346.0,4.9,11.82,334734.5,33896.0,10.62
2006-09,ACT,11179.0,-1.5,4.96,335858.5,33285.0,3.69
2006-12,ACT,11429.0,2.2,4.64,337464.0,33867.0,3.21
2007-03,ACT,11323.0,-0.9,4.65,339462.5,33356.0,2.93
2007-06,ACT,11335.0,0.1,-0.1,341594.0,33183.0,-2.1
2007-09,ACT,11305.0,-0.3,1.13,342992.5,32960.0,-0.98
2007-12,ACT,11641.0,3.0,1.85,343758.5,33864.0,-0.01
2008-03,ACT,11635.0,-0.1,2.76,345326.5,33693.0,1.01
2008-06,ACT,11627.0,-0.1,2.58,347422.5,33466.0,0.85
2008-09,ACT,11898.0,2.3,5.25,348955.5,34096.0,3.45
2008-12,ACT,11805.0,-0.8,1.41,350322.0,33698.0,-0.49
2009-03,ACT,11563.0,-2.0,-0.62,352226.0,32828.0,-2.57
2009-06,ACT,11636.0,0.6,0.08,354068.0,32864.0,-1.8
2009-09,ACT,12025.0,3.3,1.07,355547.5,33821.0,-0.81
2009-12,ACT,12213.0,1.6,3.46,357084.5,34202.0,1.5
2010-03,ACT,12235.0,0.2,5.81,359110.0,34070.0,3.78
2010-06,ACT,13284.0,8.6,14.16,361063.5,36791.0,11.95
2010-09,ACT,12451.0,-6.3,3.54,362302.0,34366.0,1.61
2010-12,ACT,12602.0,1.2,3.19,363835.5,34637.0,1.27
2011-03,ACT,13615.0,8.0,11.28,365785.0,37221.0,9.25
2011-06,ACT,13143.0,-3.5,-1.06,367361.0,35777.0,-2.76
2011-09,ACT,13837.0,5.3,11.13,368936.5,37505.0,9.13
2011-12,ACT,14075.0,1.7,11.69,370979.0,37940.0,9.54
2012-03,ACT,13685.0,-2.8,0.51,373461.5,36644.0,-1.55
2012-06,ACT,14189.0,3.7,7.96,375696.0,37767.0,5.56
2012-09,ACT,13492.0,-4.9,-2.49,377562.5,35734.0,-4.72
2012-12,ACT,13911.0,3.1,-1.17,379199.0,36685.0,-3.31
2013-03,ACT,14370.0,3.3,5.01,380947.0,37722.0,2.94
2013-06,ACT,13976.0,-2.7,-1.5,382669.5,36522.0,-3.3
2013-09,ACT,14123.0,1.1,4.68,383973.5,36781.0,2.93
2013-12,ACT,14229.0,0.8,2.29,385504.0,36910.0,0.61
2014-03,ACT,13879.0,-2.5,-3.42,387254.0,35840.0,-4.99
2014-06,ACT,13603.0,-2.0,-2.67,388494.5,35015.0,-4.13
2014-09,ACT,14141.0,4.0,0.13,389726.5,36284.0,-1.35
2014-12,ACT,13942.0,-1.4,-2.02,391317.5,35628.0,-3.47
2015-03,ACT,14425.0,3.5,3.93,393236.0,36683.0,2.35
2015-06,ACT,14416.0,-0.1,5.98,395152.0,36482.0,4.19
2015-09,ACT,14401.0,-0.1,1.84,396676.5,36304.0,0.06
2015-12,ACT,14524.0,0.9,4.17,398207.0,36473.0,2.37
2016-03,ACT,14741.0,1.5,2.19,400273.5,36827.0,0.39
2016-06,ACT,14703.0,-0.3,1.99,402388.5,36539.0,0.16
2016-09,ACT,15020.0,2.2,4.3,404572.0,37126.0,2.26
2016-12,ACT,15157.0,0.9,4.36,407459.0,37199.0,1.99
2017-03,ACT,15392.0,1.6,4.42,410947.5,37455.0,1.71
2017-06,ACT,15391.0,0.0,4.68,414031.5,37174.0,1.74
2017-09,ACT,15558.0,1.1,3.58,416505.0,37354.0,0.61
2017-12,ACT,15763.0,1.3,4.0,419095.0,37612.0,1.11
2018-03,ACT,15681.0,-0.5,1.88,422018.0,37157.0,-0.8
2018-06,ACT,16043.0,2.3,4.24,424945.5,37753.0,1.56
2018-09,ACT,16334.0,1.8,4.99,427249.0,38231.0,2.35
2018-12,ACT,16644.0,1.9,5.59,429587.5,38744.0,3.01
2019-03,ACT,16687.0,0.3,6.42,432279.5,38602.0,3.89
2019-06,ACT,16640.0,-0.3,3.72,434765.5,38274.0,1.38
2019-09,ACT,16758.0,0.7,2.6,437181.5,38332.0,0.26
2019-12,ACT,16921.0,1.0,1.66,439450.0,38505.0,-0.62
2020-03,ACT,17421.0,3.0,4.4,441651.0,39445.0,2.18
2020-06,ACT,17192.0,-1.3,3.32,443969.0,38723.0,1.17
2020-09,ACT,17504.0,1.8,4.45,445326.0,39306.0,2.54
2020-12,ACT,17915.0,2.3,5.87,446699.5,40105.0,4.16
2021-03,ACT,18095.0,1.0,3.87,448611.5,40336.0,2.26
2021-06,ACT,18388.0,1.6,6.96,451040.5,40768.0,5.28
2021-09,ACT,18348.0,-0.2,4.82,452953.0,40508.0,3.06
2021-12,ACT,18645.0,1.6,4.07,454701.5,41005.0,2.24
2022-03,ACT,19135.0,2.6,5.75,457780.5,41800.0,3.63
2022-06,ACT,18945.0,-1.0,3.03,460409.0,41148.0,0.93
2022-09,ACT,19191.0,1.3,4.59,462638.5,41482.0,2.4
2022-12,ACT,19309.0,0.6,3.56,464944.0,41530.0,1.28
2023-03,ACT,19398.0,0.5,1.37,467529.0,41490.0,-0.74
2023-06,ACT,19517.0,0.6,3.02,470262.5,41502.0,0.86
2023-09,ACT,19407.0,-0.6,1.13,472578.5,41066.0,-1.0
2023-12,ACT,19727.0,1.6,2.16,474339.5,41588.0,0.14
2024-03,ACT,19970.0,1.2,2.95,476195.5,41937.0,1.08
2024-06,ACT,20306.0,1.7,4.04,477979.5,42483.0,2.36
2024-09,ACT,20413.0,0.5,5.18,479151.5,42602.0,3.74
2024-12,ACT,20432.0,0.1,3.57,480565.5,42517.0,2.23
2025-03,ACT,20662.0,1.1,3.47,482360.0,42835.0,2.14
2025-06,ACT,20838.0,0.9,2.62,484071.5,43047.0,1.33
2025-09,ACT,21095.0,1.2,3.34,485439.0,43456.0,2.0
2025-12,ACT,21279.0,0.9,4.15,486728.0,43718.0,2.82
2026-03,ACT,20929.0,-1.6,1.29,488463.5,42847.0,0.03
2026-06,ACT,21071.0,0.7,1.12,,,
