card_id,side,speaker,date_said,claim,claim_type,topic,verdict,what_the_data_shows,key_figures,evidence_tables,caveats,claim_source,claim_url,checked_on
LAB-1,Labor,Tony Burke,2026-09-17,"Net overseas migration has fallen to 292,000 in the year to March 2026, 47% below its post-Covid peak",Fact claim,Migration size and trend,Accurate,"ABS: net overseas migration was 292,137 in the year to March 2026, 47% below the peak of 555,798 in the year to September 2023.","{""nom_latest_12m"": 292137.0, ""peak_12m"": 555798.0, ""fall_pct"": 47.4}",tidy/abs_population_quarterly_by_state.csv,,Migration reform to end rorts and bring in the skills Australia needs for a strong economy (media release),https://minister.homeaffairs.gov.au/TonyBurke/Pages/migration-reform-end-rorts-bring-skills-australia-needs-strong-economy.aspx,2026-10-04
LAB-2,Labor,Tony Burke,2026-09-17,"The new changes are designed to bring net overseas migration to 245,000 in 2026-27 and 225,000 in 2027-28",Prediction or promise,Migration size and trend,Too early to tell,"The first ABS figures for 2026-27 (the September quarter 2026) are due in March 2027. For context: NOM was 292,137 in the year to March 2026, and 244,235 in the first 9 months of 2025-26. Treasury's May 2026 Budget forecast for 2025-26 is 295,000.","{""nom_latest_12m"": 292137.0, ""nom_2025_26_so_far"": 244235.0}",tidy/abs_population_quarterly_by_state.csv; tidy/treasury_nom_forecasts.csv,"A forecast, not law; the government says its measures are designed to deliver it",Migration reform to end rorts and bring in the skills Australia needs for a strong economy (media release),https://minister.homeaffairs.gov.au/TonyBurke/Pages/migration-reform-end-rorts-bring-skills-australia-needs-strong-economy.aspx,2026-10-04
LAB-3,Labor,Tanya Plibersek,2026-09-14,The government has tripled the number of skilled visas going to people who work in construction,Fact claim,Skills shortages,Accurate,"Home Affairs: temporary skilled visas granted to main applicants in building and construction jobs rose from 1,546 in 2021-22, the year Labor took office, to 5,045 in 2025-26: 3.3 times as many. The starting year was a pandemic low; in 2018-19 there were 2,781.","{""grants_2018_19"": 2781, ""grants_2021_22"": 1546, ""grants_2025_26"": 5045, ""times"": 3.26}",tidy/skilled_grants_occupation6_national.csv; analysis/named_sectors.csv,"Temporary skilled visas only (subclass 482, 457 and Skills in Demand); permanent skilled visas are not in this count. 'Construction' is our Building and construction sector",'Race to the bottom': One Nation migration plan slammed (AAP),https://aapnews.aap.com.au/news/one-nation-pledges-to-slash-immigration-by-750-000,2026-10-04
LAB-4,Labor,Jim Chalmers,2026-09-17,Net overseas migration has nearly halved from its peak and is falling faster than forecast,Fact claim,Migration size and trend (forecasts),Mostly accurate,"NOM is down 47% from its peak, close to half. The latest 12 months (292,137) are a little below the May 2026 Budget forecast for 2025-26 (295,000), but above the December 2025 forecast (260,000) that it replaced.","{""fall_pct"": 47.4, ""nom_latest_12m"": 292137.0, ""budget_may2026_2025_26"": 295000.0, ""myefo_dec2025_2025_26"": 260000.0}",tidy/abs_population_quarterly_by_state.csv; tidy/treasury_nom_forecasts.csv,2025-26 is not finished; the full-year figure is due in December 2026,"Migration: 17 Sep 2026: House debates (Hansard, Question Time, via OpenAustralia)",https://www.openaustralia.org.au/debates/?id=2026-09-17.56.1&m=667,2026-10-04
COA-1,Coalition,Angus Taylor,2026-05-14,"Since Labor was elected, a record 1.4 million people have come in through migration, about 80% of population growth",Fact claim,Migration size and trend,Accurate,"ABS: NOM added 1,434,149 people from the June quarter 2022 to the September quarter 2025, the latest data when he spoke. That is 80% of population growth (1,799,129). The highest total for any earlier 14 quarters was 917,101. The period began as the borders reopened after Covid, when many students and workers returned.","{""nom"": 1434149.0, ""population_growth"": 1799129.0, ""share_pct"": 79.7, ""previous_high"": 917101.0}",tidy/abs_population_quarterly_by_state.csv,"Counted from the June quarter 2022, when Labor took office (23 May 2022)",Budget Address in Reply (Liberal Party transcript),https://www.liberal.org.au/2026/05/14/budget-address-in-reply,2026-10-04
COA-2,Coalition,Angus Taylor,2026-05-14,"Under Labor, Australia has had the worst fall in living standards of any developed country",Fact claim,Economy (international comparison),Can't test with our data,Testing it needs: OECD comparisons of real household disposable income per person (we hold GDP per person for four countries only).,{},,Not a judgement on the claim,Budget Address in Reply (Liberal Party transcript),https://www.liberal.org.au/2026/05/14/budget-address-in-reply,2026-10-04
COA-3,Coalition,Andrew Bragg,2026-09-16,"About 1.5 million people have come into Australia under Labor, against about 500,000 new homes",Fact claim,Housing,Partly accurate,"People: ABS NOM was 1,490,281 from the June quarter 2022 to the December quarter 2025, close to 1.5 million. Homes: the ABS counts 665,890 homes completed over the same period, 33% more than 500,000. Counting births minus deaths too, the population grew by 1,877,286, or 2.8 people per home completed; the average household is 2.5 people (Census 2021).","{""nom"": 1490281.0, ""homes_completed"": 665890.0, ""population_growth"": 1877286.0, ""people_per_home_completed"": 2.82}",tidy/abs_population_quarterly_by_state.csv; tidy/abs_dwellings_commenced_completed_by_state.csv,Completions are gross: homes knocked down are not subtracted,"Migration: 16 Sep 2026: Senate debates (Hansard, via OpenAustralia)",https://www.openaustralia.org.au/senate/?id=2026-09-16.179.1&m=100967,2026-10-04
COA-4,Coalition,Angus Taylor and Jonathon Duniam,2026-04-15,"Net permanent and long-term arrivals were 479,000 in the year to February 2026, and have run at 400,000 to 500,000 a year under Labor",Fact claim,Migration size and trend,Can't test with our data,"This figure uses a different measure (intended stays). NOM, the official measure of how many people stay, was 292,137 in the year to March 2026. Testing it needs: ABS Overseas Arrivals and Departures (permanent and long-term movements), which counts intended stays.","{""nom_latest_12m"": 292137.0}",,Not a judgement on the claim,Migration numbers explode under Labor as standards slip (Liberal Party release),https://www.liberal.org.au/2026/04/15/migration-numbers-explode-under-labor-as-standards-slip,2026-10-04
ONP-1,One Nation,Pauline Hanson,2026-09-16,Labor has added 1.6 million people to Australia's population since taking office in 2022,Fact claim,Migration size and trend,Mostly accurate,"Migration added 1,490,281 people from the June quarter 2022 to the December quarter 2025 (the latest data when she spoke) and 1,591,286 to March 2026. Counting births minus deaths too, the population grew by 2,008,173 over that time. So 1.6 million is about right for migration alone, and short of total growth.","{""nom_to_dec_2025"": 1490281.0, ""nom_to_latest"": 1591286.0, ""population_growth_to_latest"": 2008173.0}",tidy/abs_population_quarterly_by_state.csv,The claim does not say whether it means migration or all population growth,"Migration: 16 Sep 2026: Senate debates (Hansard, via OpenAustralia)",https://www.openaustralia.org.au/senate/?id=2026-09-16.179.1&m=100904,2026-10-04
ONP-2,One Nation,Pauline Hanson,2026-08-23,"Since taking office, Labor has repeatedly overshot its own net migration forecasts",Fact claim,Migration size and trend (forecasts),Accurate,"Each year's outcome came in above the government's first Budget forecast for it. 2022-23: 538,341 against 235,000 (October 2022 Budget); 2023-24: 429,162 against 315,000 (May 2023 Budget); 2024-25: 301,572 against 260,000 (May 2024 Budget). The gap has narrowed each year.","{""2022-23"": {""forecast"": 235000.0, ""outcome"": 538341.0}, ""2023-24"": {""forecast"": 315000.0, ""outcome"": 429162.0}, ""2024-25"": {""forecast"": 260000.0, ""outcome"": 301572.0}}",tidy/treasury_nom_forecasts.csv; tidy/abs_population_quarterly_by_state.csv,The forecasts are Treasury's. The 2022-23 gap came as international borders reopened,"Social media post, as reported by ABC News: Hanson intervenes after One Nation MP says migration plan 'not too different' to Labor",https://www.abc.net.au/news/2026-08-23/one-nation-migration-rates-similar-labor/107068282,2026-10-04
ONP-3,One Nation,Sean Bell,2026-09-16,"Almost four in five temporary residents live in capital cities, half of them in Sydney and Melbourne",Fact claim,Temporary visas,Can't test with our data,"Testing it needs: ABS 'Temporary visa holders in Australia' (Census-linked), by capital city.",{},,Not a judgement on the claim,"Migration: 16 Sep 2026: Senate debates (Hansard, via OpenAustralia)",https://www.openaustralia.org.au/senate/?id=2026-09-16.179.1&m=100967,2026-10-04
ONP-4,One Nation,One Nation (party),2026-09-15,"A One Nation government would cut temporary visas by 750,000, giving net negative migration for three years, then cap net migration at 130,000 a year",Prediction or promise,Migration size; temporary visas,Plan (what it implies),"Home Affairs counted 2,878,973 temporary visa holders on 31 August 2026, so 750,000 is about 26% of them. If all 766,000 in the party's own breakdown left over three years, about 255,333 more people would leave than arrive each year. The lowest year since the First World War was 2020-21, with the borders closed, when 84,935 more people left than arrived.","{""temporary_visa_holders"": 2878973.0, ""snapshot"": ""2026-08-31"", ""implied_nom_per_year_if_all_leave"": -255333.0, ""record_low_nom"": -84935.0}",tidy/bp0019_temporary_visa_holders.csv; analysis/scenario_nom_paths.csv; analysis/population_long_run_australia.csv,"Temporary visa holders include visitors and New Zealanders on Special Category visas, who are not in the party's targeted groups","One Nation's Immigration Plan: Cut 750,000 Temporary Visas and Cap Migration",https://www.onenation.org.au/immigration-radical-reset,2026-10-04
GRN-1,Greens,David Shoebridge,2026-09-17,"Twice as many people are on bridging visas now as three years ago, which he attributes to Labor policy",Fact claim,Temporary visas,Accurate,"Home Affairs: 440,571 people held bridging visas on 31 August 2026, against 191,235 on 30 September 2023: 2.3 times as many, so more than double. The data does not show why; his explanation is not tested here.","{""bridging_then"": 191235, ""bridging_now"": 440571, ""times"": 2.3}",tidy/bp0019_temporary_visa_holders.csv,"Bridging visas cover people waiting on a decision, including appeals and onshore applications",Labor's migration policy a bumbling return to Abbott era (Greens media release),https://greens.org.au/news/media-release/labors-migration-policy-bumbling-return-abbott-era,2026-10-04
GRN-2,Greens,Australian Greens (party),2026-09-17,"Partner visa waiting times have doubled in recent years to 40 months, and parent visas now take 30 years",Fact claim,Visa processing,Can't test with our data,Testing it needs: Home Affairs processing times by visa subclass over several years (its online tool shows only current times).,{},,Not a judgement on the claim,Labor's migration policy a bumbling return to Abbott era (Greens media release),https://greens.org.au/news/media-release/labors-migration-policy-bumbling-return-abbott-era,2026-10-04
BUS-1,Business,Melissa Byrne (Master Builders Australia),2026-09-18,"About 7,040 skilled visa holders were working in core construction trades as at September 2025",Fact claim,Skills shortages,Mostly accurate,"Home Affairs: 6,594 main applicants on temporary skilled visas were in construction and electrical trades at 30 September 2025, close to 7,040 (their list of core trades may differ a little). That is about 11 for every 1,000 people working in those trades.","{""holders_30_sep_2025"": 6594.0, ""workers_may_2025"": 610161.0}",tidy/skilled_holders_occupation6_national.csv; analysis/occupation_skills_national.csv,Our count covers ANZSCO construction trades (33) and electricians (341),Opening Statement: Inquiry into the value of skilled migration to Australia (Master Builders),https://masterbuilders.com.au/opening-statement-inquiry-into-the-value-of-skilled-migration-to-australia/,2026-10-04
BUS-2,Business,Luke Sheehy (Universities Australia),2026-05-15,International students make up about 6% of Australia's rental market,Fact claim,Housing; students,Can't test with our data,"Testing it needs: ABS Census housing tenure for temporary visa holders, and the study the release cites.",{},,Not a judgement on the claim,International students not low-hanging fruit in race to the bottom (media release),https://universitiesaustralia.edu.au/media-item/international-students-not-low-hanging-fruit-in-race-to-the-bottom/,2026-10-04
BUS-3,Business,Andrew McKellar (ACCI),2026-09-14,"Major cuts to skilled migration would damage the economy, hit the federal budget and weaken the capacity to provide services and lift living standards",Prediction or promise,Economy and budget,Mostly accurate,"Published estimates back the budget point: Treasury (2021) put each skilled primary applicant's lifetime contribution at about $415,000 (net present value, 2018-19 dollars). The 2026 Intergenerational Report, as reported, found that 185,000 a year instead of 235,000 leaves GDP per person only about $400 lower by 2065-66, with gross debt about 4.8 points of GDP higher. So the budget effect is clear; the effect on living standards per person is small.","{""treasury_skill_primary_npv"": 415000.0, ""igr_gdp_per_person_2065"": -400.0, ""igr_debt_pp"": 4.8}",tidy/research_economic_effects.csv,Other researchers' estimates under their own assumptions. Check the IGR figures against its Appendix A4,'Race to the bottom': One Nation migration plan slammed (AAP),https://aapnews.aap.com.au/news/one-nation-pledges-to-slash-immigration-by-750-000,2026-10-04
UNI-1,Union,Australian Workers' Union,2025-10-13,Pacific Australia Labour Mobility (PALM) workers make up about 6% of agricultural workers and nearly a third of meat processing workers,Fact claim,Jobs and wages,Can't test with our data,"Testing it needs: Department of Employment PALM scheme data by industry, against ABS Labour Force employment.",{},,Not a judgement on the claim,Government must not miss PALM reform opportunity: AWU (media release),https://awu.net.au/national/news/2025/10/23179/government-must-not-miss-palm-reform-opportunity-awu/,2026-10-04
UNI-2,Union,ACTU,2025-12-20,"Some employers game the system, using temporary migration as cheap labour instead of training local workers",Fact claim (qualitative),Training,Can't test with our data,"Counts can't show why employers sponsor visas or whether visas replace training. For scale, temporary skilled visa grants to main applicants (2025-26) and apprentice and trainee completions (year to March 2026) were: hospitality and food: 9,456 visas against 5,440 completions; building and construction: 5,045 visas against 32,235 completions; mechanics and metal trades: 7,750 visas against 15,105 completions.","{""hospitality"": {""visa_grants"": 9456, ""apprentice_completions"": 5440}, ""construction"": {""visa_grants"": 5045, ""apprentice_completions"": 32235}, ""mechanics_metal"": {""visa_grants"": 7750, ""apprentice_completions"": 15105}}",analysis/named_sector_summary_national.csv,Testing the claim would need employer-level data on sponsorship and training,Inquiry into the Value of Skilled Migration to Australia (ACTU submission),https://www.actu.org.au/policy/inquiry-into-the-value-of-skilled-migration-to-australia/,2026-10-04
