country,country_code,year,gdp_per_capita_usd_2015,gdp_per_capita_growth_pct,population,population_growth_pct
Australia,AUS,1960,19957.0,,10276477.0,
Australia,AUS,1961,20049.0,0.46,10483000.0,2.01
Australia,AUS,1962,19820.0,-1.15,10742000.0,2.47
Australia,AUS,1963,20651.0,4.2,10950000.0,1.94
Australia,AUS,1964,21663.0,4.9,11167000.0,1.98
Australia,AUS,1965,22512.0,3.92,11388000.0,1.98
Australia,AUS,1966,22528.0,0.07,11651000.0,2.31
Australia,AUS,1967,23649.0,4.97,11799000.0,1.27
Australia,AUS,1968,24419.0,3.26,12009000.0,1.78
Australia,AUS,1969,25598.0,4.83,12263000.0,2.12
Australia,AUS,1970,26900.0,5.08,12507000.0,1.99
Australia,AUS,1971,27046.0,0.54,12937000.0,3.44
Australia,AUS,1972,27591.0,2.01,13177000.0,1.86
Australia,AUS,1973,27884.0,1.06,13380000.0,1.54
Australia,AUS,1974,28303.0,1.5,13723000.0,2.56
Australia,AUS,1975,28331.0,0.1,13893000.0,1.24
Australia,AUS,1976,28775.0,1.56,14033000.0,1.01
Australia,AUS,1977,29474.0,2.43,14192000.0,1.13
Australia,AUS,1978,29394.0,-0.27,14358000.0,1.17
Australia,AUS,1979,30257.0,2.93,14514000.0,1.09
Australia,AUS,1980,30797.0,1.79,14692000.0,1.23
Australia,AUS,1981,31333.0,1.74,14923260.0,1.57
Australia,AUS,1982,31820.0,1.55,15184247.0,1.75
Australia,AUS,1983,30689.0,-3.55,15393472.0,1.38
Australia,AUS,1984,31706.0,3.32,15579391.0,1.21
Australia,AUS,1985,32939.0,3.89,15788312.0,1.34
Australia,AUS,1986,33755.0,2.48,16018350.0,1.46
Australia,AUS,1987,34096.0,1.01,16263874.0,1.53
Australia,AUS,1988,35475.0,4.05,16532164.0,1.65
Australia,AUS,1989,36232.0,2.14,16814416.0,1.71
Australia,AUS,1990,36975.0,2.05,17065128.0,1.49
Australia,AUS,1991,36367.0,-1.65,17284036.0,1.28
Australia,AUS,1992,36118.0,-0.69,17478635.0,1.13
Australia,AUS,1993,37246.0,3.12,17634808.0,0.89
Australia,AUS,1994,38357.0,2.98,17805468.0,0.97
Australia,AUS,1995,39408.0,2.74,18004882.0,1.12
Australia,AUS,1996,40437.0,2.61,18224767.0,1.22
Australia,AUS,1997,41569.0,2.8,18423037.0,1.09
Australia,AUS,1998,43082.0,3.64,18607584.0,1.0
Australia,AUS,1999,44756.0,3.89,18812264.0,1.1
Australia,AUS,2000,45979.0,2.73,19028802.0,1.15
Australia,AUS,2001,46315.0,0.73,19274701.0,1.29
Australia,AUS,2002,47599.0,2.77,19495210.0,1.14
Australia,AUS,2003,48510.0,1.91,19720737.0,1.16
Australia,AUS,2004,50019.0,3.11,19932722.0,1.07
Australia,AUS,2005,50973.0,1.91,20176844.0,1.22
Australia,AUS,2006,51683.0,1.39,20450966.0,1.36
Australia,AUS,2007,52671.0,1.91,20827622.0,1.84
Australia,AUS,2008,53497.0,1.57,21249199.0,2.02
Australia,AUS,2009,53431.0,-0.12,21691653.0,2.08
Australia,AUS,2010,53768.0,0.63,22031750.0,1.57
Australia,AUS,2011,54296.0,0.98,22340024.0,1.4
Australia,AUS,2012,55465.0,2.15,22733465.0,1.76
Australia,AUS,2013,55966.0,0.9,23128129.0,1.74
Australia,AUS,2014,56572.0,1.08,23475686.0,1.5
Australia,AUS,2015,56970.0,0.7,23815995.0,1.45
Australia,AUS,2016,57633.0,1.16,24190907.0,1.57
Australia,AUS,2017,57992.0,0.62,24592588.0,1.66
Australia,AUS,2018,58773.0,1.35,24963258.0,1.51
Australia,AUS,2019,59181.0,0.7,25334826.0,1.49
Australia,AUS,2020,58378.0,-1.36,25649248.0,1.24
Australia,AUS,2021,59466.0,1.86,25685412.0,0.14
Australia,AUS,2022,61200.0,2.92,26018721.0,1.3
Australia,AUS,2023,61869.0,1.09,26659922.0,2.46
Australia,AUS,2024,61486.0,-0.62,27194286.0,2.0
Australia,AUS,2025,61369.0,-0.19,27614411.0,1.54
Canada,CAN,1960,15432.0,,17909356.0,
Canada,CAN,1961,15606.0,1.12,18271000.0,2.02
Canada,CAN,1962,16456.0,5.45,18614000.0,1.88
Canada,CAN,1963,17008.0,3.35,18964000.0,1.88
Canada,CAN,1964,17801.0,4.66,19325000.0,1.9
Canada,CAN,1965,18586.0,4.41,19678000.0,1.83
Canada,CAN,1966,19476.0,4.79,20048000.0,1.88
Canada,CAN,1967,19715.0,1.23,20412000.0,1.82
Canada,CAN,1968,20371.0,3.33,20744000.0,1.63
Canada,CAN,1969,21114.0,3.65,21028000.0,1.37
Canada,CAN,1970,21429.0,1.49,21324000.0,1.41
Canada,CAN,1971,21643.0,1.0,21962032.0,2.99
Canada,CAN,1972,22574.0,4.3,22218463.0,1.17
Canada,CAN,1973,23800.0,5.43,22491777.0,1.23
Canada,CAN,1974,24258.0,1.92,22807969.0,1.41
Canada,CAN,1975,24276.0,0.07,23143275.0,1.47
Canada,CAN,1976,25369.0,4.51,23449808.0,1.32
Canada,CAN,1977,25961.0,2.33,23725843.0,1.18
Canada,CAN,1978,26664.0,2.71,23963203.0,1.0
Canada,CAN,1979,27385.0,2.7,24201544.0,0.99
Canada,CAN,1980,27622.0,0.87,24515667.0,1.3
Canada,CAN,1981,28216.0,2.15,24819915.0,1.24
Canada,CAN,1982,26999.0,-4.31,25116942.0,1.2
Canada,CAN,1983,27419.0,1.55,25366451.0,0.99
Canada,CAN,1984,28763.0,4.9,25607053.0,0.95
Canada,CAN,1985,29852.0,3.78,25842116.0,0.92
Canada,CAN,1986,30183.0,1.11,26100278.0,1.0
Canada,CAN,1987,31001.0,2.71,26446601.0,1.33
Canada,CAN,1988,31952.0,3.07,26791747.0,1.31
Canada,CAN,1989,32117.0,0.52,27276781.0,1.81
Canada,CAN,1990,31701.0,-1.3,27691138.0,1.52
Canada,CAN,1991,30654.0,-3.3,28037420.0,1.25
Canada,CAN,1992,30563.0,-0.3,28371264.0,1.19
Canada,CAN,1993,31033.0,1.54,28684764.0,1.1
Canada,CAN,1994,32074.0,3.36,29000663.0,1.1
Canada,CAN,1995,32595.0,1.63,29302311.0,1.04
Canada,CAN,1996,32801.0,0.63,29610218.0,1.05
Canada,CAN,1997,33867.0,3.25,29905948.0,1.0
Canada,CAN,1998,34895.0,3.03,30155173.0,0.83
Canada,CAN,1999,36392.0,4.29,30401286.0,0.82
Canada,CAN,2000,37907.0,4.16,30685730.0,0.94
Canada,CAN,2001,38200.0,0.77,31020855.0,1.09
Canada,CAN,2002,38922.0,1.89,31359199.0,1.09
Canada,CAN,2003,39270.0,0.9,31642461.0,0.9
Canada,CAN,2004,40109.0,2.14,31938807.0,0.94
Canada,CAN,2005,41006.0,2.24,32242732.0,0.95
Canada,CAN,2006,41664.0,1.6,32571193.0,1.02
Canada,CAN,2007,42107.0,1.06,32888886.0,0.98
Canada,CAN,2008,42068.0,-0.09,33247298.0,1.09
Canada,CAN,2009,40376.0,-4.02,33630069.0,1.15
Canada,CAN,2010,41164.0,1.95,34005902.0,1.12
Canada,CAN,2011,42044.0,2.14,34339221.0,0.98
Canada,CAN,2012,42321.0,0.66,34713395.0,1.09
Canada,CAN,2013,42851.0,1.25,35080992.0,1.06
Canada,CAN,2014,43643.0,1.85,35434066.0,1.01
Canada,CAN,2015,43594.0,-0.11,35704498.0,0.76
Canada,CAN,2016,43551.0,-0.1,36110803.0,1.14
Canada,CAN,2017,44339.0,1.81,36545075.0,1.2
Canada,CAN,2018,44907.0,1.28,37072620.0,1.44
Canada,CAN,2019,45100.0,0.43,37618495.0,1.47
Canada,CAN,2020,42366.0,-6.06,38028638.0,1.09
Canada,CAN,2021,44639.0,5.37,38239864.0,0.56
Canada,CAN,2022,45883.0,2.79,38950132.0,1.86
Canada,CAN,2023,45496.0,-0.84,40049088.0,2.82
Canada,CAN,2024,45061.0,-0.95,41262329.0,3.03
Canada,CAN,2025,45418.0,0.79,41651653.0,0.94
United Kingdom,GBR,1960,15324.0,,52400000.0,
United Kingdom,GBR,1961,15618.0,1.92,52800000.0,0.76
United Kingdom,GBR,1962,15657.0,0.24,53250000.0,0.85
United Kingdom,GBR,1963,16295.0,4.08,53650000.0,0.75
United Kingdom,GBR,1964,17095.0,4.91,54000000.0,0.65
United Kingdom,GBR,1965,17347.0,1.48,54348050.0,0.64
United Kingdom,GBR,1966,17522.0,1.01,54648500.0,0.55
United Kingdom,GBR,1967,17912.0,2.22,54943600.0,0.54
United Kingdom,GBR,1968,18801.0,4.96,55211700.0,0.49
United Kingdom,GBR,1969,19086.0,1.52,55441750.0,0.42
United Kingdom,GBR,1970,19525.0,2.3,55663250.0,0.4
United Kingdom,GBR,1971,19833.0,1.58,55896223.0,0.42
United Kingdom,GBR,1972,20483.0,3.28,56086065.0,0.34
United Kingdom,GBR,1973,21938.0,7.11,56194527.0,0.19
United Kingdom,GBR,1974,21556.0,-1.74,56229974.0,0.06
United Kingdom,GBR,1975,21412.0,-0.67,56225800.0,-0.01
United Kingdom,GBR,1976,22018.0,2.83,56211968.0,-0.02
United Kingdom,GBR,1977,22546.0,2.4,56193492.0,-0.03
United Kingdom,GBR,1978,23312.0,3.4,56196504.0,0.01
United Kingdom,GBR,1979,23930.0,2.65,56246951.0,0.09
United Kingdom,GBR,1980,23381.0,-2.3,56314216.0,0.12
United Kingdom,GBR,1981,23064.0,-1.36,56333829.0,0.03
United Kingdom,GBR,1982,23555.0,2.13,56313641.0,-0.04
United Kingdom,GBR,1983,24400.0,3.59,56332848.0,0.03
United Kingdom,GBR,1984,25012.0,2.51,56422072.0,0.16
United Kingdom,GBR,1985,25854.0,3.36,56550268.0,0.23
United Kingdom,GBR,1986,26829.0,3.77,56681396.0,0.23
United Kingdom,GBR,1987,27993.0,4.34,56802050.0,0.21
United Kingdom,GBR,1988,29337.0,4.8,56928327.0,0.22
United Kingdom,GBR,1989,29928.0,2.02,57076711.0,0.26
United Kingdom,GBR,1990,30071.0,0.48,57247586.0,0.3
United Kingdom,GBR,1991,29591.0,-1.6,57424897.0,0.31
United Kingdom,GBR,1992,29893.0,1.02,57580402.0,0.27
United Kingdom,GBR,1993,30862.0,3.24,57718614.0,0.24
United Kingdom,GBR,1994,32309.0,4.69,57865745.0,0.25
United Kingdom,GBR,1995,33362.0,3.26,58019030.0,0.26
United Kingdom,GBR,1996,34147.0,2.35,58166950.0,0.25
United Kingdom,GBR,1997,35722.0,4.61,58316954.0,0.26
United Kingdom,GBR,1998,36774.0,2.95,58487141.0,0.29
United Kingdom,GBR,1999,37731.0,2.6,58682466.0,0.33
United Kingdom,GBR,2000,39297.0,4.15,58892514.0,0.36
United Kingdom,GBR,2001,40082.0,2.0,59119673.0,0.39
United Kingdom,GBR,2002,40595.0,1.28,59370479.0,0.42
United Kingdom,GBR,2003,41707.0,2.74,59647577.0,0.47
United Kingdom,GBR,2004,42435.0,1.75,59987905.0,0.57
United Kingdom,GBR,2005,43321.0,2.09,60401206.0,0.69
United Kingdom,GBR,2006,43945.0,1.44,60846820.0,0.74
United Kingdom,GBR,2007,44882.0,2.13,61322463.0,0.78
United Kingdom,GBR,2008,44508.0,-0.83,61806995.0,0.79
United Kingdom,GBR,2009,42147.0,-5.31,62276270.0,0.76
United Kingdom,GBR,2010,42763.0,1.46,62766365.0,0.79
United Kingdom,GBR,2011,42791.0,0.07,63258810.0,0.78
United Kingdom,GBR,2012,43137.0,0.81,63711000.0,0.71
United Kingdom,GBR,2013,43586.0,1.04,64138000.0,0.67
United Kingdom,GBR,2014,44629.0,2.39,64619000.0,0.75
United Kingdom,GBR,2015,45256.0,1.41,65087000.0,0.72
United Kingdom,GBR,2016,45889.0,1.4,65606000.0,0.8
United Kingdom,GBR,2017,47019.0,2.46,65964000.0,0.55
United Kingdom,GBR,2018,47516.0,1.06,66287000.0,0.49
United Kingdom,GBR,2019,47867.0,0.74,66628000.0,0.51
United Kingdom,GBR,2020,42985.0,-10.2,66740000.0,0.17
United Kingdom,GBR,2021,46492.0,8.16,66978000.0,0.36
United Kingdom,GBR,2022,48410.0,4.13,67636000.0,0.98
United Kingdom,GBR,2023,47911.0,-1.03,68526000.0,1.32
United Kingdom,GBR,2024,47901.0,-0.02,69281000.0,1.1
United Kingdom,GBR,2025,48422.0,1.09,69487000.0,0.3
United States,USA,1960,18992.0,,180671000.0,
United States,USA,1961,19109.0,0.62,183691000.0,1.67
United States,USA,1962,19965.0,4.48,186538000.0,1.55
United States,USA,1963,20546.0,2.91,189242000.0,1.45
United States,USA,1964,21438.0,4.34,191889000.0,1.4
United States,USA,1965,22526.0,5.08,194303000.0,1.26
United States,USA,1966,23715.0,5.28,196560000.0,1.16
United States,USA,1967,24045.0,1.39,198712000.0,1.09
United States,USA,1968,24948.0,3.76,200706000.0,1.0
United States,USA,1969,25472.0,2.1,202677000.0,0.98
United States,USA,1970,25231.0,-0.94,205052000.0,1.17
United States,USA,1971,25734.0,1.99,207661000.0,1.27
United States,USA,1972,26799.0,4.13,209896000.0,1.08
United States,USA,1973,28043.0,4.64,211909000.0,0.96
United States,USA,1974,27637.0,-1.45,213854000.0,0.92
United States,USA,1975,27310.0,-1.18,215973000.0,0.99
United States,USA,1976,28509.0,4.39,218035000.0,0.95
United States,USA,1977,29529.0,3.58,220239000.0,1.01
United States,USA,1978,30835.0,4.42,222585000.0,1.07
United States,USA,1979,31462.0,2.03,225055000.0,1.11
United States,USA,1980,31082.0,-1.21,227225000.0,0.96
United States,USA,1981,31559.0,1.54,229466000.0,0.99
United States,USA,1982,30696.0,-2.73,231664000.0,0.96
United States,USA,1983,31811.0,3.63,233792000.0,0.92
United States,USA,1984,33819.0,6.31,235825000.0,0.87
United States,USA,1985,34918.0,3.25,237924000.0,0.89
United States,USA,1986,35795.0,2.51,240133000.0,0.93
United States,USA,1987,36702.0,2.53,242289000.0,0.9
United States,USA,1988,37889.0,3.24,244499000.0,0.91
United States,USA,1989,38912.0,2.7,246819000.0,0.95
United States,USA,1990,39200.0,0.74,249623000.0,1.14
United States,USA,1991,38638.0,-1.43,252981000.0,1.35
United States,USA,1992,39448.0,2.1,256514000.0,1.4
United States,USA,1993,40002.0,1.41,259919000.0,1.33
United States,USA,1994,41107.0,2.76,263126000.0,1.23
United States,USA,1995,41711.0,1.47,266278000.0,1.2
United States,USA,1996,42784.0,2.57,269394000.0,1.17
United States,USA,1997,44152.0,3.2,272657000.0,1.21
United States,USA,1998,45596.0,3.27,275854000.0,1.17
United States,USA,1999,47234.0,3.59,279040000.0,1.15
United States,USA,2000,48616.0,2.93,282162411.0,1.12
United States,USA,2001,48597.0,-0.04,284968955.0,0.99
United States,USA,2002,48967.0,0.76,287625193.0,0.93
United States,USA,2003,49906.0,1.92,290107933.0,0.86
United States,USA,2004,51348.0,2.89,292805298.0,0.93
United States,USA,2005,52650.0,2.53,295516599.0,0.93
United States,USA,2006,53596.0,1.8,298379912.0,0.97
United States,USA,2007,54153.0,1.04,301231207.0,0.96
United States,USA,2008,53704.0,-0.83,304093966.0,0.95
United States,USA,2009,51864.0,-3.43,306771529.0,0.88
United States,USA,2010,52813.0,1.83,309378227.0,0.85
United States,USA,2011,53216.0,0.76,311839461.0,0.8
United States,USA,2012,54001.0,1.48,314339099.0,0.8
United States,USA,2013,54729.0,1.35,316726282.0,0.76
United States,USA,2014,55665.0,1.71,319257560.0,0.8
United States,USA,2015,56849.0,2.13,321815121.0,0.8
United States,USA,2016,57431.0,1.02,324353340.0,0.79
United States,USA,2017,58436.0,1.75,326608609.0,0.7
United States,USA,2018,59818.0,2.36,328529577.0,0.59
United States,USA,2019,61048.0,2.06,330226227.0,0.52
United States,USA,2020,59534.0,-2.48,331578104.0,0.41
United States,USA,2021,63097.0,5.99,332100166.0,0.16
United States,USA,2022,64322.0,1.94,333996304.0,0.57
United States,USA,2023,65667.0,2.09,336755052.0,0.83
United States,USA,2024,66857.0,1.81,340003797.0,0.96
United States,USA,2025,67946.0,1.63,341784857.0,0.52
