sector_id,sector_name,anzsic_division,industry,industry_plain_name,share_of_sector_pct,employed_est,share_of_industry_pct
nurses,Nurses and midwives,A,"Agriculture, Forestry and Fishing","Farming, forestry and fishing",0.0,0,0.0
nurses,Nurses and midwives,B,Mining,Mining,0.0,22,0.0
nurses,Nurses and midwives,C,Manufacturing,Manufacturing,0.0,21,0.0
nurses,Nurses and midwives,D,"Electricity, Gas, Water and Waste Services","Electricity, gas, water and waste",0.0,0,0.0
nurses,Nurses and midwives,E,Construction,Construction,0.0,16,0.0
nurses,Nurses and midwives,F,Wholesale Trade,Wholesale trade,0.0,81,0.0
nurses,Nurses and midwives,G,Retail Trade,Retail trade,0.0,16,0.0
nurses,Nurses and midwives,H,Accommodation and Food Services,"Hotels, cafes and restaurants",0.0,16,0.0
nurses,Nurses and midwives,I,"Transport, Postal and Warehousing","Transport, post and warehousing",0.0,5,0.0
nurses,Nurses and midwives,J,Information Media and Telecommunications,Media and telecommunications,0.0,0,0.0
nurses,Nurses and midwives,K,Financial and Insurance Services,Finance and insurance,0.2,822,0.1
nurses,Nurses and midwives,L,"Rental, Hiring and Real Estate Services","Rental, hiring and real estate",0.0,5,0.0
nurses,Nurses and midwives,M,"Professional, Scientific and Technical Services",Professional and technical services,0.2,831,0.1
nurses,Nurses and midwives,N,Administrative and Support Services,Admin and support services,1.1,4755,1.0
nurses,Nurses and midwives,O,Public Administration and Safety,Government and public safety,2.0,8620,0.9
nurses,Nurses and midwives,P,Education and Training,Education and training,0.9,3839,0.3
nurses,Nurses and midwives,Q,Health Care and Social Assistance,Health care and social assistance,93.9,413575,18.1
nurses,Nurses and midwives,R,Arts and Recreation Services,"Arts, sport and recreation",0.0,16,0.0
nurses,Nurses and midwives,S,Other Services,"Repairs, personal and other services",0.4,1684,0.3
nurses,Nurses and midwives,,Not published (small numbers),Not published (small numbers),1.4,6261,
doctors,Doctors,A,"Agriculture, Forestry and Fishing","Farming, forestry and fishing",0.0,0,0.0
doctors,Doctors,B,Mining,Mining,0.0,0,0.0
doctors,Doctors,C,Manufacturing,Manufacturing,0.1,79,0.0
doctors,Doctors,D,"Electricity, Gas, Water and Waste Services","Electricity, gas, water and waste",0.0,0,0.0
doctors,Doctors,E,Construction,Construction,0.0,0,0.0
doctors,Doctors,F,Wholesale Trade,Wholesale trade,0.1,188,0.1
doctors,Doctors,G,Retail Trade,Retail trade,0.0,0,0.0
doctors,Doctors,H,Accommodation and Food Services,"Hotels, cafes and restaurants",0.0,0,0.0
doctors,Doctors,I,"Transport, Postal and Warehousing","Transport, post and warehousing",0.0,0,0.0
doctors,Doctors,J,Information Media and Telecommunications,Media and telecommunications,0.0,0,0.0
doctors,Doctors,K,Financial and Insurance Services,Finance and insurance,0.1,113,0.0
doctors,Doctors,L,"Rental, Hiring and Real Estate Services","Rental, hiring and real estate",0.0,0,0.0
doctors,Doctors,M,"Professional, Scientific and Technical Services",Professional and technical services,0.4,545,0.0
doctors,Doctors,N,Administrative and Support Services,Admin and support services,0.1,181,0.0
doctors,Doctors,O,Public Administration and Safety,Government and public safety,1.1,1730,0.2
doctors,Doctors,P,Education and Training,Education and training,0.4,639,0.0
doctors,Doctors,Q,Health Care and Social Assistance,Health care and social assistance,96.6,148795,6.5
doctors,Doctors,R,Arts and Recreation Services,"Arts, sport and recreation",0.0,0,0.0
doctors,Doctors,S,Other Services,"Repairs, personal and other services",0.2,306,0.1
doctors,Doctors,,Not published (small numbers),Not published (small numbers),0.9,1414,
other_health,Other health workers,A,"Agriculture, Forestry and Fishing","Farming, forestry and fishing",0.0,109,0.0
other_health,Other health workers,B,Mining,Mining,0.1,396,0.1
other_health,Other health workers,C,Manufacturing,Manufacturing,1.1,5481,0.7
other_health,Other health workers,D,"Electricity, Gas, Water and Waste Services","Electricity, gas, water and waste",0.0,68,0.0
other_health,Other health workers,E,Construction,Construction,0.0,202,0.0
other_health,Other health workers,F,Wholesale Trade,Wholesale trade,0.4,2229,0.6
other_health,Other health workers,G,Retail Trade,Retail trade,7.2,36363,2.9
other_health,Other health workers,H,Accommodation and Food Services,"Hotels, cafes and restaurants",0.1,519,0.1
other_health,Other health workers,I,"Transport, Postal and Warehousing","Transport, post and warehousing",0.1,475,0.1
other_health,Other health workers,J,Information Media and Telecommunications,Media and telecommunications,0.0,0,0.0
other_health,Other health workers,K,Financial and Insurance Services,Finance and insurance,0.3,1359,0.2
other_health,Other health workers,L,"Rental, Hiring and Real Estate Services","Rental, hiring and real estate",0.0,85,0.0
other_health,Other health workers,M,"Professional, Scientific and Technical Services",Professional and technical services,2.2,11106,0.9
other_health,Other health workers,N,Administrative and Support Services,Admin and support services,0.6,3018,0.6
other_health,Other health workers,O,Public Administration and Safety,Government and public safety,2.1,10402,1.1
other_health,Other health workers,P,Education and Training,Education and training,4.3,21637,1.7
other_health,Other health workers,Q,Health Care and Social Assistance,Health care and social assistance,79.0,397766,17.4
other_health,Other health workers,R,Arts and Recreation Services,"Arts, sport and recreation",0.2,948,0.4
other_health,Other health workers,S,Other Services,"Repairs, personal and other services",0.9,4524,0.9
other_health,Other health workers,,Not published (small numbers),Not published (small numbers),1.4,6974,
aged_disability,Aged and disability care,A,"Agriculture, Forestry and Fishing","Farming, forestry and fishing",0.0,0,0.0
aged_disability,Aged and disability care,B,Mining,Mining,0.0,0,0.0
aged_disability,Aged and disability care,C,Manufacturing,Manufacturing,0.1,261,0.0
aged_disability,Aged and disability care,D,"Electricity, Gas, Water and Waste Services","Electricity, gas, water and waste",0.0,3,0.0
aged_disability,Aged and disability care,E,Construction,Construction,0.0,109,0.0
aged_disability,Aged and disability care,F,Wholesale Trade,Wholesale trade,0.0,8,0.0
aged_disability,Aged and disability care,G,Retail Trade,Retail trade,0.1,319,0.0
aged_disability,Aged and disability care,H,Accommodation and Food Services,"Hotels, cafes and restaurants",0.2,1132,0.1
aged_disability,Aged and disability care,I,"Transport, Postal and Warehousing","Transport, post and warehousing",0.2,922,0.1
aged_disability,Aged and disability care,J,Information Media and Telecommunications,Media and telecommunications,0.0,0,0.0
aged_disability,Aged and disability care,K,Financial and Insurance Services,Finance and insurance,0.1,596,0.1
aged_disability,Aged and disability care,L,"Rental, Hiring and Real Estate Services","Rental, hiring and real estate",0.0,0,0.0
aged_disability,Aged and disability care,M,"Professional, Scientific and Technical Services",Professional and technical services,0.1,651,0.1
aged_disability,Aged and disability care,N,Administrative and Support Services,Admin and support services,2.6,12803,2.8
aged_disability,Aged and disability care,O,Public Administration and Safety,Government and public safety,1.6,8132,0.9
aged_disability,Aged and disability care,P,Education and Training,Education and training,0.5,2705,0.2
aged_disability,Aged and disability care,Q,Health Care and Social Assistance,Health care and social assistance,90.5,448356,19.7
aged_disability,Aged and disability care,R,Arts and Recreation Services,"Arts, sport and recreation",0.1,359,0.2
aged_disability,Aged and disability care,S,Other Services,"Repairs, personal and other services",1.1,5229,1.0
aged_disability,Aged and disability care,,Not published (small numbers),Not published (small numbers),2.8,13928,
child_care,Child care,A,"Agriculture, Forestry and Fishing","Farming, forestry and fishing",0.1,98,0.0
child_care,Child care,B,Mining,Mining,0.0,16,0.0
child_care,Child care,C,Manufacturing,Manufacturing,0.0,72,0.0
child_care,Child care,D,"Electricity, Gas, Water and Waste Services","Electricity, gas, water and waste",0.0,0,0.0
child_care,Child care,E,Construction,Construction,0.0,74,0.0
child_care,Child care,F,Wholesale Trade,Wholesale trade,0.0,16,0.0
child_care,Child care,G,Retail Trade,Retail trade,0.1,234,0.0
child_care,Child care,H,Accommodation and Food Services,"Hotels, cafes and restaurants",0.2,435,0.0
child_care,Child care,I,"Transport, Postal and Warehousing","Transport, post and warehousing",0.0,37,0.0
child_care,Child care,J,Information Media and Telecommunications,Media and telecommunications,0.0,8,0.0
child_care,Child care,K,Financial and Insurance Services,Finance and insurance,0.0,41,0.0
child_care,Child care,L,"Rental, Hiring and Real Estate Services","Rental, hiring and real estate",0.0,41,0.0
child_care,Child care,M,"Professional, Scientific and Technical Services",Professional and technical services,0.1,202,0.0
child_care,Child care,N,Administrative and Support Services,Admin and support services,0.7,1405,0.3
child_care,Child care,O,Public Administration and Safety,Government and public safety,2.1,3986,0.4
child_care,Child care,P,Education and Training,Education and training,36.0,69349,5.3
child_care,Child care,Q,Health Care and Social Assistance,Health care and social assistance,53.9,103674,4.5
child_care,Child care,R,Arts and Recreation Services,"Arts, sport and recreation",1.8,3426,1.4
child_care,Child care,S,Other Services,"Repairs, personal and other services",3.2,6126,1.2
child_care,Child care,,Not published (small numbers),Not published (small numbers),1.7,3232,
teaching,Teaching and education,A,"Agriculture, Forestry and Fishing","Farming, forestry and fishing",0.0,284,0.1
teaching,Teaching and education,B,Mining,Mining,0.3,3189,1.2
teaching,Teaching and education,C,Manufacturing,Manufacturing,0.3,2357,0.3
teaching,Teaching and education,D,"Electricity, Gas, Water and Waste Services","Electricity, gas, water and waste",0.1,1267,0.8
teaching,Teaching and education,E,Construction,Construction,0.1,1346,0.1
teaching,Teaching and education,F,Wholesale Trade,Wholesale trade,0.2,1408,0.4
teaching,Teaching and education,G,Retail Trade,Retail trade,0.2,2285,0.2
teaching,Teaching and education,H,Accommodation and Food Services,"Hotels, cafes and restaurants",0.2,1504,0.2
teaching,Teaching and education,I,"Transport, Postal and Warehousing","Transport, post and warehousing",0.3,2635,0.4
teaching,Teaching and education,J,Information Media and Telecommunications,Media and telecommunications,0.1,1164,0.6
teaching,Teaching and education,K,Financial and Insurance Services,Finance and insurance,0.4,3556,0.6
teaching,Teaching and education,L,"Rental, Hiring and Real Estate Services","Rental, hiring and real estate",0.0,388,0.2
teaching,Teaching and education,M,"Professional, Scientific and Technical Services",Professional and technical services,0.9,8176,0.7
teaching,Teaching and education,N,Administrative and Support Services,Admin and support services,0.5,4407,0.9
teaching,Teaching and education,O,Public Administration and Safety,Government and public safety,2.0,18959,2.0
teaching,Teaching and education,P,Education and Training,Education and training,87.9,818276,62.6
teaching,Teaching and education,Q,Health Care and Social Assistance,Health care and social assistance,4.6,42496,1.9
teaching,Teaching and education,R,Arts and Recreation Services,"Arts, sport and recreation",0.4,4121,1.7
teaching,Teaching and education,S,Other Services,"Repairs, personal and other services",0.6,5930,1.1
teaching,Teaching and education,,Not published (small numbers),Not published (small numbers),0.8,7545,
community,Community and social services,A,"Agriculture, Forestry and Fishing","Farming, forestry and fishing",0.0,80,0.0
community,Community and social services,B,Mining,Mining,0.2,453,0.2
community,Community and social services,C,Manufacturing,Manufacturing,0.1,347,0.0
community,Community and social services,D,"Electricity, Gas, Water and Waste Services","Electricity, gas, water and waste",0.1,267,0.2
community,Community and social services,E,Construction,Construction,0.3,749,0.1
community,Community and social services,F,Wholesale Trade,Wholesale trade,0.1,191,0.1
community,Community and social services,G,Retail Trade,Retail trade,0.1,374,0.0
community,Community and social services,H,Accommodation and Food Services,"Hotels, cafes and restaurants",0.3,799,0.1
community,Community and social services,I,"Transport, Postal and Warehousing","Transport, post and warehousing",0.2,533,0.1
community,Community and social services,J,Information Media and Telecommunications,Media and telecommunications,0.3,749,0.4
community,Community and social services,K,Financial and Insurance Services,Finance and insurance,0.6,1633,0.3
community,Community and social services,L,"Rental, Hiring and Real Estate Services","Rental, hiring and real estate",0.4,1003,0.4
community,Community and social services,M,"Professional, Scientific and Technical Services",Professional and technical services,4.1,10624,0.9
community,Community and social services,N,Administrative and Support Services,Admin and support services,4.7,12298,2.6
community,Community and social services,O,Public Administration and Safety,Government and public safety,14.7,38558,4.1
community,Community and social services,P,Education and Training,Education and training,9.0,23609,1.8
community,Community and social services,Q,Health Care and Social Assistance,Health care and social assistance,52.7,137767,6.0
community,Community and social services,R,Arts and Recreation Services,"Arts, sport and recreation",1.1,2862,1.2
community,Community and social services,S,Other Services,"Repairs, personal and other services",8.6,22459,4.3
community,Community and social services,,Not published (small numbers),Not published (small numbers),2.4,6289,
police_security,"Police, fire and security",A,"Agriculture, Forestry and Fishing","Farming, forestry and fishing",0.1,203,0.1
police_security,"Police, fire and security",B,Mining,Mining,0.6,1062,0.4
police_security,"Police, fire and security",C,Manufacturing,Manufacturing,0.5,818,0.1
police_security,"Police, fire and security",D,"Electricity, Gas, Water and Waste Services","Electricity, gas, water and waste",0.2,299,0.2
police_security,"Police, fire and security",E,Construction,Construction,0.9,1516,0.1
police_security,"Police, fire and security",F,Wholesale Trade,Wholesale trade,0.1,196,0.1
police_security,"Police, fire and security",G,Retail Trade,Retail trade,1.4,2420,0.2
police_security,"Police, fire and security",H,Accommodation and Food Services,"Hotels, cafes and restaurants",1.1,1897,0.2
police_security,"Police, fire and security",I,"Transport, Postal and Warehousing","Transport, post and warehousing",1.5,2718,0.4
police_security,"Police, fire and security",J,Information Media and Telecommunications,Media and telecommunications,0.2,410,0.2
police_security,"Police, fire and security",K,Financial and Insurance Services,Finance and insurance,0.4,691,0.1
police_security,"Police, fire and security",L,"Rental, Hiring and Real Estate Services","Rental, hiring and real estate",0.3,523,0.2
police_security,"Police, fire and security",M,"Professional, Scientific and Technical Services",Professional and technical services,0.5,857,0.1
police_security,"Police, fire and security",N,Administrative and Support Services,Admin and support services,0.6,1146,0.2
police_security,"Police, fire and security",O,Public Administration and Safety,Government and public safety,85.9,152550,16.3
police_security,"Police, fire and security",P,Education and Training,Education and training,0.7,1216,0.1
police_security,"Police, fire and security",Q,Health Care and Social Assistance,Health care and social assistance,2.2,3870,0.2
police_security,"Police, fire and security",R,Arts and Recreation Services,"Arts, sport and recreation",1.1,1990,0.8
police_security,"Police, fire and security",S,Other Services,"Repairs, personal and other services",0.1,200,0.0
police_security,"Police, fire and security",,Not published (small numbers),Not published (small numbers),1.7,2932,
construction,Building and construction,A,"Agriculture, Forestry and Fishing","Farming, forestry and fishing",0.3,4365,1.4
construction,Building and construction,B,Mining,Mining,2.5,31161,11.3
construction,Building and construction,C,Manufacturing,Manufacturing,3.9,48656,5.8
construction,Building and construction,D,"Electricity, Gas, Water and Waste Services","Electricity, gas, water and waste",2.5,30950,18.6
construction,Building and construction,E,Construction,Construction,68.8,860209,64.2
construction,Building and construction,F,Wholesale Trade,Wholesale trade,0.8,9591,2.6
construction,Building and construction,G,Retail Trade,Retail trade,0.8,9529,0.7
construction,Building and construction,H,Accommodation and Food Services,"Hotels, cafes and restaurants",0.3,3774,0.4
construction,Building and construction,I,"Transport, Postal and Warehousing","Transport, post and warehousing",1.4,17273,2.6
construction,Building and construction,J,Information Media and Telecommunications,Media and telecommunications,0.3,3344,1.7
construction,Building and construction,K,Financial and Insurance Services,Finance and insurance,0.2,2542,0.5
construction,Building and construction,L,"Rental, Hiring and Real Estate Services","Rental, hiring and real estate",0.5,6545,2.8
construction,Building and construction,M,"Professional, Scientific and Technical Services",Professional and technical services,6.0,75081,6.2
construction,Building and construction,N,Administrative and Support Services,Admin and support services,1.0,12569,2.7
construction,Building and construction,O,Public Administration and Safety,Government and public safety,4.0,49590,5.3
construction,Building and construction,P,Education and Training,Education and training,0.4,5019,0.4
construction,Building and construction,Q,Health Care and Social Assistance,Health care and social assistance,0.5,5857,0.3
construction,Building and construction,R,Arts and Recreation Services,"Arts, sport and recreation",0.3,3287,1.4
construction,Building and construction,S,Other Services,"Repairs, personal and other services",2.0,25343,4.8
construction,Building and construction,,Not published (small numbers),Not published (small numbers),3.7,46168,
mechanics_metal,Mechanics and metal trades,A,"Agriculture, Forestry and Fishing","Farming, forestry and fishing",1.3,5319,1.7
mechanics_metal,Mechanics and metal trades,B,Mining,Mining,9.8,39413,14.3
mechanics_metal,Mechanics and metal trades,C,Manufacturing,Manufacturing,22.2,89145,10.6
mechanics_metal,Mechanics and metal trades,D,"Electricity, Gas, Water and Waste Services","Electricity, gas, water and waste",1.3,5347,3.2
mechanics_metal,Mechanics and metal trades,E,Construction,Construction,7.5,29884,2.2
mechanics_metal,Mechanics and metal trades,F,Wholesale Trade,Wholesale trade,4.6,18427,5.0
mechanics_metal,Mechanics and metal trades,G,Retail Trade,Retail trade,5.6,22275,1.7
mechanics_metal,Mechanics and metal trades,H,Accommodation and Food Services,"Hotels, cafes and restaurants",0.1,531,0.1
mechanics_metal,Mechanics and metal trades,I,"Transport, Postal and Warehousing","Transport, post and warehousing",4.4,17447,2.6
mechanics_metal,Mechanics and metal trades,J,Information Media and Telecommunications,Media and telecommunications,0.0,65,0.0
mechanics_metal,Mechanics and metal trades,K,Financial and Insurance Services,Finance and insurance,0.0,141,0.0
mechanics_metal,Mechanics and metal trades,L,"Rental, Hiring and Real Estate Services","Rental, hiring and real estate",0.9,3806,1.6
mechanics_metal,Mechanics and metal trades,M,"Professional, Scientific and Technical Services",Professional and technical services,1.4,5560,0.5
mechanics_metal,Mechanics and metal trades,N,Administrative and Support Services,Admin and support services,0.8,3346,0.7
mechanics_metal,Mechanics and metal trades,O,Public Administration and Safety,Government and public safety,2.9,11715,1.2
mechanics_metal,Mechanics and metal trades,P,Education and Training,Education and training,0.2,618,0.0
mechanics_metal,Mechanics and metal trades,Q,Health Care and Social Assistance,Health care and social assistance,0.3,1355,0.1
mechanics_metal,Mechanics and metal trades,R,Arts and Recreation Services,"Arts, sport and recreation",0.3,1110,0.5
mechanics_metal,Mechanics and metal trades,S,Other Services,"Repairs, personal and other services",28.9,115749,22.0
mechanics_metal,Mechanics and metal trades,,Not published (small numbers),Not published (small numbers),7.4,29624,
engineering,Engineering,A,"Agriculture, Forestry and Fishing","Farming, forestry and fishing",0.2,736,0.2
engineering,Engineering,B,Mining,Mining,10.1,32363,11.8
engineering,Engineering,C,Manufacturing,Manufacturing,13.3,42414,5.0
engineering,Engineering,D,"Electricity, Gas, Water and Waste Services","Electricity, gas, water and waste",6.0,19305,11.6
engineering,Engineering,E,Construction,Construction,13.4,42658,3.2
engineering,Engineering,F,Wholesale Trade,Wholesale trade,2.2,7118,1.9
engineering,Engineering,G,Retail Trade,Retail trade,0.6,2021,0.2
engineering,Engineering,H,Accommodation and Food Services,"Hotels, cafes and restaurants",0.3,903,0.1
engineering,Engineering,I,"Transport, Postal and Warehousing","Transport, post and warehousing",3.8,12060,1.8
engineering,Engineering,J,Information Media and Telecommunications,Media and telecommunications,0.9,3033,1.5
engineering,Engineering,K,Financial and Insurance Services,Finance and insurance,0.5,1668,0.3
engineering,Engineering,L,"Rental, Hiring and Real Estate Services","Rental, hiring and real estate",0.4,1172,0.5
engineering,Engineering,M,"Professional, Scientific and Technical Services",Professional and technical services,31.3,99850,8.2
engineering,Engineering,N,Administrative and Support Services,Admin and support services,0.6,1759,0.4
engineering,Engineering,O,Public Administration and Safety,Government and public safety,7.9,25116,2.7
engineering,Engineering,P,Education and Training,Education and training,0.7,2290,0.2
engineering,Engineering,Q,Health Care and Social Assistance,Health care and social assistance,1.1,3597,0.2
engineering,Engineering,R,Arts and Recreation Services,"Arts, sport and recreation",0.2,544,0.2
engineering,Engineering,S,Other Services,"Repairs, personal and other services",1.3,4143,0.8
engineering,Engineering,,Not published (small numbers),Not published (small numbers),5.2,16640,
farming,"Farming, gardening and animals",A,"Agriculture, Forestry and Fishing","Farming, forestry and fishing",47.6,226928,72.4
farming,"Farming, gardening and animals",B,Mining,Mining,0.1,424,0.2
farming,"Farming, gardening and animals",C,Manufacturing,Manufacturing,2.1,9904,1.2
farming,"Farming, gardening and animals",D,"Electricity, Gas, Water and Waste Services","Electricity, gas, water and waste",0.2,920,0.6
farming,"Farming, gardening and animals",E,Construction,Construction,8.1,38463,2.9
farming,"Farming, gardening and animals",F,Wholesale Trade,Wholesale trade,1.2,5755,1.5
farming,"Farming, gardening and animals",G,Retail Trade,Retail trade,2.2,10699,0.8
farming,"Farming, gardening and animals",H,Accommodation and Food Services,"Hotels, cafes and restaurants",1.1,5422,0.6
farming,"Farming, gardening and animals",I,"Transport, Postal and Warehousing","Transport, post and warehousing",0.8,3802,0.6
farming,"Farming, gardening and animals",J,Information Media and Telecommunications,Media and telecommunications,0.0,0,0.0
farming,"Farming, gardening and animals",K,Financial and Insurance Services,Finance and insurance,0.0,30,0.0
farming,"Farming, gardening and animals",L,"Rental, Hiring and Real Estate Services","Rental, hiring and real estate",0.2,1000,0.4
farming,"Farming, gardening and animals",M,"Professional, Scientific and Technical Services",Professional and technical services,6.9,32905,2.7
farming,"Farming, gardening and animals",N,Administrative and Support Services,Admin and support services,12.1,57638,12.4
farming,"Farming, gardening and animals",O,Public Administration and Safety,Government and public safety,3.9,18583,2.0
farming,"Farming, gardening and animals",P,Education and Training,Education and training,2.1,9825,0.8
farming,"Farming, gardening and animals",Q,Health Care and Social Assistance,Health care and social assistance,1.2,5646,0.2
farming,"Farming, gardening and animals",R,Arts and Recreation Services,"Arts, sport and recreation",3.6,17343,7.3
farming,"Farming, gardening and animals",S,Other Services,"Repairs, personal and other services",3.7,17483,3.3
farming,"Farming, gardening and animals",,Not published (small numbers),Not published (small numbers),2.9,13990,
mining,Mining,A,"Agriculture, Forestry and Fishing","Farming, forestry and fishing",0.4,471,0.2
mining,Mining,B,Mining,Mining,62.9,67308,24.5
mining,Mining,C,Manufacturing,Manufacturing,6.5,6937,0.8
mining,Mining,D,"Electricity, Gas, Water and Waste Services","Electricity, gas, water and waste",3.8,4093,2.5
mining,Mining,E,Construction,Construction,8.4,8971,0.7
mining,Mining,F,Wholesale Trade,Wholesale trade,1.2,1263,0.3
mining,Mining,G,Retail Trade,Retail trade,0.7,749,0.1
mining,Mining,H,Accommodation and Food Services,"Hotels, cafes and restaurants",0.1,56,0.0
mining,Mining,I,"Transport, Postal and Warehousing","Transport, post and warehousing",0.8,894,0.1
mining,Mining,J,Information Media and Telecommunications,Media and telecommunications,0.0,21,0.0
mining,Mining,K,Financial and Insurance Services,Finance and insurance,0.0,29,0.0
mining,Mining,L,"Rental, Hiring and Real Estate Services","Rental, hiring and real estate",0.2,188,0.1
mining,Mining,M,"Professional, Scientific and Technical Services",Professional and technical services,7.3,7851,0.6
mining,Mining,N,Administrative and Support Services,Admin and support services,2.2,2365,0.5
mining,Mining,O,Public Administration and Safety,Government and public safety,1.8,1903,0.2
mining,Mining,P,Education and Training,Education and training,0.2,237,0.0
mining,Mining,Q,Health Care and Social Assistance,Health care and social assistance,0.0,0,0.0
mining,Mining,R,Arts and Recreation Services,"Arts, sport and recreation",0.0,0,0.0
mining,Mining,S,Other Services,"Repairs, personal and other services",0.2,180,0.0
mining,Mining,,Not published (small numbers),Not published (small numbers),3.2,3415,
manufacturing,Manufacturing and factory work,A,"Agriculture, Forestry and Fishing","Farming, forestry and fishing",2.9,13736,4.4
manufacturing,Manufacturing and factory work,B,Mining,Mining,3.5,16591,6.0
manufacturing,Manufacturing and factory work,C,Manufacturing,Manufacturing,51.2,241684,28.7
manufacturing,Manufacturing and factory work,D,"Electricity, Gas, Water and Waste Services","Electricity, gas, water and waste",1.9,8762,5.3
manufacturing,Manufacturing and factory work,E,Construction,Construction,7.4,35032,2.6
manufacturing,Manufacturing and factory work,F,Wholesale Trade,Wholesale trade,3.6,16797,4.5
manufacturing,Manufacturing and factory work,G,Retail Trade,Retail trade,4.2,19968,1.6
manufacturing,Manufacturing and factory work,H,Accommodation and Food Services,"Hotels, cafes and restaurants",0.9,4078,0.4
manufacturing,Manufacturing and factory work,I,"Transport, Postal and Warehousing","Transport, post and warehousing",2.2,10319,1.6
manufacturing,Manufacturing and factory work,J,Information Media and Telecommunications,Media and telecommunications,0.6,2602,1.3
manufacturing,Manufacturing and factory work,K,Financial and Insurance Services,Finance and insurance,0.1,701,0.1
manufacturing,Manufacturing and factory work,L,"Rental, Hiring and Real Estate Services","Rental, hiring and real estate",0.3,1550,0.7
manufacturing,Manufacturing and factory work,M,"Professional, Scientific and Technical Services",Professional and technical services,2.7,12662,1.0
manufacturing,Manufacturing and factory work,N,Administrative and Support Services,Admin and support services,2.4,11399,2.5
manufacturing,Manufacturing and factory work,O,Public Administration and Safety,Government and public safety,1.4,6554,0.7
manufacturing,Manufacturing and factory work,P,Education and Training,Education and training,0.2,1062,0.1
manufacturing,Manufacturing and factory work,Q,Health Care and Social Assistance,Health care and social assistance,4.1,19325,0.8
manufacturing,Manufacturing and factory work,R,Arts and Recreation Services,"Arts, sport and recreation",0.5,2217,0.9
manufacturing,Manufacturing and factory work,S,Other Services,"Repairs, personal and other services",2.0,9511,1.8
manufacturing,Manufacturing and factory work,,Not published (small numbers),Not published (small numbers),8.0,37873,
tech,Tech and IT,A,"Agriculture, Forestry and Fishing","Farming, forestry and fishing",0.2,1231,0.4
tech,Tech and IT,B,Mining,Mining,1.1,6864,2.5
tech,Tech and IT,C,Manufacturing,Manufacturing,3.3,20479,2.4
tech,Tech and IT,D,"Electricity, Gas, Water and Waste Services","Electricity, gas, water and waste",1.8,11278,6.8
tech,Tech and IT,E,Construction,Construction,2.0,12456,0.9
tech,Tech and IT,F,Wholesale Trade,Wholesale trade,3.3,20939,5.6
tech,Tech and IT,G,Retail Trade,Retail trade,3.0,19122,1.5
tech,Tech and IT,H,Accommodation and Food Services,"Hotels, cafes and restaurants",0.4,2427,0.3
tech,Tech and IT,I,"Transport, Postal and Warehousing","Transport, post and warehousing",2.1,13483,2.0
tech,Tech and IT,J,Information Media and Telecommunications,Media and telecommunications,9.1,57216,28.4
tech,Tech and IT,K,Financial and Insurance Services,Finance and insurance,10.6,66493,12.0
tech,Tech and IT,L,"Rental, Hiring and Real Estate Services","Rental, hiring and real estate",0.6,4062,1.8
tech,Tech and IT,M,"Professional, Scientific and Technical Services",Professional and technical services,38.0,239050,19.7
tech,Tech and IT,N,Administrative and Support Services,Admin and support services,1.7,10774,2.3
tech,Tech and IT,O,Public Administration and Safety,Government and public safety,8.6,54234,5.8
tech,Tech and IT,P,Education and Training,Education and training,5.0,31504,2.4
tech,Tech and IT,Q,Health Care and Social Assistance,Health care and social assistance,3.6,22740,1.0
tech,Tech and IT,R,Arts and Recreation Services,"Arts, sport and recreation",0.9,5570,2.3
tech,Tech and IT,S,Other Services,"Repairs, personal and other services",1.2,7364,1.4
tech,Tech and IT,,Not published (small numbers),Not published (small numbers),3.5,22274,
science,Science,A,"Agriculture, Forestry and Fishing","Farming, forestry and fishing",5.7,7092,2.3
science,Science,B,Mining,Mining,3.1,3896,1.4
science,Science,C,Manufacturing,Manufacturing,10.2,12714,1.5
science,Science,D,"Electricity, Gas, Water and Waste Services","Electricity, gas, water and waste",2.5,3114,1.9
science,Science,E,Construction,Construction,1.7,2101,0.2
science,Science,F,Wholesale Trade,Wholesale trade,2.6,3269,0.9
science,Science,G,Retail Trade,Retail trade,1.6,1978,0.2
science,Science,H,Accommodation and Food Services,"Hotels, cafes and restaurants",0.6,800,0.1
science,Science,I,"Transport, Postal and Warehousing","Transport, post and warehousing",0.7,922,0.1
science,Science,J,Information Media and Telecommunications,Media and telecommunications,0.3,378,0.2
science,Science,K,Financial and Insurance Services,Finance and insurance,0.9,1170,0.2
science,Science,L,"Rental, Hiring and Real Estate Services","Rental, hiring and real estate",0.5,650,0.3
science,Science,M,"Professional, Scientific and Technical Services",Professional and technical services,21.5,26832,2.2
science,Science,N,Administrative and Support Services,Admin and support services,0.7,931,0.2
science,Science,O,Public Administration and Safety,Government and public safety,14.3,17800,1.9
science,Science,P,Education and Training,Education and training,10.0,12438,1.0
science,Science,Q,Health Care and Social Assistance,Health care and social assistance,10.2,12714,0.6
science,Science,R,Arts and Recreation Services,"Arts, sport and recreation",4.0,4977,2.1
science,Science,S,Other Services,"Repairs, personal and other services",1.6,1987,0.4
science,Science,,Not published (small numbers),Not published (small numbers),7.1,8853,
hospitality,Hospitality and food,A,"Agriculture, Forestry and Fishing","Farming, forestry and fishing",0.1,1208,0.4
hospitality,Hospitality and food,B,Mining,Mining,0.1,817,0.3
hospitality,Hospitality and food,C,Manufacturing,Manufacturing,4.6,38481,4.6
hospitality,Hospitality and food,D,"Electricity, Gas, Water and Waste Services","Electricity, gas, water and waste",0.0,188,0.1
hospitality,Hospitality and food,E,Construction,Construction,0.2,2078,0.2
hospitality,Hospitality and food,F,Wholesale Trade,Wholesale trade,0.5,3897,1.0
hospitality,Hospitality and food,G,Retail Trade,Retail trade,6.1,51435,4.0
hospitality,Hospitality and food,H,Accommodation and Food Services,"Hotels, cafes and restaurants",73.8,619482,63.8
hospitality,Hospitality and food,I,"Transport, Postal and Warehousing","Transport, post and warehousing",0.3,2664,0.4
hospitality,Hospitality and food,J,Information Media and Telecommunications,Media and telecommunications,0.1,948,0.5
hospitality,Hospitality and food,K,Financial and Insurance Services,Finance and insurance,0.1,844,0.2
hospitality,Hospitality and food,L,"Rental, Hiring and Real Estate Services","Rental, hiring and real estate",0.3,2296,1.0
hospitality,Hospitality and food,M,"Professional, Scientific and Technical Services",Professional and technical services,0.1,1155,0.1
hospitality,Hospitality and food,N,Administrative and Support Services,Admin and support services,0.9,7316,1.6
hospitality,Hospitality and food,O,Public Administration and Safety,Government and public safety,0.4,3256,0.3
hospitality,Hospitality and food,P,Education and Training,Education and training,1.1,9211,0.7
hospitality,Hospitality and food,Q,Health Care and Social Assistance,Health care and social assistance,5.8,48740,2.1
hospitality,Hospitality and food,R,Arts and Recreation Services,"Arts, sport and recreation",2.5,20948,8.8
hospitality,Hospitality and food,S,Other Services,"Repairs, personal and other services",0.4,3600,0.7
hospitality,Hospitality and food,,Not published (small numbers),Not published (small numbers),2.5,21218,
transport,Transport and logistics,A,"Agriculture, Forestry and Fishing","Farming, forestry and fishing",1.3,11709,3.7
transport,Transport and logistics,B,Mining,Mining,2.1,19028,6.9
transport,Transport and logistics,C,Manufacturing,Manufacturing,7.8,69199,8.2
transport,Transport and logistics,D,"Electricity, Gas, Water and Waste Services","Electricity, gas, water and waste",2.0,17918,10.8
transport,Transport and logistics,E,Construction,Construction,4.3,37986,2.8
transport,Transport and logistics,F,Wholesale Trade,Wholesale trade,7.3,65035,17.5
transport,Transport and logistics,G,Retail Trade,Retail trade,8.6,76993,6.0
transport,Transport and logistics,H,Accommodation and Food Services,"Hotels, cafes and restaurants",2.6,23487,2.4
transport,Transport and logistics,I,"Transport, Postal and Warehousing","Transport, post and warehousing",47.7,424955,63.9
transport,Transport and logistics,J,Information Media and Telecommunications,Media and telecommunications,0.4,3413,1.7
transport,Transport and logistics,K,Financial and Insurance Services,Finance and insurance,0.2,1857,0.3
transport,Transport and logistics,L,"Rental, Hiring and Real Estate Services","Rental, hiring and real estate",0.8,7259,3.1
transport,Transport and logistics,M,"Professional, Scientific and Technical Services",Professional and technical services,0.8,7411,0.6
transport,Transport and logistics,N,Administrative and Support Services,Admin and support services,1.9,16657,3.6
transport,Transport and logistics,O,Public Administration and Safety,Government and public safety,2.6,23364,2.5
transport,Transport and logistics,P,Education and Training,Education and training,0.6,4966,0.4
transport,Transport and logistics,Q,Health Care and Social Assistance,Health care and social assistance,1.6,13826,0.6
transport,Transport and logistics,R,Arts and Recreation Services,"Arts, sport and recreation",0.2,1343,0.6
transport,Transport and logistics,S,Other Services,"Repairs, personal and other services",0.9,7925,1.5
transport,Transport and logistics,,Not published (small numbers),Not published (small numbers),6.4,57417,
retail,Retail and sales,A,"Agriculture, Forestry and Fishing","Farming, forestry and fishing",0.5,7424,2.4
retail,Retail and sales,B,Mining,Mining,0.1,1246,0.5
retail,Retail and sales,C,Manufacturing,Manufacturing,3.5,52764,6.3
retail,Retail and sales,D,"Electricity, Gas, Water and Waste Services","Electricity, gas, water and waste",0.4,5360,3.2
retail,Retail and sales,E,Construction,Construction,1.3,19143,1.4
retail,Retail and sales,F,Wholesale Trade,Wholesale trade,5.7,86272,23.2
retail,Retail and sales,G,Retail Trade,Retail trade,54.6,833430,65.4
retail,Retail and sales,H,Accommodation and Food Services,"Hotels, cafes and restaurants",12.4,189423,19.5
retail,Retail and sales,I,"Transport, Postal and Warehousing","Transport, post and warehousing",1.7,25924,3.9
retail,Retail and sales,J,Information Media and Telecommunications,Media and telecommunications,1.4,20648,10.3
retail,Retail and sales,K,Financial and Insurance Services,Finance and insurance,1.6,24827,4.5
retail,Retail and sales,L,"Rental, Hiring and Real Estate Services","Rental, hiring and real estate",6.8,103642,44.7
retail,Retail and sales,M,"Professional, Scientific and Technical Services",Professional and technical services,1.6,24929,2.1
retail,Retail and sales,N,Administrative and Support Services,Admin and support services,0.7,10727,2.3
retail,Retail and sales,O,Public Administration and Safety,Government and public safety,0.5,7411,0.8
retail,Retail and sales,P,Education and Training,Education and training,0.6,8719,0.7
retail,Retail and sales,Q,Health Care and Social Assistance,Health care and social assistance,1.2,18807,0.8
retail,Retail and sales,R,Arts and Recreation Services,"Arts, sport and recreation",1.1,16112,6.8
retail,Retail and sales,S,Other Services,"Repairs, personal and other services",1.5,22994,4.4
retail,Retail and sales,,Not published (small numbers),Not published (small numbers),3.0,46205,
business,"Business, finance and law",A,"Agriculture, Forestry and Fishing","Farming, forestry and fishing",0.7,11927,3.8
business,"Business, finance and law",B,Mining,Mining,1.7,28942,10.5
business,"Business, finance and law",C,Manufacturing,Manufacturing,5.3,93401,11.1
business,"Business, finance and law",D,"Electricity, Gas, Water and Waste Services","Electricity, gas, water and waste",1.5,26458,15.9
business,"Business, finance and law",E,Construction,Construction,4.0,70628,5.3
business,"Business, finance and law",F,Wholesale Trade,Wholesale trade,3.5,61164,16.4
business,"Business, finance and law",G,Retail Trade,Retail trade,3.9,67843,5.3
business,"Business, finance and law",H,Accommodation and Food Services,"Hotels, cafes and restaurants",1.7,29675,3.1
business,"Business, finance and law",I,"Transport, Postal and Warehousing","Transport, post and warehousing",2.3,39594,6.0
business,"Business, finance and law",J,Information Media and Telecommunications,Media and telecommunications,1.9,34169,17.0
business,"Business, finance and law",K,Financial and Insurance Services,Finance and insurance,14.5,254889,45.8
business,"Business, finance and law",L,"Rental, Hiring and Real Estate Services","Rental, hiring and real estate",2.7,46767,20.2
business,"Business, finance and law",M,"Professional, Scientific and Technical Services",Professional and technical services,24.0,421693,34.8
business,"Business, finance and law",N,Administrative and Support Services,Admin and support services,4.2,73369,15.8
business,"Business, finance and law",O,Public Administration and Safety,Government and public safety,11.4,200181,21.3
business,"Business, finance and law",P,Education and Training,Education and training,3.9,68524,5.2
business,"Business, finance and law",Q,Health Care and Social Assistance,Health care and social assistance,5.6,97787,4.3
business,"Business, finance and law",R,Arts and Recreation Services,"Arts, sport and recreation",1.6,27229,11.5
business,"Business, finance and law",S,Other Services,"Repairs, personal and other services",1.9,33352,6.3
business,"Business, finance and law",,Not published (small numbers),Not published (small numbers),3.8,66121,
office,Office and admin,A,"Agriculture, Forestry and Fishing","Farming, forestry and fishing",1.0,17172,5.5
office,Office and admin,B,Mining,Mining,1.0,17405,6.3
office,Office and admin,C,Manufacturing,Manufacturing,4.8,84803,10.1
office,Office and admin,D,"Electricity, Gas, Water and Waste Services","Electricity, gas, water and waste",1.4,24910,15.0
office,Office and admin,E,Construction,Construction,7.6,133200,9.9
office,Office and admin,F,Wholesale Trade,Wholesale trade,3.5,61350,16.5
office,Office and admin,G,Retail Trade,Retail trade,4.8,83986,6.6
office,Office and admin,H,Accommodation and Food Services,"Hotels, cafes and restaurants",2.0,35838,3.7
office,Office and admin,I,"Transport, Postal and Warehousing","Transport, post and warehousing",3.9,67908,10.2
office,Office and admin,J,Information Media and Telecommunications,Media and telecommunications,1.4,24585,12.2
office,Office and admin,K,Financial and Insurance Services,Finance and insurance,10.6,186884,33.6
office,Office and admin,L,"Rental, Hiring and Real Estate Services","Rental, hiring and real estate",2.4,42307,18.3
office,Office and admin,M,"Professional, Scientific and Technical Services",Professional and technical services,8.4,147867,12.2
office,Office and admin,N,Administrative and Support Services,Admin and support services,3.2,56019,12.0
office,Office and admin,O,Public Administration and Safety,Government and public safety,12.7,222673,23.7
office,Office and admin,P,Education and Training,Education and training,6.5,113599,8.7
office,Office and admin,Q,Health Care and Social Assistance,Health care and social assistance,16.1,282274,12.4
office,Office and admin,R,Arts and Recreation Services,"Arts, sport and recreation",1.2,21571,9.1
office,Office and admin,S,Other Services,"Repairs, personal and other services",3.4,59280,11.3
office,Office and admin,,Not published (small numbers),Not published (small numbers),4.2,73842,
arts_media,"Arts, design and media",A,"Agriculture, Forestry and Fishing","Farming, forestry and fishing",0.1,234,0.1
arts_media,"Arts, design and media",B,Mining,Mining,0.3,703,0.3
arts_media,"Arts, design and media",C,Manufacturing,Manufacturing,4.6,11629,1.4
arts_media,"Arts, design and media",D,"Electricity, Gas, Water and Waste Services","Electricity, gas, water and waste",0.2,596,0.4
arts_media,"Arts, design and media",E,Construction,Construction,2.1,5210,0.4
arts_media,"Arts, design and media",F,Wholesale Trade,Wholesale trade,1.3,3249,0.9
arts_media,"Arts, design and media",G,Retail Trade,Retail trade,4.1,10276,0.8
arts_media,"Arts, design and media",H,Accommodation and Food Services,"Hotels, cafes and restaurants",0.8,1898,0.2
arts_media,"Arts, design and media",I,"Transport, Postal and Warehousing","Transport, post and warehousing",0.4,1015,0.2
arts_media,"Arts, design and media",J,Information Media and Telecommunications,Media and telecommunications,17.7,44542,22.1
arts_media,"Arts, design and media",K,Financial and Insurance Services,Finance and insurance,1.4,3435,0.6
arts_media,"Arts, design and media",L,"Rental, Hiring and Real Estate Services","Rental, hiring and real estate",0.8,2136,0.9
arts_media,"Arts, design and media",M,"Professional, Scientific and Technical Services",Professional and technical services,27.3,68816,5.7
arts_media,"Arts, design and media",N,Administrative and Support Services,Admin and support services,1.1,2656,0.6
arts_media,"Arts, design and media",O,Public Administration and Safety,Government and public safety,5.8,14555,1.6
arts_media,"Arts, design and media",P,Education and Training,Education and training,8.5,21489,1.6
arts_media,"Arts, design and media",Q,Health Care and Social Assistance,Health care and social assistance,2.1,5246,0.2
arts_media,"Arts, design and media",R,Arts and Recreation Services,"Arts, sport and recreation",14.5,36490,15.4
arts_media,"Arts, design and media",S,Other Services,"Repairs, personal and other services",2.3,5771,1.1
arts_media,"Arts, design and media",,Not published (small numbers),Not published (small numbers),4.7,11755,
personal_services,"Sport, travel and personal services",A,"Agriculture, Forestry and Fishing","Farming, forestry and fishing",0.1,387,0.1
personal_services,"Sport, travel and personal services",B,Mining,Mining,0.1,236,0.1
personal_services,"Sport, travel and personal services",C,Manufacturing,Manufacturing,0.3,838,0.1
personal_services,"Sport, travel and personal services",D,"Electricity, Gas, Water and Waste Services","Electricity, gas, water and waste",0.0,102,0.1
personal_services,"Sport, travel and personal services",E,Construction,Construction,0.2,621,0.0
personal_services,"Sport, travel and personal services",F,Wholesale Trade,Wholesale trade,0.1,465,0.1
personal_services,"Sport, travel and personal services",G,Retail Trade,Retail trade,1.1,3687,0.3
personal_services,"Sport, travel and personal services",H,Accommodation and Food Services,"Hotels, cafes and restaurants",2.6,8760,0.9
personal_services,"Sport, travel and personal services",I,"Transport, Postal and Warehousing","Transport, post and warehousing",2.1,7039,1.1
personal_services,"Sport, travel and personal services",J,Information Media and Telecommunications,Media and telecommunications,0.8,2709,1.3
personal_services,"Sport, travel and personal services",K,Financial and Insurance Services,Finance and insurance,0.3,980,0.2
personal_services,"Sport, travel and personal services",L,"Rental, Hiring and Real Estate Services","Rental, hiring and real estate",0.4,1212,0.5
personal_services,"Sport, travel and personal services",M,"Professional, Scientific and Technical Services",Professional and technical services,0.8,2721,0.2
personal_services,"Sport, travel and personal services",N,Administrative and Support Services,Admin and support services,8.2,27452,5.9
personal_services,"Sport, travel and personal services",O,Public Administration and Safety,Government and public safety,3.5,11767,1.3
personal_services,"Sport, travel and personal services",P,Education and Training,Education and training,16.1,54047,4.1
personal_services,"Sport, travel and personal services",Q,Health Care and Social Assistance,Health care and social assistance,3.2,10561,0.5
personal_services,"Sport, travel and personal services",R,Arts and Recreation Services,"Arts, sport and recreation",17.2,57689,24.3
personal_services,"Sport, travel and personal services",S,Other Services,"Repairs, personal and other services",40.6,135955,25.9
personal_services,"Sport, travel and personal services",,Not published (small numbers),Not published (small numbers),2.3,7835,
cleaning_labouring,Cleaning and other labouring,A,"Agriculture, Forestry and Fishing","Farming, forestry and fishing",0.6,2640,0.8
cleaning_labouring,Cleaning and other labouring,B,Mining,Mining,0.8,3175,1.2
cleaning_labouring,Cleaning and other labouring,C,Manufacturing,Manufacturing,2.6,10774,1.3
cleaning_labouring,Cleaning and other labouring,D,"Electricity, Gas, Water and Waste Services","Electricity, gas, water and waste",1.2,4907,3.0
cleaning_labouring,Cleaning and other labouring,E,Construction,Construction,9.0,36775,2.7
cleaning_labouring,Cleaning and other labouring,F,Wholesale Trade,Wholesale trade,0.8,3103,0.8
cleaning_labouring,Cleaning and other labouring,G,Retail Trade,Retail trade,4.3,17693,1.4
cleaning_labouring,Cleaning and other labouring,H,Accommodation and Food Services,"Hotels, cafes and restaurants",9.3,37978,3.9
cleaning_labouring,Cleaning and other labouring,I,"Transport, Postal and Warehousing","Transport, post and warehousing",3.0,12087,1.8
cleaning_labouring,Cleaning and other labouring,J,Information Media and Telecommunications,Media and telecommunications,0.3,1248,0.6
cleaning_labouring,Cleaning and other labouring,K,Financial and Insurance Services,Finance and insurance,0.2,664,0.1
cleaning_labouring,Cleaning and other labouring,L,"Rental, Hiring and Real Estate Services","Rental, hiring and real estate",1.3,5135,2.2
cleaning_labouring,Cleaning and other labouring,M,"Professional, Scientific and Technical Services",Professional and technical services,1.0,4175,0.3
cleaning_labouring,Cleaning and other labouring,N,Administrative and Support Services,Admin and support services,31.9,130037,28.0
cleaning_labouring,Cleaning and other labouring,O,Public Administration and Safety,Government and public safety,6.4,26214,2.8
cleaning_labouring,Cleaning and other labouring,P,Education and Training,Education and training,5.3,21763,1.7
cleaning_labouring,Cleaning and other labouring,Q,Health Care and Social Assistance,Health care and social assistance,8.6,35079,1.5
cleaning_labouring,Cleaning and other labouring,R,Arts and Recreation Services,"Arts, sport and recreation",1.8,7292,3.1
cleaning_labouring,Cleaning and other labouring,S,Other Services,"Repairs, personal and other services",7.0,28631,5.4
cleaning_labouring,Cleaning and other labouring,,Not published (small numbers),Not published (small numbers),4.4,18037,
