plan,year_basis,period,nom,nom_low,nom_high,basis,source_key,status,checked_on
Government (Labor),Financial year,2025-26,295000,,,2026-27 Budget forecast or projection,bp3,Budget forecast (not law),2026-10-04
Government (Labor),Financial year,2026-27,245000,,,2026-27 Budget forecast or projection,bp3,Budget forecast; the government says its measures are designed to deliver it (not law),2026-10-04
Government (Labor),Financial year,2027-28,225000,,,2026-27 Budget forecast or projection,bp3,Budget forecast; the government says its measures are designed to deliver it (not law),2026-10-04
Government (Labor),Financial year,2028-29,225000,,,2026-27 Budget forecast or projection,bp3,Budget projection (not law),2026-10-04
Government (Labor),Financial year,2029-30,225000,,,2026-27 Budget forecast or projection,bp3,Budget projection (not law),2026-10-04
Coalition (Liberal-National),Years in government,Each year,,150000,170000,"Cap = homes completed in the previous year. ABS completions: 175,509 in 2024-25 and 173,523 in the 12 months to March 2026. Reported likely range 150,000 to 170,000 (not finalised)",abc_0514; abc_0919,"Opposition policy, not finalised",2026-10-04
One Nation,Years in government,Year 1,-127667,-255333,0,"Our illustration, not a One Nation figure: the party says net negative but gives no size. High end 0 (the smallest net-negative result). Low end -255,333 a year: the party's own 766,000 fewer temporary visa holders spread evenly over three years, if all of them leave and every other flow (permanent migrants, New Zealanders, Australians leaving and returning) adds to zero. Model runs use the midpoint, -127,667. For scale, NOM was -84,935 in 2020-21, with the borders closed, the lowest since the First World War (ABS)",on_plan; tat_0914,Our illustration from the party's own figures (the party has not stated a size),2026-10-04
One Nation,Years in government,Year 2,-127667,-255333,0,"Our illustration, not a One Nation figure: the party says net negative but gives no size. High end 0 (the smallest net-negative result). Low end -255,333 a year: the party's own 766,000 fewer temporary visa holders spread evenly over three years, if all of them leave and every other flow (permanent migrants, New Zealanders, Australians leaving and returning) adds to zero. Model runs use the midpoint, -127,667. For scale, NOM was -84,935 in 2020-21, with the borders closed, the lowest since the First World War (ABS)",on_plan; tat_0914,Our illustration from the party's own figures (the party has not stated a size),2026-10-04
One Nation,Years in government,Year 3,-127667,-255333,0,"Our illustration, not a One Nation figure: the party says net negative but gives no size. High end 0 (the smallest net-negative result). Low end -255,333 a year: the party's own 766,000 fewer temporary visa holders spread evenly over three years, if all of them leave and every other flow (permanent migrants, New Zealanders, Australians leaving and returning) adds to zero. Model runs use the midpoint, -127,667. For scale, NOM was -84,935 in 2020-21, with the borders closed, the lowest since the First World War (ABS)",on_plan; tat_0914,Our illustration from the party's own figures (the party has not stated a size),2026-10-04
One Nation,Years in government,Year 4 onward,130000,130000,230000,"130,000 cap; about 230,000 if the roughly 100,000 workers Barnaby Joyce described sit outside it (disputed: Pauline Hanson restated 130,000)",on_reset; sbs_0824,Party policy (not in government),2026-10-04
Greens,Not stated,Each year,,,,"No NOM target, so no path is modelled (the same rule as for every plan: only what a party's own figures support). Humanitarian intake 50,000 a year (20,000 now)",greens,Party policy (not in government),2026-10-04
