plan,case,place,nom_4y,population_growth_4y,population_june_2026_est,population_june_2030,working_age_people_added_via_nom_4y,homes_needed_4y,homes_completed_reference_per_year,homes_needed_per_year,homes_completed_minus_needed_per_year,people_added_per_home_completed,population_june_2030_vs_government
Government (Labor),central,AUS,920000,1322364,27994467,29316831,762674,528946,173523,132236,41287,1.91,0
Government (Labor),central,NSW,279340,328932,8684340,9013272,231571,131573,44804,32893,11911,1.84,0
Government (Labor),central,VIC,266089,377125,7173532,7550657,220586,150850,54599,37713,16886,1.73,0
Government (Labor),central,QLD,162066,301510,5760281,6061791,134352,120604,33060,30151,2909,2.28,0
Government (Labor),central,SA,52978,56902,1920039,1976941,43918,22761,14051,5690,8361,1.01,0
Government (Labor),central,WA,126900,217568,3109164,3326732,105199,87027,19963,21757,-1794,2.72,0
Government (Labor),central,TAS,9409,9997,581221,591218,7800,3999,2285,1000,1285,1.09,0
Government (Labor),central,NT,9739,11259,269943,281202,8073,4503,601,1126,-525,4.68,0
Government (Labor),central,ACT,13395,18955,490887,509842,11105,7582,4160,1896,2264,1.14,0
Coalition (Liberal-National),central,AUS,694092,1096456,27994467,29090923,575398,438582,173523,109646,63877,1.58,-225908
Coalition (Liberal-National),central,NSW,210748,260340,8684340,8944680,174708,104136,44804,26034,18770,1.45,-68593
Coalition (Liberal-National),central,VIC,200750,311786,7173532,7485318,166421,124715,54599,31179,23420,1.43,-65339
Coalition (Liberal-National),central,QLD,122271,261715,5760281,6021996,101362,104686,33060,26171,6889,1.98,-39796
Coalition (Liberal-National),central,SA,39969,43893,1920039,1963932,33134,17557,14051,4389,9662,0.78,-13009
Coalition (Liberal-National),central,WA,95739,186407,3109164,3295571,79367,74563,19963,18641,1322,2.33,-31161
Coalition (Liberal-National),central,TAS,7098,7686,581221,588907,5884,3075,2285,769,1516,0.84,-2310
Coalition (Liberal-National),central,NT,7347,8867,269943,278810,6091,3547,601,887,-286,3.69,-2391
Coalition (Liberal-National),central,ACT,10106,15666,490887,506553,8378,6266,4160,1567,2593,0.94,-3289
Coalition (Liberal-National),low,AUS,600000,1002364,27994467,28996831,497396,400946,173523,100236,73287,1.44,-320000
Coalition (Liberal-National),low,NSW,182178,231770,8684340,8916110,151025,92708,44804,23177,21627,1.29,-97162
Coalition (Liberal-National),low,VIC,173536,284572,7173532,7458104,143861,113829,54599,28457,26142,1.3,-92553
Coalition (Liberal-National),low,QLD,105695,245139,5760281,6005420,87621,98056,33060,24514,8546,1.85,-56371
Coalition (Liberal-National),low,SA,34551,38475,1920039,1958514,28642,15390,14051,3847,10204,0.68,-18427
Coalition (Liberal-National),low,WA,82761,173429,3109164,3282593,68608,69372,19963,17343,2620,2.17,-44139
Coalition (Liberal-National),low,TAS,6136,6724,581221,587945,5087,2690,2285,672,1613,0.74,-3273
Coalition (Liberal-National),low,NT,6351,7871,269943,277814,5265,3149,601,787,-186,3.27,-3387
Coalition (Liberal-National),low,ACT,8736,14296,490887,505183,7242,5718,4160,1430,2730,0.86,-4659
One Nation,central,AUS,-253001,149363,27994467,28143830,-209736,59745,173523,14936,158587,0.22,-1173001
One Nation,central,NSW,-76819,-27227,8684340,8657113,-63682,-10891,44804,-2723,47527,-0.15,-356159
One Nation,central,VIC,-73175,37861,7173532,7211393,-60661,15144,54599,3786,50813,0.17,-339264
One Nation,central,QLD,-44568,94876,5760281,5855157,-36947,37950,33060,9488,23572,0.72,-206635
One Nation,central,SA,-14569,-10645,1920039,1909394,-12078,-4258,14051,-1064,15115,-0.19,-67547
One Nation,central,WA,-34898,55770,3109164,3164934,-28930,22308,19963,5577,14386,0.7,-161798
One Nation,central,TAS,-2587,-1999,581221,579222,-2145,-800,2285,-200,2485,-0.22,-11996
One Nation,central,NT,-2678,-1158,269943,268785,-2220,-463,601,-116,717,-0.48,-12417
One Nation,central,ACT,-3684,1876,490887,492763,-3054,751,4160,188,3972,0.11,-17079
One Nation,low,AUS,-635999,-233635,27994467,27760832,-527239,-93454,173523,-23364,196886,-0.34,-1555999
One Nation,low,NSW,-193109,-143517,8684340,8540823,-160086,-57407,44804,-14352,59156,-0.8,-472449
One Nation,low,VIC,-183948,-72912,7173532,7100620,-152492,-29165,54599,-7291,61890,-0.33,-450038
One Nation,low,QLD,-112037,27407,5760281,5787688,-92878,10963,33060,2741,30319,0.21,-274103
One Nation,low,SA,-36624,-32700,1920039,1887339,-30361,-13080,14051,-3270,17321,-0.58,-89601
One Nation,low,WA,-87726,2942,3109164,3112106,-72725,1177,19963,294,19669,0.04,-214626
One Nation,low,TAS,-6504,-5916,581221,575305,-5392,-2366,2285,-592,2877,-0.65,-15913
One Nation,low,NT,-6732,-5212,269943,264731,-5581,-2085,601,-521,1122,-2.17,-16471
One Nation,low,ACT,-9260,-3700,490887,487187,-7677,-1480,4160,-370,4530,-0.22,-22656
One Nation,high,AUS,230000,632364,27994467,28626831,190668,252946,173523,63236,110287,0.91,-690000
One Nation,high,NSW,69835,119427,8684340,8803767,57893,47771,44804,11943,32861,0.67,-209505
One Nation,high,VIC,66522,177558,7173532,7351090,55147,71023,54599,17756,36843,0.81,-199567
One Nation,high,QLD,40517,179961,5760281,5940242,33588,71984,33060,17996,15064,1.36,-121550
One Nation,high,SA,13244,17168,1920039,1937207,10980,6867,14051,1717,12334,0.31,-39733
One Nation,high,WA,31725,122393,3109164,3231557,26300,48957,19963,12239,7724,1.53,-95175
One Nation,high,TAS,2352,2940,581221,584161,1950,1176,2285,294,1991,0.32,-7057
One Nation,high,NT,2435,3955,269943,273898,2018,1582,601,395,206,1.65,-7304
One Nation,high,ACT,3349,8909,490887,499796,2776,3564,4160,891,3269,0.54,-10047
Reference: latest year held flat (not a plan),central,AUS,1168548,1570912,27994467,29565379,968718,628365,173523,157091,16432,2.26,248548
Reference: latest year held flat (not a plan),central,NSW,354807,404399,8684340,9088739,294132,161760,44804,40440,4364,2.26,75467
Reference: latest year held flat (not a plan),central,VIC,337976,449012,7173532,7622544,280180,179605,54599,44901,9698,2.06,71887
Reference: latest year held flat (not a plan),central,QLD,205850,345294,5760281,6105575,170649,138118,33060,34529,-1469,2.61,43784
Reference: latest year held flat (not a plan),central,SA,67290,71214,1920039,1991253,55783,28486,14051,7121,6930,1.27,14312
Reference: latest year held flat (not a plan),central,WA,161183,251851,3109164,3361015,133620,100741,19963,25185,-5222,3.15,34283
Reference: latest year held flat (not a plan),central,TAS,11951,12539,581221,593760,9907,5015,2285,1254,1031,1.37,2542
Reference: latest year held flat (not a plan),central,NT,12370,13890,269943,283833,10254,5556,601,1389,-788,5.78,2631
Reference: latest year held flat (not a plan),central,ACT,17014,22574,490887,513461,14105,9030,4160,2257,1903,1.36,3619
